solid Created by Gmsh
facet normal 0 0 1
  outer loop
    vertex 1.948023833884666 -0.4529935348515317 0
    vertex 1.662074204729116 -0.5180444713146234 0
    vertex 1.883688727279049 -0.6720987864308626 0
  endloop
endfacet
facet normal 0 0 1
  outer loop
    vertex 0.5164808667953281 -1.6980496175369 0
    vertex 0.3526238280958234 -1.669048550890516 0
    vertex 0.3971809332914789 -1.960165122184789 0
  endloop
endfacet
facet normal 0 0 1
  outer loop
    vertex -0.7380274275386437 1.625556844929086 0
    vertex -0.8526900437979512 1.363721859318891 0
    vertex -0.5881910224584734 1.367857254836127 0
  endloop
endfacet
facet normal 0 0 1
  outer loop
    vertex 0.9418663645397368 -1.244639651295212 0
    vertex 1.005174809674331 -1.480133665444096 0
    vertex 1.167811762552546 -1.354077154638448 0
  endloop
endfacet
facet normal 0 0 1
  outer loop
    vertex 0.8308300260037765 1.819263990709035 0
    vertex 0.8058260665222143 1.560080607134605 0
    vertex 1.032794923277927 1.712698060503176 0
  endloop
endfacet
facet normal 0 -0 1
  outer loop
    vertex -0.5881910224584734 1.367857254836127 0
    vertex -0.5019345214748856 1.579295031143168 0
    vertex -0.7380274275386437 1.625556844929086 0
  endloop
endfacet
facet normal 0 0 1
  outer loop
    vertex 0.3971809332914789 -1.960165122184789 0
    vertex 0.3526238280958234 -1.669048550890516 0
    vertex 0.2261458104345578 -1.772435563177932 0
  endloop
endfacet
facet normal 0 0 1
  outer loop
    vertex 0.6180339887498844 -1.902113032590311 0
    vertex 0.5164808667953281 -1.6980496175369 0
    vertex 0.3971809332914789 -1.960165122184789 0
  endloop
endfacet
facet normal 0 0 1
  outer loop
    vertex 0.1711500169576659 -1.992663461725384 0
    vertex 0.0451304621175775 -1.773977798985899 0
    vertex -0.05711210158740562 -1.999184385656378 0
  endloop
endfacet
facet normal 0 0 1
  outer loop
    vertex -0.9006862595354443 1.12540091146891 0
    vertex -0.6808242376493475 1.160900007119857 0
    vertex -0.8526900437979512 1.363721859318891 0
  endloop
endfacet
facet normal 0 0 1
  outer loop
    vertex 1.032794923277927 1.712698060503176 0
    vertex 0.8058260665222143 1.560080607134605 0
    vertex 1.023882307287165 1.461628910677071 0
  endloop
endfacet
facet normal 0 0 1
  outer loop
    vertex 1.794796857382715 -0.882442202486446 0
    vertex 1.510743440715178 -0.853156057790487 0
    vertex 1.68250706566236 -1.0812816349112 0
  endloop
endfacet
facet normal 0 -0 1
  outer loop
    vertex 1.45278518276677 -1.067538970347309 0
    vertex 1.510743440715178 -0.853156057790487 0
    vertex 1.236842684585327 -0.9764794283264984 0
  endloop
endfacet
facet normal 0 0 1
  outer loop
    vertex 1.236842684585327 -0.9764794283264984 0
    vertex 1.510743440715178 -0.853156057790487 0
    vertex 1.317557864119761 -0.7408938608645501 0
  endloop
endfacet
facet normal 0 0 1
  outer loop
    vertex 0.9418663645397368 -1.244639651295212 0
    vertex 0.8248768951469679 -1.401759542260512 0
    vertex 1.005174809674331 -1.480133665444096 0
  endloop
endfacet
facet normal 0 0 1
  outer loop
    vertex 1.548283221278167 1.266024907617739 0
    vertex 1.432101577414466 1.038589400606106 0
    vertex 1.682507065662364 1.081281634911193 0
  endloop
endfacet
facet normal -0 0 1
  outer loop
    vertex -0.8526900437979512 1.363721859318891 0
    vertex -0.6808242376493475 1.160900007119857 0
    vertex -0.5881910224584734 1.367857254836127 0
  endloop
endfacet
facet normal 0 0 1
  outer loop
    vertex 1.548283221278161 -1.266024907617746 0
    vertex 1.307625247393897 -1.202415305935363 0
    vertex 1.393875137310581 -1.434263609517932 0
  endloop
endfacet
facet normal 0 0 1
  outer loop
    vertex 1.583195330705907 -0.1298040058485282 0
    vertex 1.497135644499338 -0.3381840483196182 0
    vertex 1.772628656916173 -0.3067654626226001 0
  endloop
endfacet
facet normal 0 0 1
  outer loop
    vertex 1.772628656916173 -0.3067654626226001 0
    vertex 1.662074204729116 -0.5180444713146234 0
    vertex 1.948023833884666 -0.4529935348515317 0
  endloop
endfacet
facet normal 0 0 1
  outer loop
    vertex 1.883688727279049 -0.6720987864308626 0
    vertex 1.662074204729116 -0.5180444713146234 0
    vertex 1.667117579608573 -0.7167263672715717 0
  endloop
endfacet
facet normal 0 0 1
  outer loop
    vertex -1.246818223246458 1.301569656558078 0
    vertex -1.411058070974534 1.153816459028763 0
    vertex -1.165506153567073 1.090257206271395 0
  endloop
endfacet
facet normal 0 0 1
  outer loop
    vertex 1.167811762552546 -1.354077154638448 0
    vertex 1.121539252125871 -1.160358500012715 0
    vertex 0.9418663645397368 -1.244639651295212 0
  endloop
endfacet
facet normal 0 -0 1
  outer loop
    vertex 1.057522602168179 1.222340526697138 0
    vertex 1.197558183748748 1.379778324381477 0
    vertex 1.023882307287165 1.461628910677071 0
  endloop
endfacet
facet normal 0 0 1
  outer loop
    vertex 1.023882307287165 1.461628910677071 0
    vertex 0.8771157324015241 1.34863782585135 0
    vertex 1.057522602168179 1.222340526697138 0
  endloop
endfacet
facet normal 0 0 1
  outer loop
    vertex 0.2969390733353038 1.51747648208577 0
    vertex 0.5478157318793256 1.528958383823205 0
    vertex 0.4338283360427421 1.7347173057386 0
  endloop
endfacet
facet normal 0 0 1
  outer loop
    vertex 0.2261458104345578 -1.772435563177932 0
    vertex 0.0451304621175775 -1.773977798985899 0
    vertex 0.1711500169576659 -1.992663461725384 0
  endloop
endfacet
facet normal 0 -0 1
  outer loop
    vertex -0.05711210158740562 -1.999184385656378 0
    vertex 0.0451304621175775 -1.773977798985899 0
    vertex -0.1707985721412827 -1.772916910637307 0
  endloop
endfacet
facet normal 0 0 1
  outer loop
    vertex 1.325380189549099 1.216422935302229 0
    vertex 1.057522602168179 1.222340526697138 0
    vertex 1.19674963242571 1.008344958477206 0
  endloop
endfacet
facet normal 0 0 1
  outer loop
    vertex -1.310453745135807 -0.92703032806829 0
    vertex -1.429089326963196 -0.7296313584446568 0
    vertex -1.522626112683605 -0.9548673446117426 0
  endloop
endfacet
facet normal 0 0 1
  outer loop
    vertex -1.411058070974534 1.153816459028763 0
    vertex -1.34804633308123 0.9806219658511494 0
    vertex -1.165506153567073 1.090257206271395 0
  endloop
endfacet
facet normal 0 0 1
  outer loop
    vertex 1.68250706566236 -1.0812816349112 0
    vertex 1.510743440715178 -0.853156057790487 0
    vertex 1.45278518276677 -1.067538970347309 0
  endloop
endfacet
facet normal 0 0 1
  outer loop
    vertex 1.667117579608573 -0.7167263672715717 0
    vertex 1.510743440715178 -0.853156057790487 0
    vertex 1.794796857382715 -0.882442202486446 0
  endloop
endfacet
facet normal 0 0 1
  outer loop
    vertex 0.4338283360427421 1.7347173057386 0
    vertex 0.2439927848814568 1.697007094060967 0
    vertex 0.2969390733353038 1.51747648208577 0
  endloop
endfacet
facet normal 0 0 1
  outer loop
    vertex -1.239439473833752 -1.306260124521614 0
    vertex -1.017703541106407 -1.271578150079276 0
    vertex -1.161481355297347 -1.101084733714629 0
  endloop
endfacet
facet normal -0 0 1
  outer loop
    vertex 1.497135644499338 -0.3381840483196182 0
    vertex 1.662074204729116 -0.5180444713146234 0
    vertex 1.772628656916173 -0.3067654626226001 0
  endloop
endfacet
facet normal -0 0 1
  outer loop
    vertex -0.5303664609193867 -1.724309890724878 0
    vertex -0.3619785797946647 -1.786434663948803 0
    vertex -0.3317288969871059 -1.593189146091976 0
  endloop
endfacet
facet normal 0 0 1
  outer loop
    vertex -0.8526900437979512 1.363721859318891 0
    vertex -1.045746348695932 1.262160391314003 0
    vertex -0.9006862595354443 1.12540091146891 0
  endloop
endfacet
facet normal 0 0 1
  outer loop
    vertex -0.3317288969871059 -1.593189146091976 0
    vertex -0.5346890295613176 -1.544056725395901 0
    vertex -0.5303664609193867 -1.724309890724878 0
  endloop
endfacet
facet normal 0 0 1
  outer loop
    vertex 1.325380189549099 1.216422935302229 0
    vertex 1.197558183748748 1.379778324381477 0
    vertex 1.057522602168179 1.222340526697138 0
  endloop
endfacet
facet normal 0 0 1
  outer loop
    vertex 1.76800206451301 0.3047704088400291 0
    vertex 1.525670897609545 0.2643199694694993 0
    vertex 1.657335746119595 0.08251326702706559 0
  endloop
endfacet
facet normal 0 0 1
  outer loop
    vertex 0.1735262675088904 -1.551105619430624 0
    vertex 0.0451304621175775 -1.773977798985899 0
    vertex 0.2261458104345578 -1.772435563177932 0
  endloop
endfacet
facet normal 0 0 1
  outer loop
    vertex 1.682507065662364 1.081281634911193 0
    vertex 1.432101577414466 1.038589400606106 0
    vertex 1.560037610531296 0.8628849010834525 0
  endloop
endfacet
facet normal -0 0 1
  outer loop
    vertex 1.325380189549099 1.216422935302229 0
    vertex 1.432101577414466 1.038589400606106 0
    vertex 1.548283221278167 1.266024907617739 0
  endloop
endfacet
facet normal 0 0 1
  outer loop
    vertex 1.45278518276677 -1.067538970347309 0
    vertex 1.307625247393897 -1.202415305935363 0
    vertex 1.548283221278161 -1.266024907617746 0
  endloop
endfacet
facet normal 0 0 1
  outer loop
    vertex 1.393875137310581 -1.434263609517932 0
    vertex 1.307625247393897 -1.202415305935363 0
    vertex 1.167811762552546 -1.354077154638448 0
  endloop
endfacet
facet normal 0 -0 1
  outer loop
    vertex -0.1707985721412827 -1.772916910637307 0
    vertex -0.07212864846696083 -1.55556085328777 0
    vertex -0.3317288969871059 -1.593189146091976 0
  endloop
endfacet
facet normal 0 -0 1
  outer loop
    vertex -1.522626112683605 -0.9548673446117426 0
    vertex -1.429089326963196 -0.7296313584446568 0
    vertex -1.648047651963743 -0.7777467104695627 0
  endloop
endfacet
facet normal 0 0 1
  outer loop
    vertex -1.45916140929054 0.2541731683421585 0
    vertex -1.583291863851894 0.4405946629919616 0
    vertex -1.665622718236559 0.2304700988450405 0
  endloop
endfacet
facet normal 0 0 1
  outer loop
    vertex -1.996738207852272 -0.1141776217255204 0
    vertex -1.780492364054491 0.0175991402022458 0
    vertex -1.99673820785227 0.114177621725551 0
  endloop
endfacet
facet normal 0 0 1
  outer loop
    vertex 1.76800206451301 0.3047704088400291 0
    vertex 1.600739421523206 0.4820524432522729 0
    vertex 1.525670897609545 0.2643199694694993 0
  endloop
endfacet
facet normal -0 0 1
  outer loop
    vertex 1.330188483231756 0.8287502362259337 0
    vertex 1.468423273775211 0.6535647757749049 0
    vertex 1.560037610531296 0.8628849010834525 0
  endloop
endfacet
facet normal 0 -0 1
  outer loop
    vertex -1.092672603255692 -1.466404383067815 0
    vertex -1.017703541106407 -1.271578150079276 0
    vertex -1.239439473833752 -1.306260124521614 0
  endloop
endfacet
facet normal 0 -0 1
  outer loop
    vertex 0.2261458104345578 -1.772435563177932 0
    vertex 0.3526238280958234 -1.669048550890516 0
    vertex 0.1735262675088904 -1.551105619430624 0
  endloop
endfacet
facet normal 0 0 1
  outer loop
    vertex 0.6319990448747693 -1.482851534123557 0
    vertex 0.6974289841896354 -1.699921178977223 0
    vertex 0.8395236719046473 -1.591074293893983 0
  endloop
endfacet
facet normal 0 0 1
  outer loop
    vertex -1.586042951744798 -0.5297373957272742 0
    vertex -1.655265278303091 -0.3126526790646272 0
    vertex -1.780979026367378 -0.4299068941956538 0
  endloop
endfacet
facet normal 0 0 1
  outer loop
    vertex 0.8308300260037765 1.819263990709035 0
    vertex 0.6472668298395915 1.70902666399915 0
    vertex 0.8058260665222143 1.560080607134605 0
  endloop
endfacet
facet normal 0 0 1
  outer loop
    vertex 0.8395236719046473 -1.591074293893983 0
    vertex 0.8248768951469679 -1.401759542260512 0
    vertex 0.6319990448747693 -1.482851534123557 0
  endloop
endfacet
facet normal 0 0 1
  outer loop
    vertex -1.484926492251057 -0.3349905506481466 0
    vertex -1.655265278303091 -0.3126526790646272 0
    vertex -1.586042951744798 -0.5297373957272742 0
  endloop
endfacet
facet normal 0 0 1
  outer loop
    vertex -1.087758981862953 1.448817544002741 0
    vertex -1.045746348695932 1.262160391314003 0
    vertex -0.8526900437979512 1.363721859318891 0
  endloop
endfacet
facet normal 0 0 1
  outer loop
    vertex 1.399417007534182 -0.5409002997507241 0
    vertex 1.662074204729116 -0.5180444713146234 0
    vertex 1.497135644499338 -0.3381840483196182 0
  endloop
endfacet
facet normal -0 0 1
  outer loop
    vertex 1.399417007534182 -0.5409002997507241 0
    vertex 1.511382019341362 -0.6739442113983912 0
    vertex 1.662074204729116 -0.5180444713146234 0
  endloop
endfacet
facet normal 0 -0 1
  outer loop
    vertex -1.797270310930448 -0.2170075174481425 0
    vertex -1.780492364054491 0.0175991402022458 0
    vertex -1.996738207852272 -0.1141776217255204 0
  endloop
endfacet
facet normal 0 -0 1
  outer loop
    vertex -1.665622718236559 0.2304700988450405 0
    vertex -1.583291863851894 0.4405946629919616 0
    vertex -1.786594749885863 0.4003254460115202 0
  endloop
endfacet
facet normal 0 0 1
  outer loop
    vertex 2 0 0
    vertex 1.801705664885694 -0.08360125955483871 0
    vertex 1.9869634706971 -0.227982819781083 0
  endloop
endfacet
facet normal 0 -0 1
  outer loop
    vertex 1.772628656916173 -0.3067654626226001 0
    vertex 1.801705664885694 -0.08360125955483871 0
    vertex 1.583195330705907 -0.1298040058485282 0
  endloop
endfacet
facet normal 0 -0 1
  outer loop
    vertex -1.165506153567073 1.090257206271395 0
    vertex -1.045746348695932 1.262160391314003 0
    vertex -1.246818223246458 1.301569656558078 0
  endloop
endfacet
facet normal 0 0 1
  outer loop
    vertex -0.1559809015925313 1.816052658687635 0
    vertex -0.2693519293487824 1.59535753103945 0
    vertex -0.06777140732755901 1.627071299706596 0
  endloop
endfacet
facet normal 0 0 1
  outer loop
    vertex 1.600739421523206 0.4820524432522729 0
    vertex 1.382381699470759 0.4433287854694586 0
    vertex 1.525670897609545 0.2643199694694993 0
  endloop
endfacet
facet normal -0 0 1
  outer loop
    vertex -0.3821555363540054 1.774126621543242 0
    vertex -0.2693519293487824 1.59535753103945 0
    vertex -0.1559809015925313 1.816052658687635 0
  endloop
endfacet
facet normal 0 0 1
  outer loop
    vertex 0.8058260665222143 1.560080607134605 0
    vertex 0.8771157324015241 1.34863782585135 0
    vertex 1.023882307287165 1.461628910677071 0
  endloop
endfacet
facet normal 0 0 1
  outer loop
    vertex -0.8526900437979512 1.363721859318891 0
    vertex -0.9463367023172614 1.569323200677283 0
    vertex -1.087758981862953 1.448817544002741 0
  endloop
endfacet
facet normal 0 0 1
  outer loop
    vertex -0.7256154107012979 -1.863728058422899 0
    vertex -0.7531116925116732 -1.630766766830049 0
    vertex -0.9333346464513635 -1.76886586199562 0
  endloop
endfacet
facet normal 0 0 1
  outer loop
    vertex 1.382381699470759 0.4433287854694586 0
    vertex 1.297024908279328 0.2303022296027518 0
    vertex 1.525670897609545 0.2643199694694993 0
  endloop
endfacet
facet normal -0 0 1
  outer loop
    vertex 1.15668954167175 0.4099572956764539 0
    vertex 1.297024908279328 0.2303022296027518 0
    vertex 1.382381699470759 0.4433287854694586 0
  endloop
endfacet
facet normal 0 0 1
  outer loop
    vertex -0.935868156755279 -1.069304342224704 0
    vertex -0.7176470157032576 -1.044518152357379 0
    vertex -0.8579874789691256 -0.8646849008331301 0
  endloop
endfacet
facet normal 0 0 1
  outer loop
    vertex 1.382381699470759 0.4433287854694586 0
    vertex 1.242832757217103 0.6211382357717854 0
    vertex 1.15668954167175 0.4099572956764539 0
  endloop
endfacet
facet normal 0 -0 1
  outer loop
    vertex -0.7977942153973954 -1.247957620035535 0
    vertex -0.7176470157032576 -1.044518152357379 0
    vertex -0.935868156755279 -1.069304342224704 0
  endloop
endfacet
facet normal -0 0 1
  outer loop
    vertex -1.083034457016438 -0.8949636997003678 0
    vertex -0.935868156755279 -1.069304342224704 0
    vertex -0.8579874789691256 -0.8646849008331301 0
  endloop
endfacet
facet normal 0 0 1
  outer loop
    vertex 1.9869634706971 -0.227982819781083 0
    vertex 1.801705664885694 -0.08360125955483871 0
    vertex 1.772628656916173 -0.3067654626226001 0
  endloop
endfacet
facet normal 0 -0 1
  outer loop
    vertex -1.219931981663775 -0.7120403007228804 0
    vertex -1.135709599191402 -0.5019894314373603 0
    vertex -1.356023412095709 -0.5277770962796461 0
  endloop
endfacet
facet normal 0 0 1
  outer loop
    vertex -0.9972646346550719 -0.6837466601464842 0
    vertex -1.135709599191402 -0.5019894314373603 0
    vertex -1.219931981663775 -0.7120403007228804 0
  endloop
endfacet
facet normal 0 0 1
  outer loop
    vertex -0.4921236785792322 -1.013962759429719 0
    vertex -0.7176470157032576 -1.044518152357379 0
    vertex -0.5786129797518967 -1.223697975368779 0
  endloop
endfacet
facet normal 0 0 1
  outer loop
    vertex -0.632015417609597 -0.8338214543365829 0
    vertex -0.7176470157032576 -1.044518152357379 0
    vertex -0.4921236785792322 -1.013962759429719 0
  endloop
endfacet
facet normal 0 0 1
  outer loop
    vertex -0.632015417609597 -0.8338214543365829 0
    vertex -0.4058123904195368 -0.8027928636843835 0
    vertex -0.5457648392974062 -0.6224200285602147 0
  endloop
endfacet
facet normal 0 0 1
  outer loop
    vertex -0.5786129797518967 -1.223697975368779 0
    vertex -0.7176470157032576 -1.044518152357379 0
    vertex -0.7977942153973954 -1.247957620035535 0
  endloop
endfacet
facet normal 0 -0 1
  outer loop
    vertex -0.4921236785792322 -1.013962759429719 0
    vertex -0.4058123904195368 -0.8027928636843835 0
    vertex -0.632015417609597 -0.8338214543365829 0
  endloop
endfacet
facet normal -0 0 1
  outer loop
    vertex -0.7718197676830795 -0.6533060259042274 0
    vertex -0.632015417609597 -0.8338214543365829 0
    vertex -0.5457648392974062 -0.6224200285602147 0
  endloop
endfacet
facet normal 0 -0 1
  outer loop
    vertex -1.135709599191402 -0.5019894314373603 0
    vertex -1.051368053717556 -0.2921190153513128 0
    vertex -1.277216885579399 -0.3228491111320893 0
  endloop
endfacet
facet normal 0 0 1
  outer loop
    vertex -1.356023412095709 -0.5277770962796461 0
    vertex -1.135709599191402 -0.5019894314373603 0
    vertex -1.277216885579399 -0.3228491111320893 0
  endloop
endfacet
facet normal -0 0 1
  outer loop
    vertex -1.191986532607808 -0.1122072458503294 0
    vertex -1.051368053717556 -0.2921190153513128 0
    vertex -0.9657478189124056 -0.0811887115278204 0
  endloop
endfacet
facet normal 0 0 1
  outer loop
    vertex -0.911816367335337 -0.4728966325600036 0
    vertex -1.051368053717556 -0.2921190153513128 0
    vertex -1.135709599191402 -0.5019894314373603 0
  endloop
endfacet
facet normal 0 0 1
  outer loop
    vertex -0.9657478189124056 -0.0811887115278204 0
    vertex -1.051368053717556 -0.2921190153513128 0
    vertex -0.8257311186789825 -0.2615829596002741 0
  endloop
endfacet
facet normal 0 0 1
  outer loop
    vertex -0.5995258363919482 -0.2305885485326001 0
    vertex -0.7395030926831913 -0.05016575619779401 0
    vertex -0.8257311186789825 -0.2615829596002741 0
  endloop
endfacet
facet normal 0 0 1
  outer loop
    vertex -1.277216885579399 -0.3228491111320893 0
    vertex -1.051368053717556 -0.2921190153513128 0
    vertex -1.191986532607808 -0.1122072458503294 0
  endloop
endfacet
facet normal 0 -0 1
  outer loop
    vertex -0.8257311186789825 -0.2615829596002741 0
    vertex -0.7395030926831913 -0.05016575619779401 0
    vertex -0.9657478189124056 -0.0811887115278204 0
  endloop
endfacet
facet normal 0 0 1
  outer loop
    vertex -0.5995258363919482 -0.2305885485326001 0
    vertex -0.8257311186789825 -0.2615829596002741 0
    vertex -0.685783318150738 -0.4420270321308109 0
  endloop
endfacet
facet normal -0 0 1
  outer loop
    vertex -0.4058123904195368 -0.8027928636843835 0
    vertex -0.2658433552939914 -0.9832156435954771 0
    vertex -0.1795786793577752 -0.7718458406724502 0
  endloop
endfacet
facet normal -0 0 1
  outer loop
    vertex -0.1470493498603229 -0.1685521203180626 0
    vertex -0.007067113117613228 -0.348971341613271 0
    vertex 0.07918939192390183 -0.1375335513550302 0
  endloop
endfacet
facet normal 0 0 1
  outer loop
    vertex -0.4921236785792322 -1.013962759429719 0
    vertex -0.2658433552939914 -0.9832156435954771 0
    vertex -0.4058123904195368 -0.8027928636843835 0
  endloop
endfacet
facet normal 0 -0 1
  outer loop
    vertex -0.0395978823248395 -0.9522660926686588 0
    vertex 0.04665909442529213 -0.7408279733369028 0
    vertex -0.1795786793577752 -0.7718458406724502 0
  endloop
endfacet
facet normal 0 0 1
  outer loop
    vertex -0.3195551108439276 -0.5914224342527006 0
    vertex -0.0933222094421863 -0.5604080924214547 0
    vertex -0.2333046514883691 -0.3799890322475482 0
  endloop
endfacet
facet normal 0 0 1
  outer loop
    vertex -0.1795786793577752 -0.7718458406724502 0
    vertex 0.04665909442529213 -0.7408279733369028 0
    vertex -0.0933222094421863 -0.5604080924214547 0
  endloop
endfacet
facet normal 0 -0 1
  outer loop
    vertex 0.04665909442529213 -0.7408279733369028 0
    vertex 0.1329154349437036 -0.5293903154165605 0
    vertex -0.0933222094421863 -0.5604080924214547 0
  endloop
endfacet
facet normal 0 0 1
  outer loop
    vertex 0.07918939192390183 -0.1375335513550302 0
    vertex -0.007067113117613228 -0.348971341613271 0
    vertex 0.2191716238354298 -0.3179527644085638 0
  endloop
endfacet
facet normal 0 0 1
  outer loop
    vertex -0.2333046514883691 -0.3799890322475482 0
    vertex -0.007067113117613228 -0.348971341613271 0
    vertex -0.1470493498603229 -0.1685521203180626 0
  endloop
endfacet
facet normal 0 0 1
  outer loop
    vertex -0.0933222094421863 -0.5604080924214547 0
    vertex 0.1329154349437036 -0.5293903154165605 0
    vertex -0.007067113117613228 -0.348971341613271 0
  endloop
endfacet
facet normal -0 0 1
  outer loop
    vertex -0.4595385462709806 -0.4110040964579788 0
    vertex -0.3195551108439276 -0.5914224342527006 0
    vertex -0.2333046514883691 -0.3799890322475482 0
  endloop
endfacet
facet normal 0 0 1
  outer loop
    vertex -0.3195551108439276 -0.5914224342527006 0
    vertex -0.4058123904195368 -0.8027928636843835 0
    vertex -0.1795786793577752 -0.7718458406724502 0
  endloop
endfacet
facet normal -0 0 1
  outer loop
    vertex -0.3195551108439276 -0.5914224342527006 0
    vertex -0.1795786793577752 -0.7718458406724502 0
    vertex -0.0933222094421863 -0.5604080924214547 0
  endloop
endfacet
facet normal 0 -0 1
  outer loop
    vertex -0.0933222094421863 -0.5604080924214547 0
    vertex -0.007067113117613228 -0.348971341613271 0
    vertex -0.2333046514883691 -0.3799890322475482 0
  endloop
endfacet
facet normal 0 0 1
  outer loop
    vertex -0.2870313898948761 0.01186722974977867 0
    vertex -0.4270137157756601 0.1922863733321294 0
    vertex -0.5132699291886827 -0.01915119609424707 0
  endloop
endfacet
facet normal 0 0 1
  outer loop
    vertex -0.5132699291886827 -0.01915119609424707 0
    vertex -0.7395030926831913 -0.05016575619779401 0
    vertex -0.5995258363919482 -0.2305885485326001 0
  endloop
endfacet
facet normal 0 -0 1
  outer loop
    vertex -0.5132699291886827 -0.01915119609424707 0
    vertex -0.4270137157756601 0.1922863733321294 0
    vertex -0.6532525563095279 0.1612677310497496 0
  endloop
endfacet
facet normal 0 0 1
  outer loop
    vertex -0.2870313898948761 0.01186722974977867 0
    vertex -0.5132699291886827 -0.01915119609424707 0
    vertex -0.3732869149920913 -0.1995698419355011 0
  endloop
endfacet
facet normal 0 -0 1
  outer loop
    vertex -0.4270137157756601 0.1922863733321294 0
    vertex -0.3407572936441356 0.4037240928269831 0
    vertex -0.5669960551894847 0.3727055074206515 0
  endloop
endfacet
facet normal 0 0 1
  outer loop
    vertex -0.6532525563095279 0.1612677310497496 0
    vertex -0.4270137157756601 0.1922863733321294 0
    vertex -0.5669960551894847 0.3727055074206515 0
  endloop
endfacet
facet normal 0 0 1
  outer loop
    vertex -0.2007750449751172 0.2233048933854775 0
    vertex -0.3407572936441356 0.4037240928269831 0
    vertex -0.4270137157756601 0.1922863733321294 0
  endloop
endfacet
facet normal 0 0 1
  outer loop
    vertex -0.2007750449751172 0.2233048933854775 0
    vertex -0.4270137157756601 0.1922863733321294 0
    vertex -0.2870313898948761 0.01186722974977867 0
  endloop
endfacet
facet normal 0 0 1
  outer loop
    vertex 1.436621802793507 0.04857784910077418 0
    vertex 1.297024908279328 0.2303022296027518 0
    vertex 1.210383066699996 0.01755928204067301 0
  endloop
endfacet
facet normal 0 -0 1
  outer loop
    vertex 1.210383066699996 0.01755928204067301 0
    vertex 1.297024908279328 0.2303022296027518 0
    vertex 1.070402441430413 0.1980701958596517 0
  endloop
endfacet
facet normal 0 0 1
  outer loop
    vertex 1.124126565720709 -0.1938784942671011 0
    vertex 0.9841440172504852 -0.0134411980392505 0
    vertex 0.8978878296461316 -0.2248970613310404 0
  endloop
endfacet
facet normal 0 0 1
  outer loop
    vertex -0.06079281636418725 0.04288567945832161 0
    vertex -0.2007750449751172 0.2233048933854775 0
    vertex -0.2870313898948761 0.01186722974977867 0
  endloop
endfacet
facet normal 0 0 1
  outer loop
    vertex 1.525670897609545 0.2643199694694993 0
    vertex 1.297024908279328 0.2303022296027518 0
    vertex 1.436621802793507 0.04857784910077418 0
  endloop
endfacet
facet normal 0 0 1
  outer loop
    vertex 1.070402441430413 0.1980701958596517 0
    vertex 0.9841440172504852 -0.0134411980392505 0
    vertex 1.210383066699996 0.01755928204067301 0
  endloop
endfacet
facet normal 0 0 1
  outer loop
    vertex 0.8441586054652718 0.1669767415469877 0
    vertex 0.6179227780503971 0.135944160253437 0
    vertex 0.7579055945403904 -0.04447785208467388 0
  endloop
endfacet
facet normal 0 -0 1
  outer loop
    vertex 0.8978878296461316 -0.2248970613310404 0
    vertex 0.9841440172504852 -0.0134411980392505 0
    vertex 0.7579055945403904 -0.04447785208467388 0
  endloop
endfacet
facet normal 0 0 1
  outer loop
    vertex 1.210383066699996 0.01755928204067301 0
    vertex 0.9841440172504852 -0.0134411980392505 0
    vertex 1.124126565720709 -0.1938784942671011 0
  endloop
endfacet
facet normal 0 0 1
  outer loop
    vertex 0.7579055945403904 -0.04447785208467388 0
    vertex 0.9841440172504852 -0.0134411980392505 0
    vertex 0.8441586054652718 0.1669767415469877 0
  endloop
endfacet
facet normal 0 0 1
  outer loop
    vertex 0.6179227780503971 0.135944160253437 0
    vertex 0.5316667622636492 -0.07549595166160399 0
    vertex 0.7579055945403904 -0.04447785208467388 0
  endloop
endfacet
facet normal -0 0 1
  outer loop
    vertex 0.3379588894722673 0.4967797758648069 0
    vertex 0.4779411246908211 0.3163605666749822 0
    vertex 0.5641976253253419 0.5277983427559322 0
  endloop
endfacet
facet normal 0 -0 1
  outer loop
    vertex 0.3916846247990876 0.1049227910471157 0
    vertex 0.4779411246908211 0.3163605666749822 0
    vertex 0.2517023887576648 0.2853419997386882 0
  endloop
endfacet
facet normal 0 0 1
  outer loop
    vertex 0.8441586054652718 0.1669767415469877 0
    vertex 0.704176691221975 0.3473825644337046 0
    vertex 0.6179227780503971 0.135944160253437 0
  endloop
endfacet
facet normal 0 0 1
  outer loop
    vertex 0.2517023887576648 0.2853419997386882 0
    vertex 0.4779411246908211 0.3163605666749822 0
    vertex 0.3379588894722673 0.4967797758648069 0
  endloop
endfacet
facet normal -0 0 1
  outer loop
    vertex 0.8441586054652718 0.1669767415469877 0
    vertex 0.9841440172504852 -0.0134411980392505 0
    vertex 1.070402441430413 0.1980701958596517 0
  endloop
endfacet
facet normal 0 -0 1
  outer loop
    vertex 0.6179227780503971 0.135944160253437 0
    vertex 0.704176691221975 0.3473825644337046 0
    vertex 0.4779411246908211 0.3163605666749822 0
  endloop
endfacet
facet normal -0 0 1
  outer loop
    vertex 0.3916846247990876 0.1049227910471157 0
    vertex 0.5316667622636492 -0.07549595166160399 0
    vertex 0.6179227780503971 0.135944160253437 0
  endloop
endfacet
facet normal -0 0 1
  outer loop
    vertex -0.4807395539784111 0.5841432838919826 0
    vertex -0.3407572936441356 0.4037240928269831 0
    vertex -0.2545008167599634 0.615161851761954 0
  endloop
endfacet
facet normal 0 0 1
  outer loop
    vertex 0.1654458935838908 0.07390422727697007 0
    vertex 0.3916846247990876 0.1049227910471157 0
    vertex 0.2517023887576648 0.2853419997386882 0
  endloop
endfacet
facet normal 0 0 1
  outer loop
    vertex 0.4779411246908211 0.3163605666749822 0
    vertex 0.704176691221975 0.3473825644337046 0
    vertex 0.5641976253253419 0.5277983427559322 0
  endloop
endfacet
facet normal 0 0 1
  outer loop
    vertex -0.02826208178322948 0.6461804180163426 0
    vertex -0.1145185751861772 0.4347426471697037 0
    vertex 0.11172015426338 0.465761209435188 0
  endloop
endfacet
facet normal 0 0 1
  outer loop
    vertex 0.6716490936696468 -0.2559156284158142 0
    vertex 0.5316667622636492 -0.07549595166160399 0
    vertex 0.4454103581863622 -0.2869341955927998 0
  endloop
endfacet
facet normal 0 0 1
  outer loop
    vertex -0.2545008167599634 0.615161851761954 0
    vertex -0.3407572936441356 0.4037240928269831 0
    vertex -0.1145185751861772 0.4347426471697037 0
  endloop
endfacet
facet normal 0 0 1
  outer loop
    vertex 0.3916846247990876 0.1049227910471157 0
    vertex 0.6179227780503971 0.135944160253437 0
    vertex 0.4779411246908211 0.3163605666749822 0
  endloop
endfacet
facet normal 0 0 1
  outer loop
    vertex -0.5669960551894847 0.3727055074206515 0
    vertex -0.3407572936441356 0.4037240928269831 0
    vertex -0.4807395539784111 0.5841432838919826 0
  endloop
endfacet
facet normal 0 0 1
  outer loop
    vertex 0.7579055945403904 -0.04447785208467388 0
    vertex 0.5316667622636492 -0.07549595166160399 0
    vertex 0.6716490936696468 -0.2559156284158142 0
  endloop
endfacet
facet normal 0 0 1
  outer loop
    vertex -0.02826208178322948 0.6461804180163426 0
    vertex -0.2545008167599634 0.615161851761954 0
    vertex -0.1145185751861772 0.4347426471697037 0
  endloop
endfacet
facet normal 0 0 1
  outer loop
    vertex 0.11172015426338 0.465761209435188 0
    vertex -0.1145185751861772 0.4347426471697037 0
    vertex 0.02546365858685378 0.2543234369113605 0
  endloop
endfacet
facet normal 0 -0 1
  outer loop
    vertex 0.4454103581863622 -0.2869341955927998 0
    vertex 0.5316667622636492 -0.07549595166160399 0
    vertex 0.3054281243360117 -0.106514985176889 0
  endloop
endfacet
facet normal 0 0 1
  outer loop
    vertex 0.6778850657234838 1.340089908349449 0
    vertex 0.5956623612945021 1.131393831110035 0
    vertex 0.8229671282280332 1.162111671643273 0
  endloop
endfacet
facet normal 0 0 1
  outer loop
    vertex 1.032794923277917 -1.712698060503182 0
    vertex 0.8395236719046473 -1.591074293893983 0
    vertex 0.8308300260037623 -1.819263990709042 0
  endloop
endfacet
facet normal 0 0 1
  outer loop
    vertex -0.1682443170764228 0.8265996271329319 0
    vertex -0.2545008167599634 0.615161851761954 0
    vertex -0.02826208178322948 0.6461804180163426 0
  endloop
endfacet
facet normal -0 0 1
  outer loop
    vertex -0.3944830532116179 0.7955810600430636 0
    vertex -0.2545008167599634 0.615161851761954 0
    vertex -0.1682443170764228 0.8265996271329319 0
  endloop
endfacet
facet normal 0 0 1
  outer loop
    vertex -1.297236639012039 0.6642548281846481 0
    vertex -1.073374336643121 0.6977756403696833 0
    vertex -1.216433306039918 0.8616982208004464 0
  endloop
endfacet
facet normal -0 0 1
  outer loop
    vertex 0.5956623612945021 1.131393831110035 0
    vertex 0.7365285707057231 0.9507258051867666 0
    vertex 0.8229671282280332 1.162111671643273 0
  endloop
endfacet
facet normal 0 0 1
  outer loop
    vertex 0.3971809332914789 -1.960165122184789 0
    vertex 0.2261458104345578 -1.772435563177932 0
    vertex 0.1711500169576659 -1.992663461725384 0
  endloop
endfacet
facet normal 0 0 1
  outer loop
    vertex 1.9869634706971 -0.227982819781083 0
    vertex 1.772628656916173 -0.3067654626226001 0
    vertex 1.948023833884666 -0.4529935348515317 0
  endloop
endfacet
facet normal -0 0 1
  outer loop
    vertex 0.4534420155955479 1.315769806998585 0
    vertex 0.5956623612945021 1.131393831110035 0
    vertex 0.6778850657234838 1.340089908349449 0
  endloop
endfacet
facet normal 0 0 1
  outer loop
    vertex 0.05799441904422872 0.8576181942124366 0
    vertex 0.2841413734088958 0.8887550249558556 0
    vertex 0.1442509199648881 1.069055970474817 0
  endloop
endfacet
facet normal -0 0 1
  outer loop
    vertex -1.216433306039918 0.8616982208004464 0
    vertex -1.073374336643121 0.6977756403696833 0
    vertex -0.9869427605189928 0.9139631351618976 0
  endloop
endfacet
facet normal 0 -0 1
  outer loop
    vertex 0.5104718911523957 0.9196553282769954 0
    vertex 0.5956623612945021 1.131393831110035 0
    vertex 0.3699389658067581 1.100784119720325 0
  endloop
endfacet
facet normal 0 0 1
  outer loop
    vertex 0.5104718911523957 0.9196553282769954 0
    vertex 0.7365285707057231 0.9507258051867666 0
    vertex 0.5956623612945021 1.131393831110035 0
  endloop
endfacet
facet normal 0 0 1
  outer loop
    vertex -0.534465288332267 0.9760002692822213 0
    vertex -0.6808242376493475 1.160900007119857 0
    vertex -0.7607040244253482 0.9449817022222595 0
  endloop
endfacet
facet normal 0 0 1
  outer loop
    vertex 1.032794923277927 1.712698060503176 0
    vertex 1.023882307287165 1.461628910677071 0
    vertex 1.221295759270879 1.583804491844548 0
  endloop
endfacet
facet normal -0 0 1
  outer loop
    vertex -1.741492154239549 0.9834658492912166 0
    vertex -1.522524726392394 0.9796987662522826 0
    vertex -1.618033988749889 1.175570504584954 0
  endloop
endfacet
facet normal 0 0 1
  outer loop
    vertex -0.05711210158740562 -1.999184385656378 0
    vertex -0.1707985721412827 -1.772916910637307 0
    vertex -0.2846296765465846 -1.979642883761863 0
  endloop
endfacet
facet normal -0 0 1
  outer loop
    vertex 0.1442509199648881 1.069055970474817 0
    vertex 0.2841413734088958 0.8887550249558556 0
    vertex 0.3699389658067581 1.100784119720325 0
  endloop
endfacet
facet normal 0 0 1
  outer loop
    vertex -0.1408114912124206 1.420733472487025 0
    vertex -0.2228197080715552 1.216929793242968 0
    vertex 0.004268684844605169 1.249475179714239 0
  endloop
endfacet
facet normal 0 0 1
  outer loop
    vertex -0.9869427605189928 0.9139631351618976 0
    vertex -1.073374336643121 0.6977756403696833 0
    vertex -0.846960525408886 0.7335439259152543 0
  endloop
endfacet
facet normal 0 0 1
  outer loop
    vertex 1.393875137310581 -1.434263609517932 0
    vertex 1.167811762552546 -1.354077154638448 0
    vertex 1.221295759270869 -1.583804491844556 0
  endloop
endfacet
facet normal -0 0 1
  outer loop
    vertex -1.309721467890564 1.511499148708522 0
    vertex -1.087758981862953 1.448817544002741 0
    vertex -1.128886437733532 1.650943793925552 0
  endloop
endfacet
facet normal 0 0 1
  outer loop
    vertex 1.68250706566236 -1.0812816349112 0
    vertex 1.45278518276677 -1.067538970347309 0
    vertex 1.548283221278161 -1.266024907617746 0
  endloop
endfacet
facet normal 0 0 1
  outer loop
    vertex 1.883688727279049 -0.6720987864308626 0
    vertex 1.667117579608573 -0.7167263672715717 0
    vertex 1.794796857382715 -0.882442202486446 0
  endloop
endfacet
facet normal 0 0 1
  outer loop
    vertex -0.846960525408886 0.7335439259152543 0
    vertex -1.073374336643121 0.6977756403696833 0
    vertex -0.9332170263927069 0.522106149608048 0
  endloop
endfacet
facet normal 0 0 1
  outer loop
    vertex -0.9332170263927069 0.522106149608048 0
    vertex -1.073374336643121 0.6977756403696833 0
    vertex -1.159455762486183 0.4910875825478058 0
  endloop
endfacet
facet normal 0 0 1
  outer loop
    vertex -1.165506153567073 1.090257206271395 0
    vertex -1.216433306039918 0.8616982208004464 0
    vertex -0.9869427605189928 0.9139631351618976 0
  endloop
endfacet
facet normal -0 0 1
  outer loop
    vertex -0.9333346464513419 1.768865861995631 0
    vertex -0.7380274275386437 1.625556844929086 0
    vertex -0.7256154107012767 1.863728058422907 0
  endloop
endfacet
facet normal 0 -0 1
  outer loop
    vertex 0.6504541262688677 0.7392361190348213 0
    vertex 0.7365285707057231 0.9507258051867666 0
    vertex 0.5104718911523957 0.9196553282769954 0
  endloop
endfacet
facet normal 0 -0 1
  outer loop
    vertex -0.3082265522264229 1.007018836351245 0
    vertex -0.2228197080715552 1.216929793242968 0
    vertex -0.4482087873466018 1.187438045590737 0
  endloop
endfacet
facet normal -0 0 1
  outer loop
    vertex 0.2305074209353912 1.280493746772571 0
    vertex 0.3699389658067581 1.100784119720325 0
    vertex 0.4534420155955479 1.315769806998585 0
  endloop
endfacet
facet normal 0 0 1
  outer loop
    vertex 0.3699389658067581 1.100784119720325 0
    vertex 0.5956623612945021 1.131393831110035 0
    vertex 0.4534420155955479 1.315769806998585 0
  endloop
endfacet
facet normal -0 0 1
  outer loop
    vertex -0.5084366683869688 1.934293709403916 0
    vertex -0.3821555363540054 1.774126621543242 0
    vertex -0.2846296765465656 1.979642883761866 0
  endloop
endfacet
facet normal 0 0 1
  outer loop
    vertex 0.3699389658067581 1.100784119720325 0
    vertex 0.2841413734088958 0.8887550249558556 0
    vertex 0.5104718911523957 0.9196553282769954 0
  endloop
endfacet
facet normal 0 -0 1
  outer loop
    vertex 1.264108800825783 -0.3742977035132918 0
    vertex 1.350365301810352 -0.1628599272064802 0
    vertex 1.124126565720709 -0.1938784942671011 0
  endloop
endfacet
facet normal 0 0 1
  outer loop
    vertex -0.3622480273975206 1.392021611083362 0
    vertex -0.5881910224584734 1.367857254836127 0
    vertex -0.4482087873466018 1.187438045590737 0
  endloop
endfacet
facet normal 0 0 1
  outer loop
    vertex -0.9006862595354443 1.12540091146891 0
    vertex -1.165506153567073 1.090257206271395 0
    vertex -0.9869427605189928 0.9139631351618976 0
  endloop
endfacet
facet normal 0 0 1
  outer loop
    vertex -0.1408114912124206 1.420733472487025 0
    vertex -0.3622480273975206 1.392021611083362 0
    vertex -0.2228197080715552 1.216929793242968 0
  endloop
endfacet
facet normal 0 0 1
  outer loop
    vertex -0.5786129797518967 -1.223697975368779 0
    vertex -0.6655785427058827 -1.41848124763369 0
    vertex -0.4400301044603782 -1.393903334359439 0
  endloop
endfacet
facet normal 0 0 1
  outer loop
    vertex 0.397180933291495 1.960165122184786 0
    vertex 0.4338283360427421 1.7347173057386 0
    vertex 0.6180339887498983 1.902113032590306 0
  endloop
endfacet
facet normal 0 -0 1
  outer loop
    vertex 0.1979766543176326 0.6771989850815443 0
    vertex 0.2841413734088958 0.8887550249558556 0
    vertex 0.05799441904422872 0.8576181942124366 0
  endloop
endfacet
facet normal 0 0 1
  outer loop
    vertex 0.1866408549391234 -0.9212475245549542 0
    vertex 0.1003843535956818 -1.132685300713228 0
    vertex 0.3266230897095204 -1.101666733662044 0
  endloop
endfacet
facet normal 0 0 1
  outer loop
    vertex 0.3266230897095204 -1.101666733662044 0
    vertex 0.242871650280443 -1.312273748181969 0
    vertex 0.4666053247339964 -1.282085942873656 0
  endloop
endfacet
facet normal 0 0 1
  outer loop
    vertex 1.19674963242571 1.008344958477206 0
    vertex 1.057522602168179 1.222340526697138 0
    vertex 0.9629230549363023 0.9817031949661102 0
  endloop
endfacet
facet normal 0 0 1
  outer loop
    vertex 1.057522602168179 1.222340526697138 0
    vertex 0.8229671282280332 1.162111671643273 0
    vertex 0.9629230549363023 0.9817031949661102 0
  endloop
endfacet
facet normal 0 0 1
  outer loop
    vertex 1.682507065662364 1.081281634911193 0
    vertex 1.560037610531296 0.8628849010834525 0
    vertex 1.794796857382718 0.8824422024864409 0
  endloop
endfacet
facet normal 0 -0 1
  outer loop
    vertex 0.639118326716421 -0.8592103902669833 0
    vertex 0.7253748277013625 -0.6477726139597828 0
    vertex 0.499136091702611 -0.6787911810668212 0
  endloop
endfacet
facet normal 0 0 1
  outer loop
    vertex -0.7932347912829507 0.3416869403611558 0
    vertex -0.5669960551894847 0.3727055074206515 0
    vertex -0.7069782902990828 0.5531247166683955 0
  endloop
endfacet
facet normal 0 0 1
  outer loop
    vertex -0.1258543825507187 -1.163703869008639 0
    vertex -0.2121108835657509 -1.375141644289731 0
    vertex 0.01412785253969451 -1.344123077199852 0
  endloop
endfacet
facet normal -0 0 1
  outer loop
    vertex -0.7932347912829507 0.3416869403611558 0
    vertex -0.6532525563095279 0.1612677310497496 0
    vertex -0.5669960551894847 0.3727055074206515 0
  endloop
endfacet
facet normal 0 0 1
  outer loop
    vertex -1.159455762486183 0.4910875825478058 0
    vertex -1.297236639012039 0.6642548281846481 0
    vertex -1.379148399930391 0.4651479509512423 0
  endloop
endfacet
facet normal -0 0 1
  outer loop
    vertex -1.33196876445338 0.0682120299337086 0
    vertex -1.191986532607808 -0.1122072458503294 0
    vertex -1.105730028359994 0.0992305969938878 0
  endloop
endfacet
facet normal 0 0 1
  outer loop
    vertex -0.3520931185318462 -1.194722436109013 0
    vertex -0.4400301044603782 -1.393903334359439 0
    vertex -0.2121108835657509 -1.375141644289731 0
  endloop
endfacet
facet normal 0 0 1
  outer loop
    vertex -0.3520931185318462 -1.194722436109013 0
    vertex -0.5786129797518967 -1.223697975368779 0
    vertex -0.4400301044603782 -1.393903334359439 0
  endloop
endfacet
facet normal 0 0 1
  outer loop
    vertex -0.5786129797518967 -1.223697975368779 0
    vertex -0.7977942153973954 -1.247957620035535 0
    vertex -0.6655785427058827 -1.41848124763369 0
  endloop
endfacet
facet normal 0 -0 1
  outer loop
    vertex -1.741492154239564 -0.9834658492911907 0
    vertex -1.648047651963743 -0.7777467104695627 0
    vertex -1.842247306229707 -0.7785402126347665 0
  endloop
endfacet
facet normal 0 0 1
  outer loop
    vertex -0.3082265522264229 1.007018836351245 0
    vertex -0.3944830532116179 0.7955810600430636 0
    vertex -0.1682443170764228 0.8265996271329319 0
  endloop
endfacet
facet normal 0 0 1
  outer loop
    vertex 0.8766928623542384 0.7702546860893656 0
    vertex 0.7365285707057231 0.9507258051867666 0
    vertex 0.6504541262688677 0.7392361190348213 0
  endloop
endfacet
facet normal 0 0 1
  outer loop
    vertex -0.3082265522264229 1.007018836351245 0
    vertex -0.534465288332267 0.9760002692822213 0
    vertex -0.3944830532116179 0.7955810600430636 0
  endloop
endfacet
facet normal 0 0 1
  outer loop
    vertex -0.3944830532116179 0.7955810600430636 0
    vertex -0.4807395539784111 0.5841432838919826 0
    vertex -0.2545008167599634 0.615161851761954 0
  endloop
endfacet
facet normal 0 0 1
  outer loop
    vertex 0.5528618257539201 -1.070648166582111 0
    vertex 0.7791005617809201 -1.039629599494073 0
    vertex 0.639118326716421 -0.8592103902669833 0
  endloop
endfacet
facet normal 0 0 1
  outer loop
    vertex -0.534465288332267 0.9760002692822213 0
    vertex -0.7607040244253482 0.9449817022222595 0
    vertex -0.6207217893140461 0.7645624929764651 0
  endloop
endfacet
facet normal 0 0 1
  outer loop
    vertex -0.7607040244253482 0.9449817022222595 0
    vertex -0.9006862595354443 1.12540091146891 0
    vertex -0.9869427605189928 0.9139631351618976 0
  endloop
endfacet
facet normal 0 0 1
  outer loop
    vertex -1.159455762486183 0.4910875825478058 0
    vertex -1.379148399930391 0.4651479509512423 0
    vertex -1.245712263469786 0.2796498062407541 0
  endloop
endfacet
facet normal 0 0 1
  outer loop
    vertex -1.33196876445338 0.0682120299337086 0
    vertex -1.54639518797016 0.04268541175647769 0
    vertex -1.412068688570678 -0.1384490406702225 0
  endloop
endfacet
facet normal 0 0 1
  outer loop
    vertex 0.8229671282280332 1.162111671643273 0
    vertex 0.7365285707057231 0.9507258051867666 0
    vertex 0.9629230549363023 0.9817031949661102 0
  endloop
endfacet
facet normal -0 0 1
  outer loop
    vertex -1.412068688570678 -0.1384490406702225 0
    vertex -1.277216885579399 -0.3228491111320893 0
    vertex -1.191986532607808 -0.1122072458503294 0
  endloop
endfacet
facet normal -0 0 1
  outer loop
    vertex -1.484926492251057 -0.3349905506481466 0
    vertex -1.356023412095709 -0.5277770962796461 0
    vertex -1.277216885579399 -0.3228491111320893 0
  endloop
endfacet
facet normal 0 -0 1
  outer loop
    vertex -1.970707671695389 -0.3410443852652308 0
    vertex -1.797270310930448 -0.2170075174481425 0
    vertex -1.996738207852272 -0.1141776217255204 0
  endloop
endfacet
facet normal 0 0 1
  outer loop
    vertex -0.5084366683869891 -1.93429370940391 0
    vertex -0.5303664609193867 -1.724309890724878 0
    vertex -0.7256154107012979 -1.863728058422899 0
  endloop
endfacet
facet normal 0 0 1
  outer loop
    vertex 0.3591538572061022 -0.4983719721223628 0
    vertex 0.2728973567551975 -0.7098097485968079 0
    vertex 0.499136091702611 -0.6787911810668212 0
  endloop
endfacet
facet normal 0 0 1
  outer loop
    vertex 0.8978878296461316 -0.2248970613310404 0
    vertex 0.7579055945403904 -0.04447785208467388 0
    vertex 0.6716490936696468 -0.2559156284158142 0
  endloop
endfacet
facet normal 0 -0 1
  outer loop
    vertex 0.05799441904422872 0.8576181942124366 0
    vertex 0.1442509199648881 1.069055970474817 0
    vertex -0.08198781612340075 1.03803740341826 0
  endloop
endfacet
facet normal -0 0 1
  outer loop
    vertex 0.1866408549391234 -0.9212475245549542 0
    vertex 0.3266230897095204 -1.101666733662044 0
    vertex 0.4128795908158671 -0.8902289574075921 0
  endloop
endfacet
facet normal 0 0 1
  outer loop
    vertex 0.1442509199648881 1.069055970474817 0
    vertex 0.004268684844605169 1.249475179714239 0
    vertex -0.08198781612340075 1.03803740341826 0
  endloop
endfacet
facet normal 0 0 1
  outer loop
    vertex -0.3082265522264229 1.007018836351245 0
    vertex -0.4482087873466018 1.187438045590737 0
    vertex -0.534465288332267 0.9760002692822213 0
  endloop
endfacet
facet normal 0 0 1
  outer loop
    vertex -0.4482087873466018 1.187438045590737 0
    vertex -0.6808242376493475 1.160900007119857 0
    vertex -0.534465288332267 0.9760002692822213 0
  endloop
endfacet
facet normal -0 0 1
  outer loop
    vertex -0.846960525408886 0.7335439259152543 0
    vertex -0.7069782902990828 0.5531247166683955 0
    vertex -0.6207217893140461 0.7645624929764651 0
  endloop
endfacet
facet normal -0 0 1
  outer loop
    vertex 0.1003843535956818 -1.132685300713228 0
    vertex 0.242871650280443 -1.312273748181969 0
    vertex 0.3266230897095204 -1.101666733662044 0
  endloop
endfacet
facet normal 0 -0 1
  outer loop
    vertex -0.7607040244253482 0.9449817022222595 0
    vertex -0.6808242376493475 1.160900007119857 0
    vertex -0.9006862595354443 1.12540091146891 0
  endloop
endfacet
facet normal -0 0 1
  outer loop
    vertex -0.9332170263927069 0.522106149608048 0
    vertex -0.7932347912829507 0.3416869403611558 0
    vertex -0.7069782902990828 0.5531247166683955 0
  endloop
endfacet
facet normal 0 0 1
  outer loop
    vertex -0.9332170263927069 0.522106149608048 0
    vertex -1.159455762486183 0.4910875825478058 0
    vertex -1.01947352737638 0.3106683733009467 0
  endloop
endfacet
facet normal 0 0 1
  outer loop
    vertex 0.9629230549363023 0.9817031949661102 0
    vertex 0.7365285707057231 0.9507258051867666 0
    vertex 0.8766928623542384 0.7702546860893656 0
  endloop
endfacet
facet normal -0 0 1
  outer loop
    vertex -1.245712263469786 0.2796498062407541 0
    vertex -1.105730028359994 0.0992305969938878 0
    vertex -1.01947352737638 0.3106683733009467 0
  endloop
endfacet
facet normal 0 0 1
  outer loop
    vertex -0.2228197080715552 1.216929793242968 0
    vertex -0.3622480273975206 1.392021611083362 0
    vertex -0.4482087873466018 1.187438045590737 0
  endloop
endfacet
facet normal -0 0 1
  outer loop
    vertex -0.2121108835657509 -1.375141644289731 0
    vertex -0.07212864846696083 -1.55556085328777 0
    vertex 0.01412785253969451 -1.344123077199852 0
  endloop
endfacet
facet normal 0 0 1
  outer loop
    vertex -0.3520931185318462 -1.194722436109013 0
    vertex -0.4921236785792322 -1.013962759429719 0
    vertex -0.5786129797518967 -1.223697975368779 0
  endloop
endfacet
facet normal 0 0 1
  outer loop
    vertex 0.1442509199648881 1.069055970474817 0
    vertex 0.3699389658067581 1.100784119720325 0
    vertex 0.2305074209353912 1.280493746772571 0
  endloop
endfacet
facet normal 0 0 1
  outer loop
    vertex 0.2305074209353912 1.280493746772571 0
    vertex 0.4534420155955479 1.315769806998585 0
    vertex 0.2969390733353038 1.51747648208577 0
  endloop
endfacet
facet normal 0 -0 1
  outer loop
    vertex 1.583195330705907 -0.1298040058485282 0
    vertex 1.657335746119595 0.08251326702706559 0
    vertex 1.436621802793507 0.04857784910077418 0
  endloop
endfacet
facet normal 0 0 1
  outer loop
    vertex -1.412068688570678 -0.1384490406702225 0
    vertex -1.484926492251057 -0.3349905506481466 0
    vertex -1.277216885579399 -0.3228491111320893 0
  endloop
endfacet
facet normal 0 0 1
  outer loop
    vertex 0.4666053247339964 -1.282085942873656 0
    vertex 0.242871650280443 -1.312273748181969 0
    vertex 0.3953791934773096 -1.488539148415197 0
  endloop
endfacet
facet normal 0 0 1
  outer loop
    vertex 0.499136091702611 -0.6787911810668212 0
    vertex 0.7253748277013625 -0.6477726139597828 0
    vertex 0.5853925926369085 -0.4673534047244367 0
  endloop
endfacet
facet normal 0 0 1
  outer loop
    vertex 0.1866408549391234 -0.9212475245549542 0
    vertex -0.0395978823248395 -0.9522660926686588 0
    vertex 0.1003843535956818 -1.132685300713228 0
  endloop
endfacet
facet normal -0 0 1
  outer loop
    vertex 0.3266230897095204 -1.101666733662044 0
    vertex 0.4666053247339964 -1.282085942873656 0
    vertex 0.5528618257539201 -1.070648166582111 0
  endloop
endfacet
facet normal -0 0 1
  outer loop
    vertex -0.1258543825507187 -1.163703869008639 0
    vertex 0.01412785253969451 -1.344123077199852 0
    vertex 0.1003843535956818 -1.132685300713228 0
  endloop
endfacet
facet normal -0 0 1
  outer loop
    vertex 1.03787006473626 -0.4053162705740304 0
    vertex 1.177852299842616 -0.5857354798203751 0
    vertex 1.264108800825783 -0.3742977035132918 0
  endloop
endfacet
facet normal 0 0 1
  outer loop
    vertex -0.7607040244253482 0.9449817022222595 0
    vertex -0.9869427605189928 0.9139631351618976 0
    vertex -0.846960525408886 0.7335439259152543 0
  endloop
endfacet
facet normal 0 0 1
  outer loop
    vertex -0.9332170263927069 0.522106149608048 0
    vertex -1.01947352737638 0.3106683733009467 0
    vertex -0.7932347912829507 0.3416869403611558 0
  endloop
endfacet
facet normal 0 -0 1
  outer loop
    vertex -1.159455762486183 0.4910875825478058 0
    vertex -1.073374336643121 0.6977756403696833 0
    vertex -1.297236639012039 0.6642548281846481 0
  endloop
endfacet
facet normal -0 0 1
  outer loop
    vertex 0.9303960464237769 0.3784068998821727 0
    vertex 1.070402441430413 0.1980701958596517 0
    vertex 1.15668954167175 0.4099572956764539 0
  endloop
endfacet
facet normal 0 0 1
  outer loop
    vertex -0.5881910224584734 1.367857254836127 0
    vertex -0.6808242376493475 1.160900007119857 0
    vertex -0.4482087873466018 1.187438045590737 0
  endloop
endfacet
facet normal 0 0 1
  outer loop
    vertex -1.33196876445338 0.0682120299337086 0
    vertex -1.412068688570678 -0.1384490406702225 0
    vertex -1.191986532607808 -0.1122072458503294 0
  endloop
endfacet
facet normal 0 -0 1
  outer loop
    vertex 1.350365301810352 -0.1628599272064802 0
    vertex 1.436621802793507 0.04857784910077418 0
    vertex 1.210383066699996 0.01755928204067301 0
  endloop
endfacet
facet normal 0 -0 1
  outer loop
    vertex 0.1442509199648881 1.069055970474817 0
    vertex 0.2305074209353912 1.280493746772571 0
    vertex 0.004268684844605169 1.249475179714239 0
  endloop
endfacet
facet normal 0 0 1
  outer loop
    vertex 0.2305074209353912 1.280493746772571 0
    vertex 0.07407874665000432 1.450645851755428 0
    vertex 0.004268684844605169 1.249475179714239 0
  endloop
endfacet
facet normal 0 0 1
  outer loop
    vertex 1.657335746119595 0.08251326702706559 0
    vertex 1.525670897609545 0.2643199694694993 0
    vertex 1.436621802793507 0.04857784910077418 0
  endloop
endfacet
facet normal 0 0 1
  outer loop
    vertex 1.091549687052959 -0.7929631180934282 0
    vertex 0.9984995609198859 -1.004578731967531 0
    vertex 1.236842684585327 -0.9764794283264984 0
  endloop
endfacet
facet normal 0 -0 1
  outer loop
    vertex 0.4534420155955479 1.315769806998585 0
    vertex 0.5478157318793256 1.528958383823205 0
    vertex 0.2969390733353038 1.51747648208577 0
  endloop
endfacet
facet normal 0 0 1
  outer loop
    vertex 0.6919990742454868 -1.244904335048016 0
    vertex 0.9418663645397368 -1.244639651295212 0
    vertex 0.7791005617809201 -1.039629599494073 0
  endloop
endfacet
facet normal -0 0 1
  outer loop
    vertex 0.3953791934773096 -1.488539148415197 0
    vertex 0.5164808667953281 -1.6980496175369 0
    vertex 0.6319990448747693 -1.482851534123557 0
  endloop
endfacet
facet normal 0 0 1
  outer loop
    vertex -0.3622480273975206 1.392021611083362 0
    vertex -0.5019345214748856 1.579295031143168 0
    vertex -0.5881910224584734 1.367857254836127 0
  endloop
endfacet
facet normal 0 -0 1
  outer loop
    vertex 0.8642094213200165 -0.826818083443662 0
    vertex 0.9514146048820273 -0.6158234005874061 0
    vertex 0.7253748277013625 -0.6477726139597828 0
  endloop
endfacet
facet normal 0 0 1
  outer loop
    vertex 1.948023833884667 0.4529935348515279 0
    vertex 1.76800206451301 0.3047704088400291 0
    vertex 1.9869634706971 0.2279828197810808 0
  endloop
endfacet
facet normal 0 0 1
  outer loop
    vertex -1.970707671695384 0.3410443852652611 0
    vertex -1.786594749885863 0.4003254460115202 0
    vertex -1.918985947228991 0.5634651136828712 0
  endloop
endfacet
facet normal 0 0 1
  outer loop
    vertex 0.1979766543176326 0.6771989850815443 0
    vertex -0.02826208178322948 0.6461804180163426 0
    vertex 0.11172015426338 0.465761209435188 0
  endloop
endfacet
facet normal 0 -0 1
  outer loop
    vertex 0.3379588894722673 0.4967797758648069 0
    vertex 0.4242153901674718 0.7082175519690161 0
    vertex 0.1979766543176326 0.6771989850815443 0
  endloop
endfacet
facet normal 0 0 1
  outer loop
    vertex 0.1979766543176326 0.6771989850815443 0
    vertex 0.05799441904422872 0.8576181942124366 0
    vertex -0.02826208178322948 0.6461804180163426 0
  endloop
endfacet
facet normal 0 0 1
  outer loop
    vertex 0.05799441904422872 0.8576181942124366 0
    vertex -0.1682443170764228 0.8265996271329319 0
    vertex -0.02826208178322948 0.6461804180163426 0
  endloop
endfacet
facet normal -0 0 1
  outer loop
    vertex 0.2728973567551975 -0.7098097485968079 0
    vertex 0.4128795908158671 -0.8902289574075921 0
    vertex 0.499136091702611 -0.6787911810668212 0
  endloop
endfacet
facet normal 0 0 1
  outer loop
    vertex 0.2728973567551975 -0.7098097485968079 0
    vertex 0.1866408549391234 -0.9212475245549542 0
    vertex 0.4128795908158671 -0.8902289574075921 0
  endloop
endfacet
facet normal 0 0 1
  outer loop
    vertex 0.05799441904422872 0.8576181942124366 0
    vertex -0.08198781612340075 1.03803740341826 0
    vertex -0.1682443170764228 0.8265996271329319 0
  endloop
endfacet
facet normal -0 0 1
  outer loop
    vertex 0.4128795908158671 -0.8902289574075921 0
    vertex 0.5528618257539201 -1.070648166582111 0
    vertex 0.639118326716421 -0.8592103902669833 0
  endloop
endfacet
facet normal 0 0 1
  outer loop
    vertex 0.3266230897095204 -1.101666733662044 0
    vertex 0.5528618257539201 -1.070648166582111 0
    vertex 0.4128795908158671 -0.8902289574075921 0
  endloop
endfacet
facet normal 0 0 1
  outer loop
    vertex 0.639118326716421 -0.8592103902669833 0
    vertex 0.8642094213200165 -0.826818083443662 0
    vertex 0.7253748277013625 -0.6477726139597828 0
  endloop
endfacet
facet normal 0 0 1
  outer loop
    vertex 1.350365301810352 -0.1628599272064802 0
    vertex 1.583195330705907 -0.1298040058485282 0
    vertex 1.436621802793507 0.04857784910077418 0
  endloop
endfacet
facet normal 0 -0 1
  outer loop
    vertex 0.2305074209353912 1.280493746772571 0
    vertex 0.2969390733353038 1.51747648208577 0
    vertex 0.07407874665000432 1.450645851755428 0
  endloop
endfacet
facet normal 0 -0 1
  outer loop
    vertex 0.6778850657234838 1.340089908349449 0
    vertex 0.8058260665222143 1.560080607134605 0
    vertex 0.5478157318793256 1.528958383823205 0
  endloop
endfacet
facet normal 0 0 1
  outer loop
    vertex 1.393875137310589 1.434263609517925 0
    vertex 1.325380189549099 1.216422935302229 0
    vertex 1.548283221278167 1.266024907617739 0
  endloop
endfacet
facet normal 0 0 1
  outer loop
    vertex -0.05711210158738782 1.999184385656379 0
    vertex 0.07115159821520634 1.80236499717631 0
    vertex 0.1711500169576837 1.992663461725382 0
  endloop
endfacet
facet normal 0 -0 1
  outer loop
    vertex -1.128886437733555 -1.650943793925537 0
    vertex -1.092672603255692 -1.466404383067815 0
    vertex -1.309721467890584 -1.511499148708504 0
  endloop
endfacet
facet normal 0 -0 1
  outer loop
    vertex 0.811631328638949 -0.4363348376331587 0
    vertex 0.8978878296461316 -0.2248970613310404 0
    vertex 0.6716490936696468 -0.2559156284158142 0
  endloop
endfacet
facet normal 0 0 1
  outer loop
    vertex 0.5641976253253419 0.5277983427559322 0
    vertex 0.7904363613799998 0.5588169097888956 0
    vertex 0.6504541262688677 0.7392361190348213 0
  endloop
endfacet
facet normal 0 0 1
  outer loop
    vertex -0.08198781612340075 1.03803740341826 0
    vertex -0.2228197080715552 1.216929793242968 0
    vertex -0.3082265522264229 1.007018836351245 0
  endloop
endfacet
facet normal 0 0 1
  outer loop
    vertex -0.7607040244253482 0.9449817022222595 0
    vertex -0.846960525408886 0.7335439259152543 0
    vertex -0.6207217893140461 0.7645624929764651 0
  endloop
endfacet
facet normal 0 0 1
  outer loop
    vertex 0.01412785253969451 -1.344123077199852 0
    vertex 0.242871650280443 -1.312273748181969 0
    vertex 0.1003843535956818 -1.132685300713228 0
  endloop
endfacet
facet normal 0 0 1
  outer loop
    vertex 1.03787006473626 -0.4053162705740304 0
    vertex 0.9514146048820273 -0.6158234005874061 0
    vertex 1.177852299842616 -0.5857354798203751 0
  endloop
endfacet
facet normal 0 0 1
  outer loop
    vertex -0.846960525408886 0.7335439259152543 0
    vertex -0.9332170263927069 0.522106149608048 0
    vertex -0.7069782902990828 0.5531247166683955 0
  endloop
endfacet
facet normal 0 0 1
  outer loop
    vertex -0.1258543825507187 -1.163703869008639 0
    vertex -0.3520931185318462 -1.194722436109013 0
    vertex -0.2121108835657509 -1.375141644289731 0
  endloop
endfacet
facet normal -0 0 1
  outer loop
    vertex -1.01947352737638 0.3106683733009467 0
    vertex -0.8794912966176007 0.1302491475184281 0
    vertex -0.7932347912829507 0.3416869403611558 0
  endloop
endfacet
facet normal 0 0 1
  outer loop
    vertex -1.105730028359994 0.0992305969938878 0
    vertex -0.8794912966176007 0.1302491475184281 0
    vertex -1.01947352737638 0.3106683733009467 0
  endloop
endfacet
facet normal 0 -0 1
  outer loop
    vertex 1.102773748038471 0.8013376485677619 0
    vertex 1.19674963242571 1.008344958477206 0
    vertex 0.9629230549363023 0.9817031949661102 0
  endloop
endfacet
facet normal 0 0 1
  outer loop
    vertex 1.102773748038471 0.8013376485677619 0
    vertex 1.330188483231756 0.8287502362259337 0
    vertex 1.19674963242571 1.008344958477206 0
  endloop
endfacet
facet normal 0 0 1
  outer loop
    vertex -1.297236639012039 0.6642548281846481 0
    vertex -1.519247326717469 0.6387778549263168 0
    vertex -1.379148399930391 0.4651479509512423 0
  endloop
endfacet
facet normal 0 0 1
  outer loop
    vertex -1.484926492251057 -0.3349905506481466 0
    vertex -1.586042951744798 -0.5297373957272742 0
    vertex -1.356023412095709 -0.5277770962796461 0
  endloop
endfacet
facet normal 0 -0 1
  outer loop
    vertex 0.5853925926369085 -0.4673534047244367 0
    vertex 0.6716490936696468 -0.2559156284158142 0
    vertex 0.4454103581863622 -0.2869341955927998 0
  endloop
endfacet
facet normal -0 0 1
  outer loop
    vertex 0.5853925926369085 -0.4673534047244367 0
    vertex 0.7253748277013625 -0.6477726139597828 0
    vertex 0.811631328638949 -0.4363348376331587 0
  endloop
endfacet
facet normal 0 0 1
  outer loop
    vertex 0.4128795908158671 -0.8902289574075921 0
    vertex 0.639118326716421 -0.8592103902669833 0
    vertex 0.499136091702611 -0.6787911810668212 0
  endloop
endfacet
facet normal 0 0 1
  outer loop
    vertex -0.08198781612340075 1.03803740341826 0
    vertex -0.3082265522264229 1.007018836351245 0
    vertex -0.1682443170764228 0.8265996271329319 0
  endloop
endfacet
facet normal 0 0 1
  outer loop
    vertex -0.534465288332267 0.9760002692822213 0
    vertex -0.6207217893140461 0.7645624929764651 0
    vertex -0.3944830532116179 0.7955810600430636 0
  endloop
endfacet
facet normal 0 0 1
  outer loop
    vertex -1.159455762486183 0.4910875825478058 0
    vertex -1.245712263469786 0.2796498062407541 0
    vertex -1.01947352737638 0.3106683733009467 0
  endloop
endfacet
facet normal 0 0 1
  outer loop
    vertex -1.245712263469786 0.2796498062407541 0
    vertex -1.33196876445338 0.0682120299337086 0
    vertex -1.105730028359994 0.0992305969938878 0
  endloop
endfacet
facet normal 0 0 1
  outer loop
    vertex 1.070402441430413 0.1980701958596517 0
    vertex 1.297024908279328 0.2303022296027518 0
    vertex 1.15668954167175 0.4099572956764539 0
  endloop
endfacet
facet normal 0 0 1
  outer loop
    vertex -0.3317288969871059 -1.593189146091976 0
    vertex -0.07212864846696083 -1.55556085328777 0
    vertex -0.2121108835657509 -1.375141644289731 0
  endloop
endfacet
facet normal 0 0 1
  outer loop
    vertex 0.3379588894722673 0.4967797758648069 0
    vertex 0.5641976253253419 0.5277983427559322 0
    vertex 0.4242153901674718 0.7082175519690161 0
  endloop
endfacet
facet normal 0 0 1
  outer loop
    vertex 0.4242153901674718 0.7082175519690161 0
    vertex 0.2841413734088958 0.8887550249558556 0
    vertex 0.1979766543176326 0.6771989850815443 0
  endloop
endfacet
facet normal 0 -0 1
  outer loop
    vertex 1.03787006473626 -0.4053162705740304 0
    vertex 1.124126565720709 -0.1938784942671011 0
    vertex 0.8978878296461316 -0.2248970613310404 0
  endloop
endfacet
facet normal -0 0 1
  outer loop
    vertex 0.7904363613799998 0.5588169097888956 0
    vertex 0.9303960464237769 0.3784068998821727 0
    vertex 1.016539797114668 0.5898906729161997 0
  endloop
endfacet
facet normal 0 0 1
  outer loop
    vertex 0.004268684844605169 1.249475179714239 0
    vertex -0.2228197080715552 1.216929793242968 0
    vertex -0.08198781612340075 1.03803740341826 0
  endloop
endfacet
facet normal 0 0 1
  outer loop
    vertex -0.0395978823248395 -0.9522660926686588 0
    vertex -0.1258543825507187 -1.163703869008639 0
    vertex 0.1003843535956818 -1.132685300713228 0
  endloop
endfacet
facet normal 0 0 1
  outer loop
    vertex 1.350365301810352 -0.1628599272064802 0
    vertex 1.210383066699996 0.01755928204067301 0
    vertex 1.124126565720709 -0.1938784942671011 0
  endloop
endfacet
facet normal 0 0 1
  outer loop
    vertex 0.9303960464237769 0.3784068998821727 0
    vertex 1.15668954167175 0.4099572956764539 0
    vertex 1.016539797114668 0.5898906729161997 0
  endloop
endfacet
facet normal 0 -0 1
  outer loop
    vertex -0.9657478189124056 -0.0811887115278204 0
    vertex -0.8794912966176007 0.1302491475184281 0
    vertex -1.105730028359994 0.0992305969938878 0
  endloop
endfacet
facet normal -0 0 1
  outer loop
    vertex -0.4400301044603782 -1.393903334359439 0
    vertex -0.3317288969871059 -1.593189146091976 0
    vertex -0.2121108835657509 -1.375141644289731 0
  endloop
endfacet
facet normal 0 0 1
  outer loop
    vertex 0.4534420155955479 1.315769806998585 0
    vertex 0.6778850657234838 1.340089908349449 0
    vertex 0.5478157318793256 1.528958383823205 0
  endloop
endfacet
facet normal 0 0 1
  outer loop
    vertex 0.4666053247339964 -1.282085942873656 0
    vertex 0.3953791934773096 -1.488539148415197 0
    vertex 0.6319990448747693 -1.482851534123557 0
  endloop
endfacet
facet normal 0 0 1
  outer loop
    vertex 0.3591538572061022 -0.4983719721223628 0
    vertex 0.5853925926369085 -0.4673534047244367 0
    vertex 0.4454103581863622 -0.2869341955927998 0
  endloop
endfacet
facet normal -0 0 1
  outer loop
    vertex 0.3591538572061022 -0.4983719721223628 0
    vertex 0.499136091702611 -0.6787911810668212 0
    vertex 0.5853925926369085 -0.4673534047244367 0
  endloop
endfacet
facet normal 0 -0 1
  outer loop
    vertex 0.5641976253253419 0.5277983427559322 0
    vertex 0.6504541262688677 0.7392361190348213 0
    vertex 0.4242153901674718 0.7082175519690161 0
  endloop
endfacet
facet normal 0 0 1
  outer loop
    vertex 0.6504541262688677 0.7392361190348213 0
    vertex 0.5104718911523957 0.9196553282769954 0
    vertex 0.4242153901674718 0.7082175519690161 0
  endloop
endfacet
facet normal 0 -0 1
  outer loop
    vertex 0.7904363613799998 0.5588169097888956 0
    vertex 0.8766928623542384 0.7702546860893656 0
    vertex 0.6504541262688677 0.7392361190348213 0
  endloop
endfacet
facet normal 0 -0 1
  outer loop
    vertex 0.7791005617809201 -1.039629599494073 0
    vertex 0.8642094213200165 -0.826818083443662 0
    vertex 0.639118326716421 -0.8592103902669833 0
  endloop
endfacet
facet normal 0 0 1
  outer loop
    vertex 1.102773748038471 0.8013376485677619 0
    vertex 0.9629230549363023 0.9817031949661102 0
    vertex 0.8766928623542384 0.7702546860893656 0
  endloop
endfacet
facet normal 0 0 1
  outer loop
    vertex -0.7932347912829507 0.3416869403611558 0
    vertex -0.8794912966176007 0.1302491475184281 0
    vertex -0.6532525563095279 0.1612677310497496 0
  endloop
endfacet
facet normal 0 0 1
  outer loop
    vertex 0.07407874665000432 1.450645851755428 0
    vertex -0.1408114912124206 1.420733472487025 0
    vertex 0.004268684844605169 1.249475179714239 0
  endloop
endfacet
facet normal 0 -0 1
  outer loop
    vertex -1.473482275752824 -1.352349800548024 0
    vertex -1.392662771084199 -1.138774696950447 0
    vertex -1.618033988749906 -1.175570504584931 0
  endloop
endfacet
facet normal 0 0 1
  outer loop
    vertex 0.3379588894722673 0.4967797758648069 0
    vertex 0.1979766543176326 0.6771989850815443 0
    vertex 0.11172015426338 0.465761209435188 0
  endloop
endfacet
facet normal 0 0 1
  outer loop
    vertex 0.5853925926369085 -0.4673534047244367 0
    vertex 0.811631328638949 -0.4363348376331587 0
    vertex 0.6716490936696468 -0.2559156284158142 0
  endloop
endfacet
facet normal 0 0 1
  outer loop
    vertex 0.5104718911523957 0.9196553282769954 0
    vertex 0.2841413734088958 0.8887550249558556 0
    vertex 0.4242153901674718 0.7082175519690161 0
  endloop
endfacet
facet normal 0 0 1
  outer loop
    vertex 0.811631328638949 -0.4363348376331587 0
    vertex 1.03787006473626 -0.4053162705740304 0
    vertex 0.8978878296461316 -0.2248970613310404 0
  endloop
endfacet
facet normal 0 0 1
  outer loop
    vertex 1.03787006473626 -0.4053162705740304 0
    vertex 1.264108800825783 -0.3742977035132918 0
    vertex 1.124126565720709 -0.1938784942671011 0
  endloop
endfacet
facet normal 0 -0 1
  outer loop
    vertex 1.016539797114668 0.5898906729161997 0
    vertex 1.102773748038471 0.8013376485677619 0
    vertex 0.8766928623542384 0.7702546860893656 0
  endloop
endfacet
facet normal 0 0 1
  outer loop
    vertex 0.9303960464237769 0.3784068998821727 0
    vertex 0.8441586054652718 0.1669767415469877 0
    vertex 1.070402441430413 0.1980701958596517 0
  endloop
endfacet
facet normal 0 0 1
  outer loop
    vertex 1.177852299842616 -0.5857354798203751 0
    vertex 1.091549687052959 -0.7929631180934282 0
    vertex 1.317557864119761 -0.7408938608645501 0
  endloop
endfacet
facet normal -0 0 1
  outer loop
    vertex 1.091549687052959 -0.7929631180934282 0
    vertex 1.236842684585327 -0.9764794283264984 0
    vertex 1.317557864119761 -0.7408938608645501 0
  endloop
endfacet
facet normal -0 0 1
  outer loop
    vertex 0.7791005617809201 -1.039629599494073 0
    vertex 0.9418663645397368 -1.244639651295212 0
    vertex 0.9984995609198859 -1.004578731967531 0
  endloop
endfacet
facet normal -0 0 1
  outer loop
    vertex 0.4666053247339964 -1.282085942873656 0
    vertex 0.6319990448747693 -1.482851534123557 0
    vertex 0.6919990742454868 -1.244904335048016 0
  endloop
endfacet
facet normal 0 0 1
  outer loop
    vertex 0.242871650280443 -1.312273748181969 0
    vertex 0.1735262675088904 -1.551105619430624 0
    vertex 0.3953791934773096 -1.488539148415197 0
  endloop
endfacet
facet normal 0 0 1
  outer loop
    vertex -1.379148399930391 0.4651479509512423 0
    vertex -1.45916140929054 0.2541731683421585 0
    vertex -1.245712263469786 0.2796498062407541 0
  endloop
endfacet
facet normal -0 0 1
  outer loop
    vertex 1.177852299842616 -0.5857354798203751 0
    vertex 1.317557864119761 -0.7408938608645501 0
    vertex 1.399417007534182 -0.5409002997507241 0
  endloop
endfacet
facet normal 0 0 1
  outer loop
    vertex 0.9984995609198859 -1.004578731967531 0
    vertex 0.8642094213200165 -0.826818083443662 0
    vertex 0.7791005617809201 -1.039629599494073 0
  endloop
endfacet
facet normal 0 0 1
  outer loop
    vertex 0.4666053247339964 -1.282085942873656 0
    vertex 0.6919990742454868 -1.244904335048016 0
    vertex 0.5528618257539201 -1.070648166582111 0
  endloop
endfacet
facet normal 0 -0 1
  outer loop
    vertex 0.6919990742454868 -1.244904335048016 0
    vertex 0.7791005617809201 -1.039629599494073 0
    vertex 0.5528618257539201 -1.070648166582111 0
  endloop
endfacet
facet normal 0 0 1
  outer loop
    vertex 0.7253748277013625 -0.6477726139597828 0
    vertex 0.9514146048820273 -0.6158234005874061 0
    vertex 0.811631328638949 -0.4363348376331587 0
  endloop
endfacet
facet normal 0 0 1
  outer loop
    vertex 0.7904363613799998 0.5588169097888956 0
    vertex 1.016539797114668 0.5898906729161997 0
    vertex 0.8766928623542384 0.7702546860893656 0
  endloop
endfacet
facet normal 0 0 1
  outer loop
    vertex -0.07212864846696083 -1.55556085328777 0
    vertex 0.1735262675088904 -1.551105619430624 0
    vertex 0.01412785253969451 -1.344123077199852 0
  endloop
endfacet
facet normal 0 0 1
  outer loop
    vertex 1.091549687052959 -0.7929631180934282 0
    vertex 0.9514146048820273 -0.6158234005874061 0
    vertex 0.8642094213200165 -0.826818083443662 0
  endloop
endfacet
facet normal 0 -0 1
  outer loop
    vertex -0.5669960551894847 0.3727055074206515 0
    vertex -0.4807395539784111 0.5841432838919826 0
    vertex -0.7069782902990828 0.5531247166683955 0
  endloop
endfacet
facet normal -0 0 1
  outer loop
    vertex 1.350365301810352 -0.1628599272064802 0
    vertex 1.497135644499338 -0.3381840483196182 0
    vertex 1.583195330705907 -0.1298040058485282 0
  endloop
endfacet
facet normal -0 0 1
  outer loop
    vertex 0.01412785253969451 -1.344123077199852 0
    vertex 0.1735262675088904 -1.551105619430624 0
    vertex 0.242871650280443 -1.312273748181969 0
  endloop
endfacet
facet normal 0 0 1
  outer loop
    vertex 1.091549687052959 -0.7929631180934282 0
    vertex 0.8642094213200165 -0.826818083443662 0
    vertex 0.9984995609198859 -1.004578731967531 0
  endloop
endfacet
facet normal -0 0 1
  outer loop
    vertex 0.811631328638949 -0.4363348376331587 0
    vertex 0.9514146048820273 -0.6158234005874061 0
    vertex 1.03787006473626 -0.4053162705740304 0
  endloop
endfacet
facet normal 0 0 1
  outer loop
    vertex -1.191986532607808 -0.1122072458503294 0
    vertex -0.9657478189124056 -0.0811887115278204 0
    vertex -1.105730028359994 0.0992305969938878 0
  endloop
endfacet
facet normal 0 0 1
  outer loop
    vertex 1.177852299842616 -0.5857354798203751 0
    vertex 0.9514146048820273 -0.6158234005874061 0
    vertex 1.091549687052959 -0.7929631180934282 0
  endloop
endfacet
facet normal 0 -0 1
  outer loop
    vertex 0.2517023887576648 0.2853419997386882 0
    vertex 0.3379588894722673 0.4967797758648069 0
    vertex 0.11172015426338 0.465761209435188 0
  endloop
endfacet
facet normal -0 0 1
  outer loop
    vertex -0.6207217893140461 0.7645624929764651 0
    vertex -0.4807395539784111 0.5841432838919826 0
    vertex -0.3944830532116179 0.7955810600430636 0
  endloop
endfacet
facet normal 0 0 1
  outer loop
    vertex 1.177852299842616 -0.5857354798203751 0
    vertex 1.399417007534182 -0.5409002997507241 0
    vertex 1.264108800825783 -0.3742977035132918 0
  endloop
endfacet
facet normal 0 0 1
  outer loop
    vertex -0.7069782902990828 0.5531247166683955 0
    vertex -0.4807395539784111 0.5841432838919826 0
    vertex -0.6207217893140461 0.7645624929764651 0
  endloop
endfacet
facet normal 0 0 1
  outer loop
    vertex -1.245712263469786 0.2796498062407541 0
    vertex -1.45916140929054 0.2541731683421585 0
    vertex -1.33196876445338 0.0682120299337086 0
  endloop
endfacet
facet normal -0 0 1
  outer loop
    vertex 0.2191716238354298 -0.3179527644085638 0
    vertex 0.3591538572061022 -0.4983719721223628 0
    vertex 0.4454103581863622 -0.2869341955927998 0
  endloop
endfacet
facet normal 0 -0 1
  outer loop
    vertex 1.399417007534182 -0.5409002997507241 0
    vertex 1.497135644499338 -0.3381840483196182 0
    vertex 1.264108800825783 -0.3742977035132918 0
  endloop
endfacet
facet normal 0 0 1
  outer loop
    vertex 1.264108800825783 -0.3742977035132918 0
    vertex 1.497135644499338 -0.3381840483196182 0
    vertex 1.350365301810352 -0.1628599272064802 0
  endloop
endfacet
facet normal 0 0 1
  outer loop
    vertex -1.33196876445338 0.0682120299337086 0
    vertex -1.45916140929054 0.2541731683421585 0
    vertex -1.54639518797016 0.04268541175647769 0
  endloop
endfacet
facet normal 0 0 1
  outer loop
    vertex 0.02546365858685378 0.2543234369113605 0
    vertex -0.1145185751861772 0.4347426471697037 0
    vertex -0.2007750449751172 0.2233048933854775 0
  endloop
endfacet
facet normal 0 0 1
  outer loop
    vertex 0.2517023887576648 0.2853419997386882 0
    vertex 0.11172015426338 0.465761209435188 0
    vertex 0.02546365858685378 0.2543234369113605 0
  endloop
endfacet
facet normal 0 0 1
  outer loop
    vertex 0.2191716238354298 -0.3179527644085638 0
    vertex 0.4454103581863622 -0.2869341955927998 0
    vertex 0.3054281243360117 -0.106514985176889 0
  endloop
endfacet
facet normal 0 0 1
  outer loop
    vertex 0.3054281243360117 -0.106514985176889 0
    vertex 0.5316667622636492 -0.07549595166160399 0
    vertex 0.3916846247990876 0.1049227910471157 0
  endloop
endfacet
facet normal -0 0 1
  outer loop
    vertex 0.5641976253253419 0.5277983427559322 0
    vertex 0.704176691221975 0.3473825644337046 0
    vertex 0.7904363613799998 0.5588169097888956 0
  endloop
endfacet
facet normal 0 0 1
  outer loop
    vertex 0.9303960464237769 0.3784068998821727 0
    vertex 0.704176691221975 0.3473825644337046 0
    vertex 0.8441586054652718 0.1669767415469877 0
  endloop
endfacet
facet normal 0 0 1
  outer loop
    vertex 0.02546365858685378 0.2543234369113605 0
    vertex -0.2007750449751172 0.2233048933854775 0
    vertex -0.06079281636418725 0.04288567945832161 0
  endloop
endfacet
facet normal 0 -0 1
  outer loop
    vertex 0.1654458935838908 0.07390422727697007 0
    vertex 0.2517023887576648 0.2853419997386882 0
    vertex 0.02546365858685378 0.2543234369113605 0
  endloop
endfacet
facet normal 0 -0 1
  outer loop
    vertex 0.3054281243360117 -0.106514985176889 0
    vertex 0.3916846247990876 0.1049227910471157 0
    vertex 0.1654458935838908 0.07390422727697007 0
  endloop
endfacet
facet normal -0 0 1
  outer loop
    vertex 0.07918939192390183 -0.1375335513550302 0
    vertex 0.2191716238354298 -0.3179527644085638 0
    vertex 0.3054281243360117 -0.106514985176889 0
  endloop
endfacet
facet normal 0 0 1
  outer loop
    vertex 0.7904363613799998 0.5588169097888956 0
    vertex 0.704176691221975 0.3473825644337046 0
    vertex 0.9303960464237769 0.3784068998821727 0
  endloop
endfacet
facet normal 0 0 1
  outer loop
    vertex -0.1145185751861772 0.4347426471697037 0
    vertex -0.3407572936441356 0.4037240928269831 0
    vertex -0.2007750449751172 0.2233048933854775 0
  endloop
endfacet
facet normal 0 0 1
  outer loop
    vertex 0.1654458935838908 0.07390422727697007 0
    vertex 0.02546365858685378 0.2543234369113605 0
    vertex -0.06079281636418725 0.04288567945832161 0
  endloop
endfacet
facet normal 0 0 1
  outer loop
    vertex 0.07918939192390183 -0.1375335513550302 0
    vertex 0.3054281243360117 -0.106514985176889 0
    vertex 0.1654458935838908 0.07390422727697007 0
  endloop
endfacet
facet normal 0 -0 1
  outer loop
    vertex 0.07918939192390183 -0.1375335513550302 0
    vertex 0.1654458935838908 0.07390422727697007 0
    vertex -0.06079281636418725 0.04288567945832161 0
  endloop
endfacet
facet normal 0 0 1
  outer loop
    vertex -0.1470493498603229 -0.1685521203180626 0
    vertex 0.07918939192390183 -0.1375335513550302 0
    vertex -0.06079281636418725 0.04288567945832161 0
  endloop
endfacet
facet normal 0 -0 1
  outer loop
    vertex -0.1470493498603229 -0.1685521203180626 0
    vertex -0.06079281636418725 0.04288567945832161 0
    vertex -0.2870313898948761 0.01186722974977867 0
  endloop
endfacet
facet normal 0 0 1
  outer loop
    vertex -0.1470493498603229 -0.1685521203180626 0
    vertex -0.2870313898948761 0.01186722974977867 0
    vertex -0.3732869149920913 -0.1995698419355011 0
  endloop
endfacet
facet normal 0 -0 1
  outer loop
    vertex -0.2333046514883691 -0.3799890322475482 0
    vertex -0.1470493498603229 -0.1685521203180626 0
    vertex -0.3732869149920913 -0.1995698419355011 0
  endloop
endfacet
facet normal 0 0 1
  outer loop
    vertex -0.6532525563095279 0.1612677310497496 0
    vertex -0.7395030926831913 -0.05016575619779401 0
    vertex -0.5132699291886827 -0.01915119609424707 0
  endloop
endfacet
facet normal -0 0 1
  outer loop
    vertex -0.8794912966176007 0.1302491475184281 0
    vertex -0.7395030926831913 -0.05016575619779401 0
    vertex -0.6532525563095279 0.1612677310497496 0
  endloop
endfacet
facet normal 0 0 1
  outer loop
    vertex -0.4595385462709806 -0.4110040964579788 0
    vertex -0.2333046514883691 -0.3799890322475482 0
    vertex -0.3732869149920913 -0.1995698419355011 0
  endloop
endfacet
facet normal 0 0 1
  outer loop
    vertex -0.3732869149920913 -0.1995698419355011 0
    vertex -0.5132699291886827 -0.01915119609424707 0
    vertex -0.5995258363919482 -0.2305885485326001 0
  endloop
endfacet
facet normal 0 0 1
  outer loop
    vertex -0.9657478189124056 -0.0811887115278204 0
    vertex -0.7395030926831913 -0.05016575619779401 0
    vertex -0.8794912966176007 0.1302491475184281 0
  endloop
endfacet
facet normal 0 0 1
  outer loop
    vertex 0.1866408549391234 -0.9212475245549542 0
    vertex 0.04665909442529213 -0.7408279733369028 0
    vertex -0.0395978823248395 -0.9522660926686588 0
  endloop
endfacet
facet normal 0 -0 1
  outer loop
    vertex -0.4595385462709806 -0.4110040964579788 0
    vertex -0.3732869149920913 -0.1995698419355011 0
    vertex -0.5995258363919482 -0.2305885485326001 0
  endloop
endfacet
facet normal 0 0 1
  outer loop
    vertex 0.2728973567551975 -0.7098097485968079 0
    vertex 0.04665909442529213 -0.7408279733369028 0
    vertex 0.1866408549391234 -0.9212475245549542 0
  endloop
endfacet
facet normal 0 0 1
  outer loop
    vertex -0.1795786793577752 -0.7718458406724502 0
    vertex -0.2658433552939914 -0.9832156435954771 0
    vertex -0.0395978823248395 -0.9522660926686588 0
  endloop
endfacet
facet normal -0 0 1
  outer loop
    vertex -0.007067113117613228 -0.348971341613271 0
    vertex 0.1329154349437036 -0.5293903154165605 0
    vertex 0.2191716238354298 -0.3179527644085638 0
  endloop
endfacet
facet normal 0 0 1
  outer loop
    vertex 0.2191716238354298 -0.3179527644085638 0
    vertex 0.1329154349437036 -0.5293903154165605 0
    vertex 0.3591538572061022 -0.4983719721223628 0
  endloop
endfacet
facet normal 0 0 1
  outer loop
    vertex -0.0395978823248395 -0.9522660926686588 0
    vertex -0.2658433552939914 -0.9832156435954771 0
    vertex -0.1258543825507187 -1.163703869008639 0
  endloop
endfacet
facet normal 0 -0 1
  outer loop
    vertex -0.3520931185318462 -1.194722436109013 0
    vertex -0.2658433552939914 -0.9832156435954771 0
    vertex -0.4921236785792322 -1.013962759429719 0
  endloop
endfacet
facet normal 0 0 1
  outer loop
    vertex 0.2728973567551975 -0.7098097485968079 0
    vertex 0.1329154349437036 -0.5293903154165605 0
    vertex 0.04665909442529213 -0.7408279733369028 0
  endloop
endfacet
facet normal 0 0 1
  outer loop
    vertex -0.4595385462709806 -0.4110040964579788 0
    vertex -0.5995258363919482 -0.2305885485326001 0
    vertex -0.685783318150738 -0.4420270321308109 0
  endloop
endfacet
facet normal 0 0 1
  outer loop
    vertex -0.5457648392974062 -0.6224200285602147 0
    vertex -0.3195551108439276 -0.5914224342527006 0
    vertex -0.4595385462709806 -0.4110040964579788 0
  endloop
endfacet
facet normal -0 0 1
  outer loop
    vertex -0.5457648392974062 -0.6224200285602147 0
    vertex -0.4058123904195368 -0.8027928636843835 0
    vertex -0.3195551108439276 -0.5914224342527006 0
  endloop
endfacet
facet normal 0 0 1
  outer loop
    vertex 0.3591538572061022 -0.4983719721223628 0
    vertex 0.1329154349437036 -0.5293903154165605 0
    vertex 0.2728973567551975 -0.7098097485968079 0
  endloop
endfacet
facet normal 0 0 1
  outer loop
    vertex -0.1258543825507187 -1.163703869008639 0
    vertex -0.2658433552939914 -0.9832156435954771 0
    vertex -0.3520931185318462 -1.194722436109013 0
  endloop
endfacet
facet normal 0 -0 1
  outer loop
    vertex -0.5457648392974062 -0.6224200285602147 0
    vertex -0.4595385462709806 -0.4110040964579788 0
    vertex -0.685783318150738 -0.4420270321308109 0
  endloop
endfacet
facet normal 0 0 1
  outer loop
    vertex -0.685783318150738 -0.4420270321308109 0
    vertex -0.8257311186789825 -0.2615829596002741 0
    vertex -0.911816367335337 -0.4728966325600036 0
  endloop
endfacet
facet normal 0 0 1
  outer loop
    vertex -0.7718197676830795 -0.6533060259042274 0
    vertex -0.5457648392974062 -0.6224200285602147 0
    vertex -0.685783318150738 -0.4420270321308109 0
  endloop
endfacet
facet normal 0 0 1
  outer loop
    vertex -0.8257311186789825 -0.2615829596002741 0
    vertex -1.051368053717556 -0.2921190153513128 0
    vertex -0.911816367335337 -0.4728966325600036 0
  endloop
endfacet
facet normal 0 -0 1
  outer loop
    vertex -0.7718197676830795 -0.6533060259042274 0
    vertex -0.685783318150738 -0.4420270321308109 0
    vertex -0.911816367335337 -0.4728966325600036 0
  endloop
endfacet
facet normal 0 0 1
  outer loop
    vertex -0.911816367335337 -0.4728966325600036 0
    vertex -1.135709599191402 -0.5019894314373603 0
    vertex -0.9972646346550719 -0.6837466601464842 0
  endloop
endfacet
facet normal 0 0 1
  outer loop
    vertex -0.7718197676830795 -0.6533060259042274 0
    vertex -0.911816367335337 -0.4728966325600036 0
    vertex -0.9972646346550719 -0.6837466601464842 0
  endloop
endfacet
facet normal 0 0 1
  outer loop
    vertex -0.8579874789691256 -0.8646849008331301 0
    vertex -0.632015417609597 -0.8338214543365829 0
    vertex -0.7718197676830795 -0.6533060259042274 0
  endloop
endfacet
facet normal -0 0 1
  outer loop
    vertex -0.8579874789691256 -0.8646849008331301 0
    vertex -0.7176470157032576 -1.044518152357379 0
    vertex -0.632015417609597 -0.8338214543365829 0
  endloop
endfacet
facet normal 0 -0 1
  outer loop
    vertex -0.8579874789691256 -0.8646849008331301 0
    vertex -0.7718197676830795 -0.6533060259042274 0
    vertex -0.9972646346550719 -0.6837466601464842 0
  endloop
endfacet
facet normal 0 0 1
  outer loop
    vertex -1.083034457016438 -0.8949636997003678 0
    vertex -0.8579874789691256 -0.8646849008331301 0
    vertex -0.9972646346550719 -0.6837466601464842 0
  endloop
endfacet
facet normal 0 -0 1
  outer loop
    vertex -1.083034457016438 -0.8949636997003678 0
    vertex -0.9972646346550719 -0.6837466601464842 0
    vertex -1.219931981663775 -0.7120403007228804 0
  endloop
endfacet
facet normal 0 0 1
  outer loop
    vertex -1.083034457016438 -0.8949636997003678 0
    vertex -1.219931981663775 -0.7120403007228804 0
    vertex -1.310453745135807 -0.92703032806829 0
  endloop
endfacet
facet normal 0 0 1
  outer loop
    vertex -1.161481355297347 -1.101084733714629 0
    vertex -0.935868156755279 -1.069304342224704 0
    vertex -1.083034457016438 -0.8949636997003678 0
  endloop
endfacet
facet normal -0 0 1
  outer loop
    vertex 1.102773748038471 0.8013376485677619 0
    vertex 1.242832757217103 0.6211382357717854 0
    vertex 1.330188483231756 0.8287502362259337 0
  endloop
endfacet
facet normal 0 -0 1
  outer loop
    vertex 1.15668954167175 0.4099572956764539 0
    vertex 1.242832757217103 0.6211382357717854 0
    vertex 1.016539797114668 0.5898906729161997 0
  endloop
endfacet
facet normal -0 0 1
  outer loop
    vertex -0.1707985721412827 -1.772916910637307 0
    vertex 0.0451304621175775 -1.773977798985899 0
    vertex -0.07212864846696083 -1.55556085328777 0
  endloop
endfacet
facet normal 0 0 1
  outer loop
    vertex 1.242832757217103 0.6211382357717854 0
    vertex 1.468423273775211 0.6535647757749049 0
    vertex 1.330188483231756 0.8287502362259337 0
  endloop
endfacet
facet normal 0 0 1
  outer loop
    vertex 1.016539797114668 0.5898906729161997 0
    vertex 1.242832757217103 0.6211382357717854 0
    vertex 1.102773748038471 0.8013376485677619 0
  endloop
endfacet
facet normal 0 -0 1
  outer loop
    vertex -1.161481355297347 -1.101084733714629 0
    vertex -1.083034457016438 -0.8949636997003678 0
    vertex -1.310453745135807 -0.92703032806829 0
  endloop
endfacet
facet normal 0 0 1
  outer loop
    vertex 1.600739421523206 0.4820524432522729 0
    vertex 1.468423273775211 0.6535647757749049 0
    vertex 1.382381699470759 0.4433287854694586 0
  endloop
endfacet
facet normal 0 -0 1
  outer loop
    vertex 1.382381699470759 0.4433287854694586 0
    vertex 1.468423273775211 0.6535647757749049 0
    vertex 1.242832757217103 0.6211382357717854 0
  endloop
endfacet
facet normal 0 0 1
  outer loop
    vertex 1.468423273775211 0.6535647757749049 0
    vertex 1.679757636677207 0.6860690794260391 0
    vertex 1.560037610531296 0.8628849010834525 0
  endloop
endfacet
facet normal 0 0 1
  outer loop
    vertex 1.19674963242571 1.008344958477206 0
    vertex 1.432101577414466 1.038589400606106 0
    vertex 1.325380189549099 1.216422935302229 0
  endloop
endfacet
facet normal -0 0 1
  outer loop
    vertex 0.5164808667953281 -1.6980496175369 0
    vertex 0.6974289841896354 -1.699921178977223 0
    vertex 0.6319990448747693 -1.482851534123557 0
  endloop
endfacet
facet normal 0 0 1
  outer loop
    vertex -0.3317288969871059 -1.593189146091976 0
    vertex -0.3619785797946647 -1.786434663948803 0
    vertex -0.1707985721412827 -1.772916910637307 0
  endloop
endfacet
facet normal 0 0 1
  outer loop
    vertex 0.2969390733353038 1.51747648208577 0
    vertex 0.09641740980423665 1.625008972305855 0
    vertex 0.07407874665000432 1.450645851755428 0
  endloop
endfacet
facet normal 0 0 1
  outer loop
    vertex -1.161481355297347 -1.101084733714629 0
    vertex -1.310453745135807 -0.92703032806829 0
    vertex -1.392662771084199 -1.138774696950447 0
  endloop
endfacet
facet normal 0 0 1
  outer loop
    vertex -0.5303664609193867 -1.724309890724878 0
    vertex -0.7531116925116732 -1.630766766830049 0
    vertex -0.7256154107012979 -1.863728058422899 0
  endloop
endfacet
facet normal 0 0 1
  outer loop
    vertex 1.662074204729116 -0.5180444713146234 0
    vertex 1.511382019341362 -0.6739442113983912 0
    vertex 1.667117579608573 -0.7167263672715717 0
  endloop
endfacet
facet normal 0 0 1
  outer loop
    vertex -0.7380274275386437 1.625556844929086 0
    vertex -0.9463367023172614 1.569323200677283 0
    vertex -0.8526900437979512 1.363721859318891 0
  endloop
endfacet
facet normal 0 -0 1
  outer loop
    vertex 1.600739421523206 0.4820524432522729 0
    vertex 1.679757636677207 0.6860690794260391 0
    vertex 1.468423273775211 0.6535647757749049 0
  endloop
endfacet
facet normal 0 0 1
  outer loop
    vertex 0.2439927848814568 1.697007094060967 0
    vertex 0.09641740980423665 1.625008972305855 0
    vertex 0.2969390733353038 1.51747648208577 0
  endloop
endfacet
facet normal -0 0 1
  outer loop
    vertex -0.07212864846696083 -1.55556085328777 0
    vertex 0.0451304621175775 -1.773977798985899 0
    vertex 0.1735262675088904 -1.551105619430624 0
  endloop
endfacet
facet normal 0 0 1
  outer loop
    vertex -0.5019345214748856 1.579295031143168 0
    vertex -0.571233912891156 1.755400053088464 0
    vertex -0.7380274275386437 1.625556844929086 0
  endloop
endfacet
facet normal 0 0 1
  outer loop
    vertex 1.657335746119595 0.08251326702706559 0
    vertex 1.846968828018532 0.1056134987326083 0
    vertex 1.76800206451301 0.3047704088400291 0
  endloop
endfacet
facet normal 0 0 1
  outer loop
    vertex -0.5019345214748856 1.579295031143168 0
    vertex -0.2693519293487824 1.59535753103945 0
    vertex -0.3821555363540054 1.774126621543242 0
  endloop
endfacet
facet normal 0 0 1
  outer loop
    vertex 1.560037610531296 0.8628849010834525 0
    vertex 1.432101577414466 1.038589400606106 0
    vertex 1.330188483231756 0.8287502362259337 0
  endloop
endfacet
facet normal 0 0 1
  outer loop
    vertex 0.07407874665000432 1.450645851755428 0
    vertex -0.06777140732755901 1.627071299706596 0
    vertex -0.1408114912124206 1.420733472487025 0
  endloop
endfacet
facet normal 0 0 1
  outer loop
    vertex -1.310453745135807 -0.92703032806829 0
    vertex -1.522626112683605 -0.9548673446117426 0
    vertex -1.392662771084199 -1.138774696950447 0
  endloop
endfacet
facet normal 0 0 1
  outer loop
    vertex -0.7977942153973954 -1.247957620035535 0
    vertex -0.8789654420989746 -1.43845769691136 0
    vertex -0.6655785427058827 -1.41848124763369 0
  endloop
endfacet
facet normal 0 -0 1
  outer loop
    vertex -0.3622480273975206 1.392021611083362 0
    vertex -0.2693519293487824 1.59535753103945 0
    vertex -0.5019345214748856 1.579295031143168 0
  endloop
endfacet
facet normal 0 0 1
  outer loop
    vertex -1.648047651963743 -0.7777467104695627 0
    vertex -1.429089326963196 -0.7296313584446568 0
    vertex -1.586042951744798 -0.5297373957272742 0
  endloop
endfacet
facet normal 0 0 1
  outer loop
    vertex -1.219931981663775 -0.7120403007228804 0
    vertex -1.429089326963196 -0.7296313584446568 0
    vertex -1.310453745135807 -0.92703032806829 0
  endloop
endfacet
facet normal -0 0 1
  outer loop
    vertex -1.586042951744798 -0.5297373957272742 0
    vertex -1.429089326963196 -0.7296313584446568 0
    vertex -1.356023412095709 -0.5277770962796461 0
  endloop
endfacet
facet normal 0 -0 1
  outer loop
    vertex 0.6180339887498844 -1.902113032590311 0
    vertex 0.6974289841896354 -1.699921178977223 0
    vertex 0.5164808667953281 -1.6980496175369 0
  endloop
endfacet
facet normal 0 -0 1
  outer loop
    vertex 1.330188483231756 0.8287502362259337 0
    vertex 1.432101577414466 1.038589400606106 0
    vertex 1.19674963242571 1.008344958477206 0
  endloop
endfacet
facet normal 0 0 1
  outer loop
    vertex 0.6319990448747693 -1.482851534123557 0
    vertex 0.8248768951469679 -1.401759542260512 0
    vertex 0.6919990742454868 -1.244904335048016 0
  endloop
endfacet
facet normal 0 0 1
  outer loop
    vertex 1.236842684585327 -0.9764794283264984 0
    vertex 1.307625247393897 -1.202415305935363 0
    vertex 1.45278518276677 -1.067538970347309 0
  endloop
endfacet
facet normal -0 0 1
  outer loop
    vertex -1.161481355297347 -1.101084733714629 0
    vertex -1.017703541106407 -1.271578150079276 0
    vertex -0.935868156755279 -1.069304342224704 0
  endloop
endfacet
facet normal 0 0 1
  outer loop
    vertex 0.6778850657234838 1.340089908349449 0
    vertex 0.8771157324015241 1.34863782585135 0
    vertex 0.8058260665222143 1.560080607134605 0
  endloop
endfacet
facet normal 0 0 1
  outer loop
    vertex 1.057522602168179 1.222340526697138 0
    vertex 0.8771157324015241 1.34863782585135 0
    vertex 0.8229671282280332 1.162111671643273 0
  endloop
endfacet
facet normal -0 0 1
  outer loop
    vertex 1.560037610531296 0.8628849010834525 0
    vertex 1.679757636677207 0.6860690794260391 0
    vertex 1.794796857382718 0.8824422024864409 0
  endloop
endfacet
facet normal 0 0 1
  outer loop
    vertex 1.794796857382718 0.8824422024864409 0
    vertex 1.679757636677207 0.6860690794260391 0
    vertex 1.88368872727905 0.672098786430859 0
  endloop
endfacet
facet normal 0 0 1
  outer loop
    vertex -1.412068688570678 -0.1384490406702225 0
    vertex -1.607524537068381 -0.1455840126776713 0
    vertex -1.484926492251057 -0.3349905506481466 0
  endloop
endfacet
facet normal 0 0 1
  outer loop
    vertex -1.216433306039918 0.8616982208004464 0
    vertex -1.424709408432229 0.8176391769028605 0
    vertex -1.297236639012039 0.6642548281846481 0
  endloop
endfacet
facet normal 0 0 1
  outer loop
    vertex -1.379148399930391 0.4651479509512423 0
    vertex -1.583291863851894 0.4405946629919616 0
    vertex -1.45916140929054 0.2541731683421585 0
  endloop
endfacet
facet normal -0 0 1
  outer loop
    vertex 0.9984995609198859 -1.004578731967531 0
    vertex 1.121539252125871 -1.160358500012715 0
    vertex 1.236842684585327 -0.9764794283264984 0
  endloop
endfacet
facet normal 0 -0 1
  outer loop
    vertex -1.239439473833752 -1.306260124521614 0
    vertex -1.161481355297347 -1.101084733714629 0
    vertex -1.392662771084199 -1.138774696950447 0
  endloop
endfacet
facet normal 0 0 1
  outer loop
    vertex 1.583195330705907 -0.1298040058485282 0
    vertex 1.801705664885694 -0.08360125955483871 0
    vertex 1.657335746119595 0.08251326702706559 0
  endloop
endfacet
facet normal -0 0 1
  outer loop
    vertex 0.1735262675088904 -1.551105619430624 0
    vertex 0.3526238280958234 -1.669048550890516 0
    vertex 0.3953791934773096 -1.488539148415197 0
  endloop
endfacet
facet normal 0 0 1
  outer loop
    vertex -0.4400301044603782 -1.393903334359439 0
    vertex -0.5346890295613176 -1.544056725395901 0
    vertex -0.3317288969871059 -1.593189146091976 0
  endloop
endfacet
facet normal 0 0 1
  outer loop
    vertex -1.165506153567073 1.090257206271395 0
    vertex -1.34804633308123 0.9806219658511494 0
    vertex -1.216433306039918 0.8616982208004464 0
  endloop
endfacet
facet normal 0 0 1
  outer loop
    vertex -1.45916140929054 0.2541731683421585 0
    vertex -1.665622718236559 0.2304700988450405 0
    vertex -1.54639518797016 0.04268541175647769 0
  endloop
endfacet
facet normal -0 0 1
  outer loop
    vertex -1.246818223246458 1.301569656558078 0
    vertex -1.045746348695932 1.262160391314003 0
    vertex -1.087758981862953 1.448817544002741 0
  endloop
endfacet
facet normal 0 -0 1
  outer loop
    vertex 0.5478157318793256 1.528958383823205 0
    vertex 0.6472668298395915 1.70902666399915 0
    vertex 0.4338283360427421 1.7347173057386 0
  endloop
endfacet
facet normal 0 0 1
  outer loop
    vertex -1.665622718236559 0.2304700988450405 0
    vertex -1.780492364054491 0.0175991402022458 0
    vertex -1.54639518797016 0.04268541175647769 0
  endloop
endfacet
facet normal 0 0 1
  outer loop
    vertex -1.780492364054491 0.0175991402022458 0
    vertex -1.848373764722649 0.2155794679479806 0
    vertex -1.99673820785227 0.114177621725551 0
  endloop
endfacet
facet normal 0 -0 1
  outer loop
    vertex -1.309721467890584 -1.511499148708504 0
    vertex -1.239439473833752 -1.306260124521614 0
    vertex -1.473482275752824 -1.352349800548024 0
  endloop
endfacet
facet normal 0 0 1
  outer loop
    vertex 1.167811762552546 -1.354077154638448 0
    vertex 1.005174809674331 -1.480133665444096 0
    vertex 1.221295759270869 -1.583804491844556 0
  endloop
endfacet
facet normal 0 -0 1
  outer loop
    vertex -1.618033988749906 -1.175570504584931 0
    vertex -1.522626112683605 -0.9548673446117426 0
    vertex -1.741492154239564 -0.9834658492911907 0
  endloop
endfacet
facet normal 0 0 1
  outer loop
    vertex 1.221295759270869 -1.583804491844556 0
    vertex 1.005174809674331 -1.480133665444096 0
    vertex 1.032794923277917 -1.712698060503182 0
  endloop
endfacet
facet normal 0 -0 1
  outer loop
    vertex -0.5084366683869891 -1.93429370940391 0
    vertex -0.3619785797946647 -1.786434663948803 0
    vertex -0.5303664609193867 -1.724309890724878 0
  endloop
endfacet
facet normal 0 0 1
  outer loop
    vertex -0.2846296765465846 -1.979642883761863 0
    vertex -0.3619785797946647 -1.786434663948803 0
    vertex -0.5084366683869891 -1.93429370940391 0
  endloop
endfacet
facet normal 0 -0 1
  outer loop
    vertex -1.918985947229 -0.5634651136828427 0
    vertex -1.780979026367378 -0.4299068941956538 0
    vertex -1.970707671695389 -0.3410443852652308 0
  endloop
endfacet
facet normal -0 0 1
  outer loop
    vertex -1.970707671695389 -0.3410443852652308 0
    vertex -1.780979026367378 -0.4299068941956538 0
    vertex -1.797270310930448 -0.2170075174481425 0
  endloop
endfacet
facet normal 0 0 1
  outer loop
    vertex -1.473482275752824 -1.352349800548024 0
    vertex -1.239439473833752 -1.306260124521614 0
    vertex -1.392662771084199 -1.138774696950447 0
  endloop
endfacet
facet normal -0 0 1
  outer loop
    vertex -1.473482275752804 1.352349800548045 0
    vertex -1.246818223246458 1.301569656558078 0
    vertex -1.309721467890564 1.511499148708522 0
  endloop
endfacet
facet normal 0 0 1
  outer loop
    vertex -0.1707985721412827 -1.772916910637307 0
    vertex -0.3619785797946647 -1.786434663948803 0
    vertex -0.2846296765465846 -1.979642883761863 0
  endloop
endfacet
facet normal 0 0 1
  outer loop
    vertex -1.092672603255692 -1.466404383067815 0
    vertex -1.239439473833752 -1.306260124521614 0
    vertex -1.309721467890584 -1.511499148708504 0
  endloop
endfacet
facet normal 0 0 1
  outer loop
    vertex -1.741492154239564 -0.9834658492911907 0
    vertex -1.522626112683605 -0.9548673446117426 0
    vertex -1.648047651963743 -0.7777467104695627 0
  endloop
endfacet
facet normal 0 0 1
  outer loop
    vertex 1.032794923277917 -1.712698060503182 0
    vertex 1.005174809674331 -1.480133665444096 0
    vertex 0.8395236719046473 -1.591074293893983 0
  endloop
endfacet
facet normal -0 0 1
  outer loop
    vertex -1.618033988749889 1.175570504584954 0
    vertex -1.411058070974534 1.153816459028763 0
    vertex -1.473482275752804 1.352349800548045 0
  endloop
endfacet
facet normal 0 -0 1
  outer loop
    vertex -1.522524726392394 0.9796987662522826 0
    vertex -1.411058070974534 1.153816459028763 0
    vertex -1.618033988749889 1.175570504584954 0
  endloop
endfacet
facet normal 0 0 1
  outer loop
    vertex 1.393875137310589 1.434263609517925 0
    vertex 1.197558183748748 1.379778324381477 0
    vertex 1.325380189549099 1.216422935302229 0
  endloop
endfacet
facet normal 0 0 1
  outer loop
    vertex -0.05711210158738782 1.999184385656379 0
    vertex -0.1559809015925313 1.816052658687635 0
    vertex 0.07115159821520634 1.80236499717631 0
  endloop
endfacet
facet normal 0 0 1
  outer loop
    vertex -1.309721467890564 1.511499148708522 0
    vertex -1.246818223246458 1.301569656558078 0
    vertex -1.087758981862953 1.448817544002741 0
  endloop
endfacet
facet normal 0 0 1
  outer loop
    vertex -1.392662771084199 -1.138774696950447 0
    vertex -1.522626112683605 -0.9548673446117426 0
    vertex -1.618033988749906 -1.175570504584931 0
  endloop
endfacet
facet normal 0 0 1
  outer loop
    vertex -0.3821555363540054 1.774126621543242 0
    vertex -0.1559809015925313 1.816052658687635 0
    vertex -0.2846296765465656 1.979642883761866 0
  endloop
endfacet
facet normal 0 0 1
  outer loop
    vertex 1.221295759270879 1.583804491844548 0
    vertex 1.197558183748748 1.379778324381477 0
    vertex 1.393875137310589 1.434263609517925 0
  endloop
endfacet
facet normal -0 0 1
  outer loop
    vertex -0.2846296765465656 1.979642883761866 0
    vertex -0.1559809015925313 1.816052658687635 0
    vertex -0.05711210158738782 1.999184385656379 0
  endloop
endfacet
facet normal -0 0 1
  outer loop
    vertex 1.023882307287165 1.461628910677071 0
    vertex 1.197558183748748 1.379778324381477 0
    vertex 1.221295759270879 1.583804491844548 0
  endloop
endfacet
facet normal 0 0 1
  outer loop
    vertex -0.8789654420989746 -1.43845769691136 0
    vertex -1.017703541106407 -1.271578150079276 0
    vertex -1.092672603255692 -1.466404383067815 0
  endloop
endfacet
facet normal 0 0 1
  outer loop
    vertex -0.7977942153973954 -1.247957620035535 0
    vertex -1.017703541106407 -1.271578150079276 0
    vertex -0.8789654420989746 -1.43845769691136 0
  endloop
endfacet
facet normal -0 0 1
  outer loop
    vertex -1.780492364054491 0.0175991402022458 0
    vertex -1.607524537068381 -0.1455840126776713 0
    vertex -1.54639518797016 0.04268541175647769 0
  endloop
endfacet
facet normal 0 0 1
  outer loop
    vertex -1.797270310930448 -0.2170075174481425 0
    vertex -1.607524537068381 -0.1455840126776713 0
    vertex -1.780492364054491 0.0175991402022458 0
  endloop
endfacet
facet normal -0 0 1
  outer loop
    vertex -0.8789654420989746 -1.43845769691136 0
    vertex -0.7531116925116732 -1.630766766830049 0
    vertex -0.6655785427058827 -1.41848124763369 0
  endloop
endfacet
facet normal 0 0 1
  outer loop
    vertex -1.780979026367378 -0.4299068941956538 0
    vertex -1.75528790708542 -0.6188594308317829 0
    vertex -1.586042951744798 -0.5297373957272742 0
  endloop
endfacet
facet normal 0 0 1
  outer loop
    vertex -0.3821555363540054 1.774126621543242 0
    vertex -0.571233912891156 1.755400053088464 0
    vertex -0.5019345214748856 1.579295031143168 0
  endloop
endfacet
facet normal 0 0 1
  outer loop
    vertex -1.741492154239549 0.9834658492912166 0
    vertex -1.63054055923838 0.7998812220054476 0
    vertex -1.522524726392394 0.9796987662522826 0
  endloop
endfacet
facet normal 0 0 1
  outer loop
    vertex 0.8058260665222143 1.560080607134605 0
    vertex 0.6472668298395915 1.70902666399915 0
    vertex 0.5478157318793256 1.528958383823205 0
  endloop
endfacet
facet normal 0 -0 1
  outer loop
    vertex -1.786594749885863 0.4003254460115202 0
    vertex -1.715501109628339 0.609242903154132 0
    vertex -1.918985947228991 0.5634651136828712 0
  endloop
endfacet
facet normal 0 -0 1
  outer loop
    vertex 1.76800206451301 0.3047704088400291 0
    vertex 1.781926919376505 0.5227273472356451 0
    vertex 1.600739421523206 0.4820524432522729 0
  endloop
endfacet
facet normal 0 -0 1
  outer loop
    vertex -1.087758981862953 1.448817544002741 0
    vertex -0.9463367023172614 1.569323200677283 0
    vertex -1.128886437733532 1.650943793925552 0
  endloop
endfacet
facet normal 0 0 1
  outer loop
    vertex -0.9333346464513419 1.768865861995631 0
    vertex -0.9463367023172614 1.569323200677283 0
    vertex -0.7380274275386437 1.625556844929086 0
  endloop
endfacet
facet normal 0 0 1
  outer loop
    vertex 0.6180339887498983 1.902113032590306 0
    vertex 0.6472668298395915 1.70902666399915 0
    vertex 0.8308300260037765 1.819263990709035 0
  endloop
endfacet
facet normal 0 0 1
  outer loop
    vertex 1.005174809674331 -1.480133665444096 0
    vertex 0.8248768951469679 -1.401759542260512 0
    vertex 0.8395236719046473 -1.591074293893983 0
  endloop
endfacet
facet normal 0 0 1
  outer loop
    vertex 1.236842684585327 -0.9764794283264984 0
    vertex 1.121539252125871 -1.160358500012715 0
    vertex 1.307625247393897 -1.202415305935363 0
  endloop
endfacet
facet normal 0 0 1
  outer loop
    vertex -1.842247306229696 0.7785402126347939 0
    vertex -1.63054055923838 0.7998812220054476 0
    vertex -1.741492154239549 0.9834658492912166 0
  endloop
endfacet
facet normal 0 0 1
  outer loop
    vertex 2 0 0
    vertex 1.846968828018532 0.1056134987326083 0
    vertex 1.801705664885694 -0.08360125955483871 0
  endloop
endfacet
facet normal 0 0 1
  outer loop
    vertex -0.1408114912124206 1.420733472487025 0
    vertex -0.2693519293487824 1.59535753103945 0
    vertex -0.3622480273975206 1.392021611083362 0
  endloop
endfacet
facet normal 0 0 1
  outer loop
    vertex -0.5084366683869688 1.934293709403916 0
    vertex -0.571233912891156 1.755400053088464 0
    vertex -0.3821555363540054 1.774126621543242 0
  endloop
endfacet
facet normal 0 0 1
  outer loop
    vertex -0.7380274275386437 1.625556844929086 0
    vertex -0.571233912891156 1.755400053088464 0
    vertex -0.7256154107012767 1.863728058422907 0
  endloop
endfacet
facet normal 0 0 1
  outer loop
    vertex 1.76800206451301 0.3047704088400291 0
    vertex 1.846968828018532 0.1056134987326083 0
    vertex 1.9869634706971 0.2279828197810808 0
  endloop
endfacet
facet normal 0 0 1
  outer loop
    vertex -1.356023412095709 -0.5277770962796461 0
    vertex -1.429089326963196 -0.7296313584446568 0
    vertex -1.219931981663775 -0.7120403007228804 0
  endloop
endfacet
facet normal 0 0 1
  outer loop
    vertex -1.918985947228991 0.5634651136828712 0
    vertex -1.715501109628339 0.609242903154132 0
    vertex -1.842247306229696 0.7785402126347939 0
  endloop
endfacet
facet normal 0 0 1
  outer loop
    vertex 0.8308300260037623 -1.819263990709042 0
    vertex 0.6974289841896354 -1.699921178977223 0
    vertex 0.6180339887498844 -1.902113032590311 0
  endloop
endfacet
facet normal -0 0 1
  outer loop
    vertex -1.128886437733532 1.650943793925552 0
    vertex -0.9463367023172614 1.569323200677283 0
    vertex -0.9333346464513419 1.768865861995631 0
  endloop
endfacet
facet normal 0 0 1
  outer loop
    vertex 1.948023833884667 0.4529935348515279 0
    vertex 1.781926919376505 0.5227273472356451 0
    vertex 1.76800206451301 0.3047704088400291 0
  endloop
endfacet
facet normal 0 0 1
  outer loop
    vertex 1.600739421523206 0.4820524432522729 0
    vertex 1.781926919376505 0.5227273472356451 0
    vertex 1.679757636677207 0.6860690794260391 0
  endloop
endfacet
facet normal 0 0 1
  outer loop
    vertex -1.586042951744798 -0.5297373957272742 0
    vertex -1.75528790708542 -0.6188594308317829 0
    vertex -1.648047651963743 -0.7777467104695627 0
  endloop
endfacet
facet normal 0 0 1
  outer loop
    vertex -1.648047651963743 -0.7777467104695627 0
    vertex -1.75528790708542 -0.6188594308317829 0
    vertex -1.842247306229707 -0.7785402126347665 0
  endloop
endfacet
facet normal -0 0 1
  outer loop
    vertex -1.970707671695384 0.3410443852652611 0
    vertex -1.848373764722649 0.2155794679479806 0
    vertex -1.786594749885863 0.4003254460115202 0
  endloop
endfacet
facet normal 0 0 1
  outer loop
    vertex -0.5303664609193867 -1.724309890724878 0
    vertex -0.5346890295613176 -1.544056725395901 0
    vertex -0.7531116925116732 -1.630766766830049 0
  endloop
endfacet
facet normal 0 0 1
  outer loop
    vertex -0.7531116925116732 -1.630766766830049 0
    vertex -0.5346890295613176 -1.544056725395901 0
    vertex -0.6655785427058827 -1.41848124763369 0
  endloop
endfacet
facet normal 0 0 1
  outer loop
    vertex 0.07115159821520634 1.80236499717631 0
    vertex 0.2659424080568324 1.851482737860252 0
    vertex 0.1711500169576837 1.992663461725382 0
  endloop
endfacet
facet normal 0 0 1
  outer loop
    vertex 0.397180933291495 1.960165122184786 0
    vertex 0.2659424080568324 1.851482737860252 0
    vertex 0.4338283360427421 1.7347173057386 0
  endloop
endfacet
facet normal 0 0 1
  outer loop
    vertex -1.128886437733555 -1.650943793925537 0
    vertex -0.960437123138418 -1.595154521521422 0
    vertex -1.092672603255692 -1.466404383067815 0
  endloop
endfacet
facet normal 0 0 1
  outer loop
    vertex -1.216433306039918 0.8616982208004464 0
    vertex -1.34804633308123 0.9806219658511494 0
    vertex -1.424709408432229 0.8176391769028605 0
  endloop
endfacet
facet normal -0 0 1
  outer loop
    vertex 0.6919990742454868 -1.244904335048016 0
    vertex 0.8248768951469679 -1.401759542260512 0
    vertex 0.9418663645397368 -1.244639651295212 0
  endloop
endfacet
facet normal -0 0 1
  outer loop
    vertex 0.4338283360427421 1.7347173057386 0
    vertex 0.6472668298395915 1.70902666399915 0
    vertex 0.6180339887498983 1.902113032590306 0
  endloop
endfacet
facet normal 0 0 1
  outer loop
    vertex -0.1559809015925313 1.816052658687635 0
    vertex -0.06777140732755901 1.627071299706596 0
    vertex 0.07115159821520634 1.80236499717631 0
  endloop
endfacet
facet normal 0 0 1
  outer loop
    vertex -1.473482275752804 1.352349800548045 0
    vertex -1.411058070974534 1.153816459028763 0
    vertex -1.246818223246458 1.301569656558078 0
  endloop
endfacet
facet normal 0 -0 1
  outer loop
    vertex 0.8229671282280332 1.162111671643273 0
    vertex 0.8771157324015241 1.34863782585135 0
    vertex 0.6778850657234838 1.340089908349449 0
  endloop
endfacet
facet normal 0 0 1
  outer loop
    vertex -0.7531116925116732 -1.630766766830049 0
    vertex -0.960437123138418 -1.595154521521422 0
    vertex -0.9333346464513635 -1.76886586199562 0
  endloop
endfacet
facet normal 0 0 1
  outer loop
    vertex -0.935868156755279 -1.069304342224704 0
    vertex -1.017703541106407 -1.271578150079276 0
    vertex -0.7977942153973954 -1.247957620035535 0
  endloop
endfacet
facet normal -0 0 1
  outer loop
    vertex -1.092672603255692 -1.466404383067815 0
    vertex -0.960437123138418 -1.595154521521422 0
    vertex -0.8789654420989746 -1.43845769691136 0
  endloop
endfacet
facet normal 0 0 1
  outer loop
    vertex -0.06777140732755901 1.627071299706596 0
    vertex -0.2693519293487824 1.59535753103945 0
    vertex -0.1408114912124206 1.420733472487025 0
  endloop
endfacet
facet normal 0 -0 1
  outer loop
    vertex 0.2439927848814568 1.697007094060967 0
    vertex 0.2659424080568324 1.851482737860252 0
    vertex 0.07115159821520634 1.80236499717631 0
  endloop
endfacet
facet normal 0 0 1
  outer loop
    vertex 0.4338283360427421 1.7347173057386 0
    vertex 0.2659424080568324 1.851482737860252 0
    vertex 0.2439927848814568 1.697007094060967 0
  endloop
endfacet
facet normal 0 0 1
  outer loop
    vertex -1.786594749885863 0.4003254460115202 0
    vertex -1.583291863851894 0.4405946629919616 0
    vertex -1.715501109628339 0.609242903154132 0
  endloop
endfacet
facet normal 0 0 1
  outer loop
    vertex -1.54639518797016 0.04268541175647769 0
    vertex -1.607524537068381 -0.1455840126776713 0
    vertex -1.412068688570678 -0.1384490406702225 0
  endloop
endfacet
facet normal -0 0 1
  outer loop
    vertex -0.7256154107012767 1.863728058422907 0
    vertex -0.571233912891156 1.755400053088464 0
    vertex -0.5084366683869688 1.934293709403916 0
  endloop
endfacet
facet normal 0 0 1
  outer loop
    vertex -1.297236639012039 0.6642548281846481 0
    vertex -1.424709408432229 0.8176391769028605 0
    vertex -1.519247326717469 0.6387778549263168 0
  endloop
endfacet
facet normal 0 0 1
  outer loop
    vertex -1.665622718236559 0.2304700988450405 0
    vertex -1.848373764722649 0.2155794679479806 0
    vertex -1.780492364054491 0.0175991402022458 0
  endloop
endfacet
facet normal 0 0 1
  outer loop
    vertex -1.519247326717469 0.6387778549263168 0
    vertex -1.583291863851894 0.4405946629919616 0
    vertex -1.379148399930391 0.4651479509512423 0
  endloop
endfacet
facet normal 0 0 1
  outer loop
    vertex 0.9418663645397368 -1.244639651295212 0
    vertex 1.121539252125871 -1.160358500012715 0
    vertex 0.9984995609198859 -1.004578731967531 0
  endloop
endfacet
facet normal -0 0 1
  outer loop
    vertex -1.842247306229696 0.7785402126347939 0
    vertex -1.715501109628339 0.609242903154132 0
    vertex -1.63054055923838 0.7998812220054476 0
  endloop
endfacet
facet normal 0 0 1
  outer loop
    vertex -1.63054055923838 0.7998812220054476 0
    vertex -1.715501109628339 0.609242903154132 0
    vertex -1.519247326717469 0.6387778549263168 0
  endloop
endfacet
facet normal 0 0 1
  outer loop
    vertex 1.9869634706971 0.2279828197810808 0
    vertex 1.846968828018532 0.1056134987326083 0
    vertex 2 0 0
  endloop
endfacet
facet normal 0 0 1
  outer loop
    vertex -1.786594749885863 0.4003254460115202 0
    vertex -1.848373764722649 0.2155794679479806 0
    vertex -1.665622718236559 0.2304700988450405 0
  endloop
endfacet
facet normal 0 -0 1
  outer loop
    vertex 1.801705664885694 -0.08360125955483871 0
    vertex 1.846968828018532 0.1056134987326083 0
    vertex 1.657335746119595 0.08251326702706559 0
  endloop
endfacet
facet normal -0 0 1
  outer loop
    vertex -1.715501109628339 0.609242903154132 0
    vertex -1.583291863851894 0.4405946629919616 0
    vertex -1.519247326717469 0.6387778549263168 0
  endloop
endfacet
facet normal 0 0 1
  outer loop
    vertex -0.9006862595354443 1.12540091146891 0
    vertex -1.045746348695932 1.262160391314003 0
    vertex -1.165506153567073 1.090257206271395 0
  endloop
endfacet
facet normal 0 0 1
  outer loop
    vertex -1.63054055923838 0.7998812220054476 0
    vertex -1.424709408432229 0.8176391769028605 0
    vertex -1.522524726392394 0.9796987662522826 0
  endloop
endfacet
facet normal 0 0 1
  outer loop
    vertex -1.607524537068381 -0.1455840126776713 0
    vertex -1.655265278303091 -0.3126526790646272 0
    vertex -1.484926492251057 -0.3349905506481466 0
  endloop
endfacet
facet normal 0 0 1
  outer loop
    vertex -0.8789654420989746 -1.43845769691136 0
    vertex -0.960437123138418 -1.595154521521422 0
    vertex -0.7531116925116732 -1.630766766830049 0
  endloop
endfacet
facet normal 0 0 1
  outer loop
    vertex 1.679757636677207 0.6860690794260391 0
    vertex 1.781926919376505 0.5227273472356451 0
    vertex 1.88368872727905 0.672098786430859 0
  endloop
endfacet
facet normal 0 0 1
  outer loop
    vertex 0.8395236719046473 -1.591074293893983 0
    vertex 0.6974289841896354 -1.699921178977223 0
    vertex 0.8308300260037623 -1.819263990709042 0
  endloop
endfacet
facet normal 0 0 1
  outer loop
    vertex 1.88368872727905 0.672098786430859 0
    vertex 1.781926919376505 0.5227273472356451 0
    vertex 1.948023833884667 0.4529935348515279 0
  endloop
endfacet
facet normal -0 0 1
  outer loop
    vertex -1.918985947229 -0.5634651136828427 0
    vertex -1.75528790708542 -0.6188594308317829 0
    vertex -1.780979026367378 -0.4299068941956538 0
  endloop
endfacet
facet normal 0 0 1
  outer loop
    vertex 1.307625247393897 -1.202415305935363 0
    vertex 1.121539252125871 -1.160358500012715 0
    vertex 1.167811762552546 -1.354077154638448 0
  endloop
endfacet
facet normal 0 0 1
  outer loop
    vertex 1.317557864119761 -0.7408938608645501 0
    vertex 1.511382019341362 -0.6739442113983912 0
    vertex 1.399417007534182 -0.5409002997507241 0
  endloop
endfacet
facet normal 0 -0 1
  outer loop
    vertex -1.519247326717469 0.6387778549263168 0
    vertex -1.424709408432229 0.8176391769028605 0
    vertex -1.63054055923838 0.7998812220054476 0
  endloop
endfacet
facet normal 0 -0 1
  outer loop
    vertex -1.842247306229707 -0.7785402126347665 0
    vertex -1.75528790708542 -0.6188594308317829 0
    vertex -1.918985947229 -0.5634651136828427 0
  endloop
endfacet
facet normal 0 0 1
  outer loop
    vertex -1.99673820785227 0.114177621725551 0
    vertex -1.848373764722649 0.2155794679479806 0
    vertex -1.970707671695384 0.3410443852652611 0
  endloop
endfacet
facet normal 0 -0 1
  outer loop
    vertex 0.07407874665000432 1.450645851755428 0
    vertex 0.09641740980423665 1.625008972305855 0
    vertex -0.06777140732755901 1.627071299706596 0
  endloop
endfacet
facet normal -0 0 1
  outer loop
    vertex -0.6655785427058827 -1.41848124763369 0
    vertex -0.5346890295613176 -1.544056725395901 0
    vertex -0.4400301044603782 -1.393903334359439 0
  endloop
endfacet
facet normal 0 0 1
  outer loop
    vertex -0.9333346464513635 -1.76886586199562 0
    vertex -0.960437123138418 -1.595154521521422 0
    vertex -1.128886437733555 -1.650943793925537 0
  endloop
endfacet
facet normal 0 0 1
  outer loop
    vertex 0.1711500169576837 1.992663461725382 0
    vertex 0.2659424080568324 1.851482737860252 0
    vertex 0.397180933291495 1.960165122184786 0
  endloop
endfacet
facet normal 0 0 1
  outer loop
    vertex 0.3953791934773096 -1.488539148415197 0
    vertex 0.3526238280958234 -1.669048550890516 0
    vertex 0.5164808667953281 -1.6980496175369 0
  endloop
endfacet
facet normal 0 -0 1
  outer loop
    vertex -1.424709408432229 0.8176391769028605 0
    vertex -1.34804633308123 0.9806219658511494 0
    vertex -1.522524726392394 0.9796987662522826 0
  endloop
endfacet
facet normal 0 0 1
  outer loop
    vertex 0.07115159821520634 1.80236499717631 0
    vertex 0.09641740980423665 1.625008972305855 0
    vertex 0.2439927848814568 1.697007094060967 0
  endloop
endfacet
facet normal 0 -0 1
  outer loop
    vertex 1.510743440715178 -0.853156057790487 0
    vertex 1.511382019341362 -0.6739442113983912 0
    vertex 1.317557864119761 -0.7408938608645501 0
  endloop
endfacet
facet normal -0 0 1
  outer loop
    vertex -0.06777140732755901 1.627071299706596 0
    vertex 0.09641740980423665 1.625008972305855 0
    vertex 0.07115159821520634 1.80236499717631 0
  endloop
endfacet
facet normal 0 0 1
  outer loop
    vertex -1.522524726392394 0.9796987662522826 0
    vertex -1.34804633308123 0.9806219658511494 0
    vertex -1.411058070974534 1.153816459028763 0
  endloop
endfacet
facet normal 0 0 1
  outer loop
    vertex 1.667117579608573 -0.7167263672715717 0
    vertex 1.511382019341362 -0.6739442113983912 0
    vertex 1.510743440715178 -0.853156057790487 0
  endloop
endfacet
facet normal 0 -0 1
  outer loop
    vertex -1.780979026367378 -0.4299068941956538 0
    vertex -1.655265278303091 -0.3126526790646272 0
    vertex -1.797270310930448 -0.2170075174481425 0
  endloop
endfacet
facet normal -0 0 1
  outer loop
    vertex -1.797270310930448 -0.2170075174481425 0
    vertex -1.655265278303091 -0.3126526790646272 0
    vertex -1.607524537068381 -0.1455840126776713 0
  endloop
endfacet
facet normal 0.984568 -0.173434 -0.0233577
  outer loop
    vertex 1.947443728072578 -0.4554809831274833 0.3873106961675123
    vertex 1.988418848631197 -0.2149197115394177 0.3282824127840197
    vertex 1.976168185491656 -0.3078299898492922 0.5017675822153431
  endloop
endfacet
facet normal 0.986417 -0.162963 0.0205998
  outer loop
    vertex 1.947443728072578 -0.4554809831274833 0.3873106961675123
    vertex 1.970988960564713 -0.3394149633296004 0.1780390105621916
    vertex 1.988418848631197 -0.2149197115394177 0.3282824127840197
  endloop
endfacet
facet normal -0.418976 0.907997 3.21656e-06
  outer loop
    vertex -0.9333222266121213 1.768872415215917 0.3723921047896606
    vertex -0.9333346464513419 1.768865861995631 0.6045309184237894
    vertex -0.740211168387729 1.857979393371755 0.3907861139048822
  endloop
endfacet
facet normal -0.415412 0.909625 0.00390241
  outer loop
    vertex -0.9333346464513419 1.768865861995631 0.6045309184237894
    vertex -0.7256154107012812 1.863728058422905 0.6045309184237986
    vertex -0.740211168387729 1.857979393371755 0.3907861139048822
  endloop
endfacet
facet normal -0.985351 0.170522 0.00227803
  outer loop
    vertex -1.986963470697098 0.2279828197811031 0.4067963776356987
    vertex -1.948023833884669 0.4529935348515211 0.4067963776357713
    vertex -1.950039650819462 0.4442357034637244 0.190431326965822
  endloop
endfacet
facet normal -0.985821 0.167802 -0.000520513
  outer loop
    vertex -1.986963470697098 0.2279828197811031 0.4067963776356987
    vertex -1.950039650819462 0.4442357034637244 0.190431326965822
    vertex -1.98722519365698 0.2256901187357934 0.1633678507603835
  endloop
endfacet
facet normal 0.0285594 -0.999592 3.44845e-06
  outer loop
    vertex -0.0571121015872689 -1.999184385656382 0.6045309184238326
    vertex -0.05709808493056902 -1.999184786030862 0.3723921118240707
    vertex 0.1711500169576677 -1.992663461725384 0.3850634878399913
  endloop
endfacet
facet normal 0.0276431 -0.999617 -0.000950244
  outer loop
    vertex 0.1674398509927084 -1.992978649233238 0.6086968294233087
    vertex -0.0571121015872689 -1.999184385656382 0.6045309184238326
    vertex 0.1711500169576677 -1.992663461725384 0.3850634878399913
  endloop
endfacet
facet normal 0.984908 0.171751 -0.0213998
  outer loop
    vertex 1.988771207807734 0.2116343143135481 0.3279520216410095
    vertex 1.947672959551758 0.4544997718711161 0.3856401983745212
    vertex 1.978918212478652 0.2896251168671268 0.5004182656273264
  endloop
endfacet
facet normal 0.896294 0.443461 -7.16847e-05
  outer loop
    vertex 1.838436844507251 0.7874960118998836 0.607077360928286
    vertex 1.741492154239555 0.9834658492912058 0.802265459211893
    vertex 1.838322044518144 0.7877639625158224 0.8293149986422284
  endloop
endfacet
facet normal 0.896017 0.444018 -0.00076892
  outer loop
    vertex 1.741492154239555 0.9834658492912058 0.802265459211893
    vertex 1.838436844507251 0.7874960118998836 0.607077360928286
    vertex 1.739884578078388 0.9863070794458428 0.5696563943959222
  endloop
endfacet
facet normal 0.93822 -0.346027 0.00283427
  outer loop
    vertex 1.912454339722679 -0.5852507142036585 0.7739550626976607
    vertex 1.837941451910151 -0.7886515195892329 0.6072086377461611
    vertex 1.909145313184833 -0.5959565195082501 0.5622959616522286
  endloop
endfacet
facet normal 0.840148 0.542356 0.000818348
  outer loop
    vertex 1.614953624315998 1.179798623201699 0.5932137891008892
    vertex 1.741492154239555 0.9834658492912058 0.802265459211893
    vertex 1.739884578078388 0.9863070794458428 0.5696563943959222
  endloop
endfacet
facet normal 0.986966 -0.159904 0.0181249
  outer loop
    vertex 1.989129527446357 -0.2082395808702845 0.6745986240979932
    vertex 1.956637242959347 -0.414210935954674 0.6267670764813721
    vertex 1.976168185491656 -0.3078299898492922 0.5017675822153431
  endloop
endfacet
facet normal 0.841452 0.540328 -0.00187557
  outer loop
    vertex 1.741492154239555 0.9834658492912058 0.802265459211893
    vertex 1.614953624315998 1.179798623201699 0.5932137891008892
    vertex 1.619422872212267 1.173656491890097 0.828819615092425
  endloop
endfacet
facet normal 0.987164 0.158748 0.0175126
  outer loop
    vertex 1.956747051033542 0.4136918880900823 0.6255431955021294
    vertex 1.989503420973996 0.2046365996902019 0.6741446855028542
    vertex 1.978918212478652 0.2896251168671268 0.5004182656273264
  endloop
endfacet
facet normal 0.986573 0.161971 0.0209609
  outer loop
    vertex 1.971144489425202 0.3385105638065958 0.1771823024352861
    vertex 1.947672959551758 0.4544997718711161 0.3856401983745212
    vertex 1.988771207807734 0.2116343143135481 0.3279520216410095
  endloop
endfacet
facet normal 0.939017 -0.34387 -0.000153286
  outer loop
    vertex 1.837941451910151 -0.7886515195892329 0.6072086377461611
    vertex 1.912454339722679 -0.5852507142036585 0.7739550626976607
    vertex 1.838189452236393 -0.7880733073051449 0.8293227057618124
  endloop
endfacet
facet normal 0.896244 -0.443561 0.000153992
  outer loop
    vertex 1.741492154239552 -0.9834658492912115 0.8022654592118914
    vertex 1.837941451910151 -0.7886515195892329 0.6072086377461611
    vertex 1.838189452236393 -0.7880733073051449 0.8293227057618124
  endloop
endfacet
facet normal 0.896117 -0.443818 -0.000165649
  outer loop
    vertex 1.837941451910151 -0.7886515195892329 0.6072086377461611
    vertex 1.741492154239552 -0.9834658492912115 0.8022654592118914
    vertex 1.741149270477973 -0.9840727706394604 0.5734612901533123
  endloop
endfacet
facet normal 0.772518 0.634974 -0.00487519
  outer loop
    vertex 1.614953624315998 1.179798623201699 0.5932137891008892
    vertex 1.469953075559757 1.356185074262511 0.5901692644737213
    vertex 1.483479609443833 1.341375506099754 0.8046859787229159
  endloop
endfacet
facet normal 0.776738 0.629821 0.00168506
  outer loop
    vertex 1.614953624315998 1.179798623201699 0.5932137891008892
    vertex 1.483479609443833 1.341375506099754 0.8046859787229159
    vertex 1.619422872212267 1.173656491890097 0.828819615092425
  endloop
endfacet
facet normal 0.938441 0.34543 0.00260676
  outer loop
    vertex 1.838436844507251 0.7874960118998836 0.607077360928286
    vertex 1.912634126084234 0.5846628941005216 0.773925715980426
    vertex 1.909567659460643 0.5946018448861405 0.5608196368685452
  endloop
endfacet
facet normal 0.988188 -0.152588 -0.0142086
  outer loop
    vertex 1.970310380601961 -0.3433322066048516 0.8165358316065471
    vertex 1.956637242959347 -0.414210935954674 0.6267670764813721
    vertex 1.989129527446357 -0.2082395808702845 0.6745986240979932
  endloop
endfacet
facet normal 0.98835 0.151513 -0.0144061
  outer loop
    vertex 1.956747051033542 0.4136918880900823 0.6255431955021294
    vertex 1.970363218278482 0.3430288443487827 0.8165153109796817
    vertex 1.989503420973996 0.2046365996902019 0.6741446855028542
  endloop
endfacet
facet normal 0.774186 -0.632959 -0.000223976
  outer loop
    vertex 1.473482275752805 -1.352349800548044 0.8022654592118914
    vertex 1.618675669122228 -1.174686800041486 0.5938914149267133
    vertex 1.618122791726837 -1.175448268063783 0.8347562581057993
  endloop
endfacet
facet normal 0.774364 -0.63274 8.64019e-05
  outer loop
    vertex 1.618675669122228 -1.174686800041486 0.5938914149267133
    vertex 1.473482275752805 -1.352349800548044 0.8022654592118914
    vertex 1.473727802724386 -1.352082232512932 0.5612269416589836
  endloop
endfacet
facet normal 0.575558 0.817716 -0.00859448
  outer loop
    vertex 1.053008826064428 1.700344792161406 0.4227713466674317
    vertex 1.221295759270874 1.583804491844552 0.6045309184237417
    vertex 1.248514443477849 1.562437737776196 0.3943974989570199
  endloop
endfacet
facet normal 0.939119 0.343592 7.08479e-05
  outer loop
    vertex 1.912634126084234 0.5846628941005216 0.773925715980426
    vertex 1.838436844507251 0.7874960118998836 0.607077360928286
    vertex 1.838322044518144 0.7877639625158224 0.8293149986422284
  endloop
endfacet
facet normal 0.313494 -0.94959 -0.000528012
  outer loop
    vertex 0.7256154107012707 -1.863728058422909 0.802265459211893
    vertex 0.5248251833427247 -1.929911533446359 0.6139975443960812
    vertex 0.7277100499211023 -1.862911185012272 0.5768207162931563
  endloop
endfacet
facet normal 0.311924 -0.950106 0.00132834
  outer loop
    vertex 0.5248251833427247 -1.929911533446359 0.6139975443960812
    vertex 0.7256154107012707 -1.863728058422909 0.802265459211893
    vertex 0.519596140487401 -1.93132593075084 0.830233147022555
  endloop
endfacet
facet normal -0.0313698 0.999508 6.63316e-15
  outer loop
    vertex -0.1711500169576746 1.992663461725383 0.802265459211893
    vertex 0.04585593875096101 1.99947423911419 0.6083346040015872
    vertex -0.1711500169576502 1.992663461725385 0.5827980286280811
  endloop
endfacet
facet normal -0.0312599 0.999511 0.000123047
  outer loop
    vertex 0.04585593875096101 1.99947423911419 0.6083346040015872
    vertex -0.1711500169576746 1.992663461725383 0.802265459211893
    vertex 0.04635696009761533 1.999462685886013 0.8294650623871094
  endloop
endfacet
facet normal -0.941387 -0.337325 0.00148
  outer loop
    vertex -1.842249576790113 -0.778534839821988 0.3954455352517004
    vertex -1.918984303906855 -0.5634707102939082 0.6045544647483136
    vertex -1.917347054939282 -0.5690169337688122 0.3818541301188511
  endloop
endfacet
facet normal -0.942298 -0.334772 -0.00147999
  outer loop
    vertex -1.918984303906855 -0.5634707102939082 0.6045544647483136
    vertex -1.842249576790113 -0.778534839821988 0.3954455352517004
    vertex -1.844492935843254 -0.7732048949821356 0.6181459493902505
  endloop
endfacet
facet normal -0.197265 -0.980349 0.00147515
  outer loop
    vertex -0.2846296765460659 -1.979642883761938 0.3954690815762631
    vertex -0.5084310271272426 -1.934295192222308 0.6045544647483421
    vertex -0.5028548405197343 -1.935752310954548 0.381865283352208
  endloop
endfacet
facet normal -0.609575 0.792727 0.00147609
  outer loop
    vertex -1.309717059683698 1.511502968430261 0.6045544647483513
    vertex -1.128886437733721 1.650943793925423 0.3954690815762739
    vertex -1.30535308847036 1.515273346436508 0.3818631663227178
  endloop
endfacet
facet normal -0.198594 -0.980082 -5.50218e-06
  outer loop
    vertex -0.5084310271272426 -1.934295192222308 0.6045544647483421
    vertex -0.2846296765460659 -1.979642883761938 0.3954690815762631
    vertex -0.2846517002299866 -1.979639717109196 0.6263217913948314
  endloop
endfacet
facet normal -0.610652 0.791899 -6.99488e-06
  outer loop
    vertex -1.128886437733721 1.650943793925423 0.3954690815762739
    vertex -1.309717059683698 1.511502968430261 0.6045544647483513
    vertex -1.128909787256751 1.650927827688393 0.6263204809317815
  endloop
endfacet
facet normal -0.739597 -0.67305 -3.05032e-14
  outer loop
    vertex -1.405967874967321 -1.422411450516296 0.6139231552688333
    vertex -1.548283221278177 -1.266024907617726 0.8022654592118937
    vertex -1.548283221278256 -1.266024907617629 0.5827980286281504
  endloop
endfacet
facet normal -0.738805 -0.673918 0.00131846
  outer loop
    vertex -1.548283221278177 -1.266024907617726 0.8022654592118937
    vertex -1.405967874967321 -1.422411450516296 0.6139231552688333
    vertex -1.402138567093631 -1.426186326771022 0.830203586267627
  endloop
endfacet
facet normal -0.516395 0.856351 -3.45347e-06
  outer loop
    vertex -1.128886437733721 1.650943793925423 0.3954690815762739
    vertex -0.9333346464513419 1.768865861995631 0.6045309184237894
    vertex -0.9333222266121213 1.768872415215917 0.3723921047896606
  endloop
endfacet
facet normal -0.9601 0.279646 -0.00237424
  outer loop
    vertex -1.948023833884669 0.4529935348515211 0.4067963776357713
    vertex -1.883688727279045 0.6720987864308716 0.1977345407881063
    vertex -1.950039650819462 0.4442357034637244 0.190431326965822
  endloop
endfacet
facet normal -0.959493 0.281733 2.03925e-07
  outer loop
    vertex -1.883688727279045 0.6720987864308716 0.1977345407881063
    vertex -1.948023833884669 0.4529935348515211 0.4067963776357713
    vertex -1.883688450176483 0.6720995630646679 0.4285777516918469
  endloop
endfacet
facet normal -0.921124 0.38927 -2.03925e-07
  outer loop
    vertex -1.79479685738271 0.8824422024864562 0.4067963776356928
    vertex -1.883688727279045 0.6720987864308716 0.1977345407881063
    vertex -1.883688450176483 0.6720995630646679 0.4285777516918469
  endloop
endfacet
facet normal -0.99834 0.0575862 -0.000544197
  outer loop
    vertex -1.986963470697098 0.2279828197811031 0.4067963776356987
    vertex -2 1.53439624947316e-14 0.1977345407881063
    vertex -1.999998808705074 0.002182928831656486 0.4265438881716328
  endloop
endfacet
facet normal -0.998397 0.0565949 0.000540398
  outer loop
    vertex -2 1.53439624947316e-14 0.1977345407881063
    vertex -1.986963470697098 0.2279828197811031 0.4067963776356987
    vertex -1.98722519365698 0.2256901187357934 0.1633678507603835
  endloop
endfacet
facet normal -0.921124 0.38927 7.55145e-16
  outer loop
    vertex -1.883688727279045 0.6720987864308716 0.1977345407881063
    vertex -1.79479685738271 0.8824422024864562 0.4067963776356928
    vertex -1.794796857382712 0.882442202486453 0.1653614210752479
  endloop
endfacet
facet normal -0.870746 0.491733 -9.51789e-16
  outer loop
    vertex -1.79479685738271 0.8824422024864562 0.4067963776356928
    vertex -1.682507065662357 1.081281634911204 0.1977345407881063
    vertex -1.794796857382712 0.882442202486453 0.1653614210752479
  endloop
endfacet
facet normal -0.811014 0.585026 0.000517835
  outer loop
    vertex -1.555707921178924 1.256890155893168 0.3916311251104406
    vertex -1.682507065662357 1.081281634911204 0.1977345407881063
    vertex -1.683687326958257 1.07944290494688 0.4265634529267062
  endloop
endfacet
facet normal -0.870991 0.491299 -0.000544649
  outer loop
    vertex -1.682507065662357 1.081281634911204 0.1977345407881063
    vertex -1.79479685738271 0.8824422024864562 0.4067963776356928
    vertex -1.683687326958257 1.07944290494688 0.4265634529267062
  endloop
endfacet
facet normal -0.998558 -0.0536869 0.000517393
  outer loop
    vertex -2 1.53439624947316e-14 0.1977345407881063
    vertex -1.98827132556153 -0.2162802255172585 0.3916555162906042
    vertex -1.999998808705074 0.002182928831656486 0.4265438881716328
  endloop
endfacet
facet normal -0.810592 0.585612 -0.000289219
  outer loop
    vertex -1.682507065662357 1.081281634911204 0.1977345407881063
    vertex -1.555707921178924 1.256890155893168 0.3916311251104406
    vertex -1.554965149018728 1.257808962178742 0.170272320373943
  endloop
endfacet
facet normal -0.998519 -0.0544083 -0.000289506
  outer loop
    vertex -1.98827132556153 -0.2162802255172585 0.3916555162906042
    vertex -2 1.53439624947316e-14 0.1977345407881063
    vertex -1.988143070789012 -0.2174560417041527 0.1702762923275257
  endloop
endfacet
facet normal -0.742461 0.66989 0.000289212
  outer loop
    vertex -1.555707921178924 1.256890155893168 0.3916311251104406
    vertex -1.410352456118093 1.418064155643764 0.2254013279017628
    vertex -1.554965149018728 1.257808962178742 0.170272320373943
  endloop
endfacet
facet normal -0.986768 -0.16214 0.000289501
  outer loop
    vertex -1.95312861042061 -0.4304516594885624 0.2254037883891961
    vertex -1.98827132556153 -0.2162802255172585 0.3916555162906042
    vertex -1.988143070789012 -0.2174560417041527 0.1702762923275257
  endloop
endfacet
facet normal -0.36818 -0.929755 -1.75459e-05
  outer loop
    vertex -0.6399726277722674 -1.894844330202948 0.2254044728971838
    vertex -0.8307540612758054 -1.819298680721161 0.393174200046703
    vertex -0.8308211291077453 -1.81926805375902 0.177594442660857
  endloop
endfacet
facet normal -0.461545 -0.887117 1.75578e-05
  outer loop
    vertex -0.8307540612758054 -1.819298680721161 0.393174200046703
    vertex -1.012939185189319 -1.724515644205062 0.2253999469634952
    vertex -0.8308211291077453 -1.81926805375902 0.177594442660857
  endloop
endfacet
facet normal -0.807436 -0.589955 0.000290727
  outer loop
    vertex -1.676108522337239 -1.091173781461265 0.6083656231206841
    vertex -1.548283221278177 -1.266024907617726 0.8022654592118937
    vertex -1.676756224445258 -1.090178225697103 0.8297266254602061
  endloop
endfacet
facet normal -0.866534 -0.499117 -0.000290735
  outer loop
    vertex -1.784479389475243 -0.9031241933079102 0.7745962116108402
    vertex -1.676108522337239 -1.091173781461265 0.6083656231206841
    vertex -1.676756224445258 -1.090178225697103 0.8297266254602061
  endloop
endfacet
facet normal -0.807282 -0.590165 3.06532e-14
  outer loop
    vertex -1.548283221278177 -1.266024907617726 0.8022654592118937
    vertex -1.676108522337239 -1.091173781461265 0.6083656231206841
    vertex -1.548283221278256 -1.266024907617629 0.5827980286281504
  endloop
endfacet
facet normal -0.317747 0.948168 -0.00380334
  outer loop
    vertex -0.7256154107012812 1.863728058422905 0.6045309184237986
    vertex -0.5310190333810345 1.928216478040542 0.4240245296318808
    vertex -0.740211168387729 1.857979393371755 0.3907861139048822
  endloop
endfacet
facet normal -0.143781 0.989598 0.00483095
  outer loop
    vertex -0.1711500169576746 1.992663461725383 0.802265459211893
    vertex -0.3849994490809863 1.962594054869049 0.5971517188639112
    vertex -0.4037284204158705 1.958827037425333 0.8113869151443289
  endloop
endfacet
facet normal -0.13924 0.990259 -5.41704e-15
  outer loop
    vertex -0.3849994490809863 1.962594054869049 0.5971517188639112
    vertex -0.1711500169576746 1.992663461725383 0.802265459211893
    vertex -0.1711500169576502 1.992663461725385 0.5827980286280811
  endloop
endfacet
facet normal -0.0855719 -0.996332 -3.44848e-06
  outer loop
    vertex -0.0571121015872689 -1.999184385656382 0.6045309184238326
    vertex -0.2846296765460659 -1.979642883761938 0.3954690815762631
    vertex -0.05709808493056902 -1.999184786030862 0.3723921118240707
  endloop
endfacet
facet normal -0.661711 -0.749757 -0.00137019
  outer loop
    vertex -1.405967874967321 -1.422411450516296 0.6139231552688333
    vertex -1.23975352591735 -1.569398354458006 0.7734762574491003
    vertex -1.402138567093631 -1.426186326771022 0.830203586267627
  endloop
endfacet
facet normal -0.516403 0.856346 6.99522e-06
  outer loop
    vertex -0.9333346464513419 1.768865861995631 0.6045309184237894
    vertex -1.128886437733721 1.650943793925423 0.3954690815762739
    vertex -1.128909787256751 1.650927827688393 0.6263204809317815
  endloop
endfacet
facet normal -0.08558 -0.996331 5.50242e-06
  outer loop
    vertex -0.2846296765460659 -1.979642883761938 0.3954690815762631
    vertex -0.0571121015872689 -1.999184385656382 0.6045309184238326
    vertex -0.2846517002299866 -1.979639717109196 0.6263217913948314
  endloop
endfacet
facet normal 0.0770286 0.997029 -0.000122435
  outer loop
    vertex 0.2614355566776437 1.982839239500936 0.7734683719788857
    vertex 0.04585593875096101 1.99947423911419 0.6083346040015872
    vertex 0.04635696009761533 1.999462685886013 0.8294650623871094
  endloop
endfacet
facet normal -0.459003 -0.888428 -0.00348277
  outer loop
    vertex -1.012939185189319 -1.724515644205062 0.2253999469634952
    vertex -0.8307540612758054 -1.819298680721161 0.393174200046703
    vertex -1.000318434366528 -1.73186692036845 0.4373325114521168
  endloop
endfacet
facet normal -0.745898 0.666029 -0.00645967
  outer loop
    vertex -1.410352456118093 1.418064155643764 0.2254013279017628
    vertex -1.555707921178924 1.256890155893168 0.3916311251104406
    vertex -1.428700238331807 1.399576946434399 0.4378822922964093
  endloop
endfacet
facet normal 0.572283 0.820046 -0.00406724
  outer loop
    vertex 1.221295759270874 1.583804491844552 0.6045309184237417
    vertex 1.053008826064428 1.700344792161406 0.4227713466674317
    vertex 1.067547238040483 1.691254828389896 0.6356650667837199
  endloop
endfacet
facet normal -0.371598 -0.928383 -0.00452283
  outer loop
    vertex -0.8307540612758054 -1.819298680721161 0.393174200046703
    vertex -0.6399726277722674 -1.894844330202948 0.2254044728971838
    vertex -0.6580789515088671 -1.888632334145794 0.4379195783746138
  endloop
endfacet
facet normal -0.987573 -0.157029 -0.00646483
  outer loop
    vertex -1.98827132556153 -0.2162802255172585 0.3916555162906042
    vertex -1.95312861042061 -0.4304516594885624 0.2254037883891961
    vertex -1.958573637095908 -0.404955933495121 0.4379048172860658
  endloop
endfacet
facet normal -0.863922 -0.503584 0.00646506
  outer loop
    vertex -1.676108522337239 -1.091173781461265 0.6083656231206841
    vertex -1.784479389475243 -0.9031241933079102 0.7745962116108402
    vertex -1.772555450743974 -0.926308357966087 0.5620986419764759
  endloop
endfacet
facet normal -0.317366 0.948297 -0.00334641
  outer loop
    vertex -0.5310190333810345 1.928216478040542 0.4240245296318808
    vertex -0.7256154107012812 1.863728058422905 0.6045309184237986
    vertex -0.5448813401292414 1.924345167889317 0.6416517703939266
  endloop
endfacet
facet normal -0.664135 -0.747606 0.00313582
  outer loop
    vertex -1.23975352591735 -1.569398354458006 0.7734762574491003
    vertex -1.405967874967321 -1.422411450516296 0.6139231552688333
    vertex -1.249335089362008 -1.561781621894951 0.5600942027801141
  endloop
endfacet
facet normal 0.516286 -0.856416 -2.3513e-06
  outer loop
    vertex 1.128886437733532 -1.650943793925552 0.802265459211893
    vertex 0.9328678759379427 -1.769112072776349 0.5939315286757266
    vertex 1.128894401389125 -1.650938348489213 0.5674880820130545
  endloop
endfacet
facet normal 0.0735013 0.997285 0.00450821
  outer loop
    vertex 0.04585593875096101 1.99947423911419 0.6083346040015872
    vertex 0.2614355566776437 1.982839239500936 0.7734683719788857
    vertex 0.2432278715607454 1.985154956797083 0.5580518854017721
  endloop
endfacet
facet normal 0.516369 -0.856366 -0.00010801
  outer loop
    vertex 0.9328678759379427 -1.769112072776349 0.5939315286757266
    vertex 1.128886437733532 -1.650943793925552 0.802265459211893
    vertex 0.9332700746240059 -1.768899931542568 0.8347634599192351
  endloop
endfacet
facet normal 0.207488 -0.978237 -0.00138113
  outer loop
    vertex 0.3077269102662262 -1.976184239563205 0.7735178133438604
    vertex 0.5248251833427247 -1.929911533446359 0.6139975443960812
    vertex 0.519596140487401 -1.93132593075084 0.830233147022555
  endloop
endfacet
facet normal 0.214145 -0.976768 0.00810432
  outer loop
    vertex 0.5248251833427247 -1.929911533446359 0.6139975443960812
    vertex 0.3077269102662262 -1.976184239563205 0.7735178133438604
    vertex 0.3396704827609685 -1.970944941681764 0.560917879580787
  endloop
endfacet
facet normal 0.696942 -0.717128 -8.61373e-05
  outer loop
    vertex 1.473482275752805 -1.352349800548044 0.8022654592118914
    vertex 1.309502782434772 -1.511688613040262 0.5944269376581452
    vertex 1.473727802724386 -1.352082232512932 0.5612269416589836
  endloop
endfacet
facet normal 0.696924 -0.717145 -5.92665e-05
  outer loop
    vertex 1.309502782434772 -1.511688613040262 0.5944269376581452
    vertex 1.473482275752805 -1.352349800548044 0.8022654592118914
    vertex 1.309691215104854 -1.511525362366497 0.8348487347284022
  endloop
endfacet
facet normal 0.415384 -0.909646 0.00010757
  outer loop
    vertex 0.7256154107012707 -1.863728058422909 0.802265459211893
    vertex 0.9328678759379427 -1.769112072776349 0.5939315286757266
    vertex 0.9332700746240059 -1.768899931542568 0.8347634599192351
  endloop
endfacet
facet normal 0.415767 -0.909471 0.000567586
  outer loop
    vertex 0.9328678759379427 -1.769112072776349 0.5939315286757266
    vertex 0.7256154107012707 -1.863728058422909 0.802265459211893
    vertex 0.7277100499211023 -1.862911185012272 0.5768207162931563
  endloop
endfacet
facet normal 0.610633 -0.791914 5.91342e-05
  outer loop
    vertex 1.128886437733532 -1.650943793925552 0.802265459211893
    vertex 1.309502782434772 -1.511688613040262 0.5944269376581452
    vertex 1.309691215104854 -1.511525362366497 0.8348487347284022
  endloop
endfacet
facet normal 0.610592 -0.791945 2.3429e-06
  outer loop
    vertex 1.309502782434772 -1.511688613040262 0.5944269376581452
    vertex 1.128886437733532 -1.650943793925552 0.802265459211893
    vertex 1.128894401389125 -1.650938348489213 0.5674880820130545
  endloop
endfacet
facet normal 0.841315 -0.540545 0.000173051
  outer loop
    vertex 1.741492154239552 -0.9834658492912115 0.8022654592118914
    vertex 1.618675669122228 -1.174686800041486 0.5938914149267133
    vertex 1.741149270477973 -0.9840727706394604 0.5734612901533123
  endloop
endfacet
facet normal 0.841291 -0.540582 0.000222094
  outer loop
    vertex 1.618675669122228 -1.174686800041486 0.5938914149267133
    vertex 1.741492154239552 -0.9834658492912115 0.8022654592118914
    vertex 1.618122791726837 -1.175448268063783 0.8347562581057993
  endloop
endfacet
facet normal 0.703028 0.711147 0.00476535
  outer loop
    vertex 1.469953075559757 1.356185074262511 0.5901692644737213
    vertex 1.326336963874281 1.496940298829834 0.772423103809977
    vertex 1.483479609443833 1.341375506099754 0.8046859787229159
  endloop
endfacet
facet normal 0.702456 0.711717 0.00387429
  outer loop
    vertex 1.326336963874281 1.496940298829834 0.772423103809977
    vertex 1.469953075559757 1.356185074262511 0.5901692644737213
    vertex 1.338998934451588 1.485625071657554 0.5552901918876805
  endloop
endfacet
facet normal 0.346906 0.937843 0.0103352
  outer loop
    vertex 0.5998085731546602 1.907938593238831 0.6057633158398449
    vertex 0.7864759448130881 1.838873456285222 0.6073395110667303
    vertex 0.6694589819665376 1.884628523466714 0.3831334709790358
  endloop
endfacet
facet normal 0.382712 0.923799 -0.0112189
  outer loop
    vertex 0.7864759448130881 1.838873456285222 0.6073395110667303
    vertex 0.8567684352349033 1.807193362201493 0.3966016881468333
    vertex 0.6694589819665376 1.884628523466714 0.3831334709790358
  endloop
endfacet
facet normal 0.992732 -0.120212 0.00572231
  outer loop
    vertex 1.988418848631197 -0.2149197115394177 0.3282824127840197
    vertex 1.992500000000021 -0.1730426248064854 0.4999999999999996
    vertex 1.976168185491656 -0.3078299898492922 0.5017675822153431
  endloop
endfacet
facet normal 0.994045 0.108699 0.00763494
  outer loop
    vertex 1.994742925131537 0.1449160537610713 0.5003278763595602
    vertex 1.988771207807734 0.2116343143135481 0.3279520216410095
    vertex 1.978918212478652 0.2896251168671268 0.5004182656273264
  endloop
endfacet
facet normal 0.994046 0.108709 -0.0073862
  outer loop
    vertex 1.989503420973996 0.2046365996902019 0.6741446855028542
    vertex 1.994742925131537 0.1449160537610713 0.5003278763595602
    vertex 1.978918212478652 0.2896251168671268 0.5004182656273264
  endloop
endfacet
facet normal 0.992718 -0.120352 -0.0050979
  outer loop
    vertex 1.992500000000021 -0.1730426248064854 0.4999999999999996
    vertex 1.989129527446357 -0.2082395808702845 0.6745986240979932
    vertex 1.976168185491656 -0.3078299898492922 0.5017675822153431
  endloop
endfacet
facet normal 0.973708 -0.227205 -0.01646
  outer loop
    vertex 1.918838870568491 -0.5639657691699368 0.1926289421665355
    vertex 1.970988960564713 -0.3394149633296004 0.1780390105621916
    vertex 1.947443728072578 -0.4554809831274833 0.3873106961675123
  endloop
endfacet
facet normal 0.974175 -0.225079 0.0179294
  outer loop
    vertex 1.948023833884666 -0.4529935348515317 0
    vertex 1.970988960564713 -0.3394149633296004 0.1780390105621916
    vertex 1.918838870568491 -0.5639657691699368 0.1926289421665355
  endloop
endfacet
facet normal 0.973147 -0.229405 -0.0189072
  outer loop
    vertex 1.948023833884666 -0.4529935348515317 1
    vertex 1.912454339722679 -0.5852507142036585 0.7739550626976607
    vertex 1.970310380601961 -0.3433322066048516 0.8165358316065471
  endloop
endfacet
facet normal 0.958639 -0.284088 0.0174512
  outer loop
    vertex 1.881062489795255 -0.6794143871638855 0.3883978735519819
    vertex 1.918838870568491 -0.5639657691699368 0.1926289421665355
    vertex 1.947443728072578 -0.4554809831274833 0.3873106961675123
  endloop
endfacet
facet normal 0.9732 0.229183 -0.0188648
  outer loop
    vertex 1.912634126084234 0.5846628941005216 0.773925715980426
    vertex 1.948023833884667 0.4529935348515279 1
    vertex 1.970363218278482 0.3430288443487827 0.8165153109796817
  endloop
endfacet
facet normal 0.985189 -0.170494 -0.0183137
  outer loop
    vertex 1.948023833884666 -0.4529935348515317 0
    vertex 1.9869634706971 -0.227982819781083 0
    vertex 1.970988960564713 -0.3394149633296004 0.1780390105621916
  endloop
endfacet
facet normal 0.985187 0.170493 -0.0183968
  outer loop
    vertex 1.9869634706971 0.2279828197810808 0
    vertex 1.948023833884667 0.4529935348515279 0
    vertex 1.971144489425202 0.3385105638065958 0.1771823024352861
  endloop
endfacet
facet normal 0.941584 0.336352 -0.016945
  outer loop
    vertex 1.919058299352721 0.5632186464291115 0.1918379900096031
    vertex 1.842247306229701 0.7785402126347815 0.1977345407881071
    vertex 1.881752310236428 0.6775014707879735 0.3873280973173882
  endloop
endfacet
facet normal 0.9738 0.226801 -0.0165497
  outer loop
    vertex 1.971144489425202 0.3385105638065958 0.1771823024352861
    vertex 1.919058299352721 0.5632186464291115 0.1918379900096031
    vertex 1.947672959551758 0.4544997718711161 0.3856401983745212
  endloop
endfacet
facet normal 0.941879 0.335534 0.0167805
  outer loop
    vertex 1.88368872727905 0.672098786430859 0
    vertex 1.842247306229701 0.7785402126347815 0.1977345407881071
    vertex 1.919058299352721 0.5632186464291115 0.1918379900096031
  endloop
endfacet
facet normal 0.870754 0.491413 0.0173593
  outer loop
    vertex 1.796355661452107 0.8792646572954933 0.3964082913804457
    vertex 1.741464681794139 0.9835144950958461 0.1986346321614933
    vertex 1.681104482019319 1.083460991699544 0.3970220290868472
  endloop
endfacet
facet normal 0.985198 -0.170495 0.0177688
  outer loop
    vertex 1.9869634706971 -0.227982819781083 1
    vertex 1.948023833884666 -0.4529935348515317 1
    vertex 1.970310380601961 -0.3433322066048516 0.8165358316065471
  endloop
endfacet
facet normal 0.958869 0.283316 0.0173584
  outer loop
    vertex 1.919058299352721 0.5632186464291115 0.1918379900096031
    vertex 1.881752310236428 0.6775014707879735 0.3873280973173882
    vertex 1.947672959551758 0.4544997718711161 0.3856401983745212
  endloop
endfacet
facet normal 0.870629 0.491667 -0.0164188
  outer loop
    vertex 1.794796857382718 0.8824422024864409 0
    vertex 1.682507065662364 1.081281634911193 0
    vertex 1.741464681794139 0.9835144950958461 0.1986346321614933
  endloop
endfacet
facet normal 0.974272 0.224656 0.0180235
  outer loop
    vertex 1.971144489425202 0.3385105638065958 0.1771823024352861
    vertex 1.948023833884667 0.4529935348515279 0
    vertex 1.919058299352721 0.5632186464291115 0.1918379900096031
  endloop
endfacet
facet normal 0.985198 0.170495 0.0177686
  outer loop
    vertex 1.948023833884667 0.4529935348515279 1
    vertex 1.9869634706971 0.2279828197810808 1
    vertex 1.970363218278482 0.3430288443487827 0.8165153109796817
  endloop
endfacet
facet normal 0.959401 -0.281706 0.0138564
  outer loop
    vertex 1.948023833884666 -0.4529935348515317 1
    vertex 1.883688727279049 -0.6720987864308626 1
    vertex 1.912454339722679 -0.5852507142036585 0.7739550626976607
  endloop
endfacet
facet normal 0.9594 0.281705 0.0138851
  outer loop
    vertex 1.88368872727905 0.672098786430859 1
    vertex 1.948023833884667 0.4529935348515279 1
    vertex 1.912634126084234 0.5846628941005216 0.773925715980426
  endloop
endfacet
facet normal 0.959355 -0.281692 -0.0169303
  outer loop
    vertex 1.883688727279049 -0.6720987864308626 0
    vertex 1.948023833884666 -0.4529935348515317 0
    vertex 1.918838870568491 -0.5639657691699368 0.1926289421665355
  endloop
endfacet
facet normal 0.941804 -0.335752 0.0166192
  outer loop
    vertex 1.842316805213281 -0.7783757378212194 0.1974550740052135
    vertex 1.883688727279049 -0.6720987864308626 0
    vertex 1.918838870568491 -0.5639657691699368 0.1926289421665355
  endloop
endfacet
facet normal 0.841006 0.540773 0.0165438
  outer loop
    vertex 1.682507065662364 1.081281634911193 0
    vertex 1.617573521334577 1.176204022726183 0.1981406361441859
    vertex 1.741464681794139 0.9835144950958461 0.1986346321614933
  endloop
endfacet
facet normal 0.941565 -0.336417 -0.016703
  outer loop
    vertex 1.842316805213281 -0.7783757378212194 0.1974550740052135
    vertex 1.918838870568491 -0.5639657691699368 0.1926289421665355
    vertex 1.881062489795255 -0.6794143871638855 0.3883978735519819
  endloop
endfacet
facet normal 0.654883 -0.755547 0.0166637
  outer loop
    vertex 1.309784227128077 -1.511444765238382 0.198286420750301
    vertex 1.394275948806767 -1.433873975835739 0.394893753898435
    vertex 1.221341652505305 -1.583769101812385 0.3948271435330614
  endloop
endfacet
facet normal 0.897299 0.441116 0.0164642
  outer loop
    vertex 1.842247306229701 0.7785402126347815 0.1977345407881071
    vertex 1.794796857382718 0.8824422024864409 0
    vertex 1.741464681794139 0.9835144950958461 0.1986346321614933
  endloop
endfacet
facet normal 0.971761 0.235298 0.0177787
  outer loop
    vertex 1.912634126084234 0.5846628941005216 0.773925715980426
    vertex 1.970363218278482 0.3430288443487827 0.8165153109796817
    vertex 1.956747051033542 0.4136918880900823 0.6255431955021294
  endloop
endfacet
facet normal 0.736641 -0.676083 -0.0164618
  outer loop
    vertex 1.393875137310581 -1.434263609517932 0
    vertex 1.548283221278161 -1.266024907617746 0
    vertex 1.473679130507721 -1.352135281806523 0.1981154467915803
  endloop
endfacet
facet normal 0.6969 -0.716976 -0.0166109
  outer loop
    vertex 1.309784227128077 -1.511444765238382 0.198286420750301
    vertex 1.473679130507721 -1.352135281806523 0.1981154467915803
    vertex 1.394275948806767 -1.433873975835739 0.394893753898435
  endloop
endfacet
facet normal 0.466581 -0.884322 0.0166561
  outer loop
    vertex 0.9333298845214331 -1.768868374599763 0.1980512605017216
    vertex 1.032941891292177 -1.712609426931237 0.3946108665479349
    vertex 0.8306431612532461 -1.819349317383337 0.3943948773657469
  endloop
endfacet
facet normal 0.809167 -0.587344 0.0166324
  outer loop
    vertex 1.618076952484018 -1.175511367805532 0.1978491205270095
    vertex 1.683085948084037 -1.080380345694079 0.3945441423644123
    vertex 1.548674837283299 -1.265545830211434 0.3948562183322347
  endloop
endfacet
facet normal 0.564367 -0.82536 -0.0164664
  outer loop
    vertex 1.032794923277917 -1.712698060503182 0
    vertex 1.221295759270869 -1.583804491844556 0
    vertex 1.128975107597928 -1.650883159531361 0.1980611940411746
  endloop
endfacet
facet normal 0.774107 -0.632842 0.0164415
  outer loop
    vertex 1.548283221278161 -1.266024907617746 0
    vertex 1.618076952484018 -1.175511367805532 0.1978491205270095
    vertex 1.473679130507721 -1.352135281806523 0.1981154467915803
  endloop
endfacet
facet normal 0.841196 -0.540474 -0.0166219
  outer loop
    vertex 1.618076952484018 -1.175511367805532 0.1978491205270095
    vertex 1.741693166181871 -0.9831098183190775 0.1976918280917915
    vertex 1.683085948084037 -1.080380345694079 0.3945441423644123
  endloop
endfacet
facet normal 0.516349 -0.856217 -0.0166089
  outer loop
    vertex 0.9333298845214331 -1.768868374599763 0.1980512605017216
    vertex 1.128975107597928 -1.650883159531361 0.1980611940411746
    vertex 1.032941891292177 -1.712609426931237 0.3946108665479349
  endloop
endfacet
facet normal 0.959354 0.281692 -0.0170003
  outer loop
    vertex 1.948023833884667 0.4529935348515279 0
    vertex 1.88368872727905 0.672098786430859 0
    vertex 1.919058299352721 0.5632186464291115 0.1918379900096031
  endloop
endfacet
facet normal 0.696919 -0.716961 0.0164847
  outer loop
    vertex 1.309784227128077 -1.511444765238382 0.198286420750301
    vertex 1.393875137310581 -1.434263609517932 0
    vertex 1.473679130507721 -1.352135281806523 0.1981154467915803
  endloop
endfacet
facet normal 0.61059 -0.791776 0.0164535
  outer loop
    vertex 1.221295759270869 -1.583804491844556 0
    vertex 1.309784227128077 -1.511444765238382 0.198286420750301
    vertex 1.128975107597928 -1.650883159531361 0.1980611940411746
  endloop
endfacet
facet normal 0.920596 0.390269 -0.0138859
  outer loop
    vertex 1.881752310236428 0.6775014707879735 0.3873280973173882
    vertex 1.796355661452107 0.8792646572954933 0.3964082913804457
    vertex 1.838436844507251 0.7874960118998836 0.607077360928286
  endloop
endfacet
facet normal 0.654893 -0.755544 -0.0164135
  outer loop
    vertex 1.221341652505305 -1.583769101812385 0.3948271435330614
    vertex 1.394275948806767 -1.433873975835739 0.394893753898435
    vertex 1.309502782434772 -1.511688613040262 0.5944269376581452
  endloop
endfacet
facet normal 0.610615 -0.791754 -0.0165807
  outer loop
    vertex 1.309784227128077 -1.511444765238382 0.198286420750301
    vertex 1.221341652505305 -1.583769101812385 0.3948271435330614
    vertex 1.128975107597928 -1.650883159531361 0.1980611940411746
  endloop
endfacet
facet normal 0.516349 -0.85622 0.016483
  outer loop
    vertex 0.9333298845214331 -1.768868374599763 0.1980512605017216
    vertex 1.032794923277917 -1.712698060503182 0
    vertex 1.128975107597928 -1.650883159531361 0.1980611940411746
  endloop
endfacet
facet normal 0.362758 -0.931737 -0.0164909
  outer loop
    vertex 0.6180339887498844 -1.902113032590311 0
    vertex 0.8308300260037623 -1.819263990709042 0
    vertex 0.7256044559972131 -1.863732323440517 0.1977661943500605
  endloop
endfacet
facet normal 0.920222 -0.391149 -0.0139257
  outer loop
    vertex 1.795273766873175 -0.8814715548314647 0.3948476348695936
    vertex 1.881062489795255 -0.6794143871638855 0.3883978735519819
    vertex 1.837941451910151 -0.7886515195892329 0.6072086377461611
  endloop
endfacet
facet normal 0.255633 -0.966646 0.015744
  outer loop
    vertex 0.5084201453188754 -1.934298052481554 0.1977952674132596
    vertex 0.6180608595897127 -1.902104301515357 0.3941952044449329
    vertex 0.4049917902005248 -1.958566222998389 0.3871381854579474
  endloop
endfacet
facet normal 0.466611 -0.884311 -0.0164071
  outer loop
    vertex 0.8306431612532461 -1.819349317383337 0.3943948773657469
    vertex 1.032941891292177 -1.712609426931237 0.3946108665479349
    vertex 0.9328678759379427 -1.769112072776349 0.5939315286757266
  endloop
endfacet
facet normal 0.415373 -0.9095 -0.0165992
  outer loop
    vertex 0.9333298845214331 -1.768868374599763 0.1980512605017216
    vertex 0.8306431612532461 -1.819349317383337 0.3943948773657469
    vertex 0.7256044559972131 -1.863732323440517 0.1977661943500605
  endloop
endfacet
facet normal 0.971697 -0.235548 0.0179651
  outer loop
    vertex 1.970310380601961 -0.3433322066048516 0.8165358316065471
    vertex 1.912454339722679 -0.5852507142036585 0.7739550626976607
    vertex 1.956637242959347 -0.414210935954674 0.6267670764813721
  endloop
endfacet
facet normal 0.841045 0.540714 -0.0165172
  outer loop
    vertex 1.741464681794139 0.9835144950958461 0.1986346321614933
    vertex 1.617573521334577 1.176204022726183 0.1981406361441859
    vertex 1.681104482019319 1.083460991699544 0.3970220290868472
  endloop
endfacet
facet normal 0.809143 -0.587382 -0.0164377
  outer loop
    vertex 1.548674837283299 -1.265545830211434 0.3948562183322347
    vertex 1.683085948084037 -1.080380345694079 0.3945441423644123
    vertex 1.618675669122228 -1.174686800041486 0.5938914149267133
  endloop
endfacet
facet normal 0.774081 -0.63287 -0.0165338
  outer loop
    vertex 1.618076952484018 -1.175511367805532 0.1978491205270095
    vertex 1.548674837283299 -1.265545830211434 0.3948562183322347
    vertex 1.473679130507721 -1.352135281806523 0.1981154467915803
  endloop
endfacet
facet normal 0.415336 -0.909519 0.01648
  outer loop
    vertex 0.8308300260037623 -1.819263990709042 0
    vertex 0.9333298845214331 -1.768868374599763 0.1980512605017216
    vertex 0.7256044559972131 -1.863732323440517 0.1977661943500605
  endloop
endfacet
facet normal 0.308966 -0.950928 -0.0166052
  outer loop
    vertex 0.5084201453188754 -1.934298052481554 0.1977952674132596
    vertex 0.7256044559972131 -1.863732323440517 0.1977661943500605
    vertex 0.6180608595897127 -1.902104301515357 0.3941952044449329
  endloop
endfacet
facet normal 0.5644 -0.825335 0.0165674
  outer loop
    vertex 1.128975107597928 -1.650883159531361 0.1980611940411746
    vertex 1.221341652505305 -1.583769101812385 0.3948271435330614
    vertex 1.032941891292177 -1.712609426931237 0.3946108665479349
  endloop
endfacet
facet normal 0.30897 -0.950929 0.0164905
  outer loop
    vertex 0.5084201453188754 -1.934298052481554 0.1977952674132596
    vertex 0.6180339887498844 -1.902113032590311 0
    vertex 0.7256044559972131 -1.863732323440517 0.1977661943500605
  endloop
endfacet
facet normal 0.256545 -0.966439 -0.0134431
  outer loop
    vertex 0.4049917902005248 -1.958566222998389 0.3871381854579474
    vertex 0.6180608595897127 -1.902104301515357 0.3941952044449329
    vertex 0.5248251833427247 -1.929911533446359 0.6139975443960812
  endloop
endfacet
facet normal 0.362703 -0.931758 0.0165608
  outer loop
    vertex 0.7256044559972131 -1.863732323440517 0.1977661943500605
    vertex 0.8306431612532461 -1.819349317383337 0.3943948773657469
    vertex 0.6180608595897127 -1.902104301515357 0.3941952044449329
  endloop
endfacet
facet normal 0.808007 0.588941 0.0165257
  outer loop
    vertex 1.681104482019319 1.083460991699544 0.3970220290868472
    vertex 1.617573521334577 1.176204022726183 0.1981406361441859
    vertex 1.546579705843582 1.268105363711068 0.3941446094620281
  endloop
endfacet
facet normal 0.736841 -0.675863 0.0165838
  outer loop
    vertex 1.473679130507721 -1.352135281806523 0.1981154467915803
    vertex 1.548674837283299 -1.265545830211434 0.3948562183322347
    vertex 1.394275948806767 -1.433873975835739 0.394893753898435
  endloop
endfacet
facet normal 0.198986 -0.979857 -0.016893
  outer loop
    vertex 0.5084201453188754 -1.934298052481554 0.1977952674132596
    vertex 0.4049917902005248 -1.958566222998389 0.3871381854579474
    vertex 0.2858443109363194 -1.979467865337889 0.1960505491985391
  endloop
endfacet
facet normal -0.973857 0.226557 -0.0165638
  outer loop
    vertex -1.918946775744121 0.5635985023589417 0.6057244336562271
    vertex -1.970713297906174 0.3410118728956114 0.6048017690289084
    vertex -1.948017044505462 0.453022730463057 0.8024552916399164
  endloop
endfacet
facet normal 0.87088 -0.491216 0.0165557
  outer loop
    vertex 1.741693166181871 -0.9831098183190775 0.1976918280917915
    vertex 1.795273766873175 -0.8814715548314647 0.3948476348695936
    vertex 1.683085948084037 -1.080380345694079 0.3945441423644123
  endloop
endfacet
facet normal -0.974387 -0.224167 -0.0178409
  outer loop
    vertex -1.948315157902442 -0.4517389129658661 0.8025847153776781
    vertex -1.972004338203782 -0.3334649758302397 0.6102934078575452
    vertex -1.918984303906855 -0.5634707102939082 0.6045544647483136
  endloop
endfacet
facet normal -0.896215 -0.44326 0.0178402
  outer loop
    vertex -1.794227966870837 -0.8835983266725572 0.1974225342888453
    vertex -1.737693258468425 -0.9901626833371311 0.3897703911215032
    vertex -1.842249576790113 -0.778534839821988 0.3954455352517004
  endloop
endfacet
facet normal 0.0284275 0.999459 0.0165562
  outer loop
    vertex 0.05707985234015591 1.999185306682906 0.1975791816418437
    vertex -0.05721696009162065 1.999181387337796 0.3940662011592008
    vertex 0.1711558284466043 1.992662962567618 0.3954455352516602
  endloop
endfacet
facet normal -0.69851 0.715378 -0.0178392
  outer loop
    vertex -1.478673526351465 1.346671675824261 0.6102255181318841
    vertex -1.39479817143512 1.433365989885782 0.802577265024746
    vertex -1.309717059683698 1.511502968430261 0.6045544647483513
  endloop
endfacet
facet normal -0.310861 -0.950292 -0.0176127
  outer loop
    vertex -0.6190149709403855 -1.901794012439747 0.8027432790273678
    vertex -0.7311970000313627 -1.861545311601395 0.6111199434821825
    vertex -0.5084310271272426 -1.934295192222308 0.6045544647483421
  endloop
endfacet
facet normal 0.808253 0.588605 -0.0165051
  outer loop
    vertex 1.681104482019319 1.083460991699544 0.3970220290868472
    vertex 1.546579705843582 1.268105363711068 0.3941446094620281
    vertex 1.614953624315998 1.179798623201699 0.5932137891008892
  endloop
endfacet
facet normal -0.870455 -0.491964 -0.0167142
  outer loop
    vertex -1.682507065053346 -1.081281635858842 0.1977281638286158
    vertex -1.737693258468425 -0.9901626833371311 0.3897703911215032
    vertex -1.794227966870837 -0.8835983266725572 0.1974225342888453
  endloop
endfacet
facet normal -0.028571 0.999454 -0.0165999
  outer loop
    vertex -0.1711500180799836 1.992663461628988 0.1977281638285897
    vertex -0.05721696009162065 1.999181387337796 0.3940662011592008
    vertex 0.05707985234015591 1.999185306682906 0.1975791816418437
  endloop
endfacet
facet normal -0.985275 -0.170158 0.0167197
  outer loop
    vertex -1.986963470825501 -0.2279828186620206 0.8022718361714476
    vertex -1.972004338203782 -0.3334649758302397 0.6102934078575452
    vertex -1.948315157902442 -0.4517389129658661 0.8025847153776781
  endloop
endfacet
facet normal -0.736871 0.675827 0.0167141
  outer loop
    vertex -1.478673526351465 1.346671675824261 0.6102255181318841
    vertex -1.548283221991176 1.266024906745765 0.8022718361714476
    vertex -1.39479817143512 1.433365989885782 0.802577265024746
  endloop
endfacet
facet normal -0.98522 0.170493 0.0165123
  outer loop
    vertex -1.970713297906174 0.3410118728956114 0.6048017690289084
    vertex -1.986963470825498 0.2279828186620458 0.8022718361714696
    vertex -1.948017044505462 0.453022730463057 0.8024552916399164
  endloop
endfacet
facet normal -0.363029 -0.931625 0.0168488
  outer loop
    vertex -0.8308300270283857 -1.819263990241112 0.8022718361714444
    vertex -0.7311970000313627 -1.861545311601395 0.6111199434821825
    vertex -0.6190149709403855 -1.901794012439747 0.8027432790273678
  endloop
endfacet
facet normal -0.959358 0.281706 0.0165762
  outer loop
    vertex -1.883686824015525 0.6721041206764794 0.8024070233483273
    vertex -1.918946775744121 0.5635985023589417 0.6057244336562271
    vertex -1.948017044505462 0.453022730463057 0.8024552916399164
  endloop
endfacet
facet normal 0.0286194 0.999476 -0.0151333
  outer loop
    vertex 0.1711558284466043 1.992662962567618 0.3954455352516602
    vertex -0.05721696009162065 1.999181387337796 0.3940662011592008
    vertex 0.04585593875096101 1.99947423911419 0.6083346040015872
  endloop
endfacet
facet normal 0.772242 0.635115 0.0164955
  outer loop
    vertex 1.614953624315998 1.179798623201699 0.5932137891008892
    vertex 1.546579705843582 1.268105363711068 0.3941446094620281
    vertex 1.469953075559757 1.356185074262511 0.5901692644737213
  endloop
endfacet
facet normal 0.737781 0.674877 -0.0148412
  outer loop
    vertex 1.469953075559757 1.356185074262511 0.5901692644737213
    vertex 1.546579705843582 1.268105363711068 0.3941446094620281
    vertex 1.398770071705461 1.429490219099487 0.3849592985354283
  endloop
endfacet
facet normal -0.774017 -0.632948 0.016562
  outer loop
    vertex -1.617947916070476 -1.175688964345249 0.3943417488031599
    vertex -1.548283221069044 -1.266024907873484 0.1977330293244285
    vertex -1.473556454610901 -1.352268972902414 0.394075582101299
  endloop
endfacet
facet normal -0.259327 -0.965628 0.0176687
  outer loop
    vertex -0.6399726277722674 -1.894844330202948 0.2254044728971838
    vertex -0.5084366683869891 -1.93429370940391 0
    vertex -0.4016846330951665 -1.959247165503935 0.2030670431391461
  endloop
endfacet
facet normal -0.808907 -0.587705 0.0164939
  outer loop
    vertex -1.682507065053346 -1.081281635858842 0.1977281638286158
    vertex -1.618033988749906 -1.175570504584931 0
    vertex -1.548283221069044 -1.266024907873484 0.1977330293244285
  endloop
endfacet
facet normal -0.808905 -0.587705 -0.0165878
  outer loop
    vertex -1.682507065053346 -1.081281635858842 0.1977281638286158
    vertex -1.548283221069044 -1.266024907873484 0.1977330293244285
    vertex -1.617947916070476 -1.175688964345249 0.3943417488031599
  endloop
endfacet
facet normal -0.466793 0.884211 0.0166176
  outer loop
    vertex -0.8308300260037674 1.819263990709039 0.1977345407881067
    vertex -0.9333346464513419 1.768865861995631 0
    vertex -1.033564140817077 1.712233969648149 0.1978692193467204
  endloop
endfacet
facet normal -0.142295 0.989687 0.0164939
  outer loop
    vertex -0.1711500180799836 1.992663461628988 0.1977281638285897
    vertex -0.2846296765465656 1.979642883761866 0
    vertex -0.3971809336151588 1.960165122119203 0.1977330293243457
  endloop
endfacet
facet normal 0.30744 0.951411 0.0172227
  outer loop
    vertex 0.5041350946228581 1.935419284385066 0.7955383696993842
    vertex 0.7256154107012857 1.863728058422903 0.8022654592118929
    vertex 0.5998085731546602 1.907938593238831 0.6057633158398449
  endloop
endfacet
facet normal 0.308379 0.951114 -0.016854
  outer loop
    vertex 0.6180339887498983 1.902113032590306 1
    vertex 0.7256154107012857 1.863728058422903 0.8022654592118929
    vertex 0.5041350946228581 1.935419284385066 0.7955383696993842
  endloop
endfacet
facet normal -0.697956 -0.715968 0.0157454
  outer loop
    vertex -1.473556454610901 -1.352268972902414 0.394075582101299
    vertex -1.393875137310416 -1.434263609518093 0.1977345407881832
    vertex -1.31579491577749 -1.506215037640412 0.3870999287901478
  endloop
endfacet
facet normal 0.516554 0.856093 0.016648
  outer loop
    vertex 1.129330737746623 1.650639901608061 0.1959162127165147
    vertex 1.032794923277927 1.712698060503176 0
    vertex 0.9334429484592003 1.768808712657136 0.1973035926514821
  endloop
endfacet
facet normal -0.142296 0.989685 -0.0165878
  outer loop
    vertex -0.1711500180799836 1.992663461628988 0.1977281638285897
    vertex -0.3971809336151588 1.960165122119203 0.1977330293243457
    vertex -0.2844848650369703 1.979663699107729 0.3943417488030711
  endloop
endfacet
facet normal -0.198565 -0.979957 -0.0160346
  outer loop
    vertex -0.5084366683869891 -1.93429370940391 0
    vertex -0.2846296765465846 -1.979642883761863 0
    vertex -0.4016846330951665 -1.959247165503935 0.2030670431391461
  endloop
endfacet
facet normal 0.613176 0.789732 -0.0184143
  outer loop
    vertex 1.221295759270879 1.583804491844548 1
    vertex 1.326336963874281 1.496940298829834 0.772423103809977
    vertex 1.128886437733406 1.650943793925639 0.8022654592118049
  endloop
endfacet
facet normal -0.774036 -0.632926 -0.0164937
  outer loop
    vertex -1.618033988749906 -1.175570504584931 0
    vertex -1.473482275752824 -1.352349800548024 0
    vertex -1.548283221069044 -1.266024907873484 0.1977330293244285
  endloop
endfacet
facet normal 0.516417 0.856225 -0.0138617
  outer loop
    vertex 1.129330737746623 1.650639901608061 0.1959162127165147
    vertex 0.9334429484592003 1.768808712657136 0.1973035926514821
    vertex 1.053008826064428 1.700344792161406 0.4227713466674317
  endloop
endfacet
facet normal 0.616859 0.78679 0.0211343
  outer loop
    vertex 1.128886437733406 1.650943793925639 0.8022654592118049
    vertex 1.326336963874281 1.496940298829834 0.772423103809977
    vertex 1.221295759270874 1.583804491844552 0.6045309184237417
  endloop
endfacet
facet normal -0.736639 -0.676082 -0.0166105
  outer loop
    vertex -1.548283221069044 -1.266024907873484 0.1977330293244285
    vertex -1.393875137310416 -1.434263609518093 0.1977345407881832
    vertex -1.473556454610901 -1.352268972902414 0.394075582101299
  endloop
endfacet
facet normal -0.516327 0.856233 -0.0164813
  outer loop
    vertex -0.9333346464513419 1.768865861995631 0
    vertex -1.128886437733532 1.650943793925552 0
    vertex -1.033564140817077 1.712233969648149 0.1978692193467204
  endloop
endfacet
facet normal -0.198563 0.979949 -0.0164937
  outer loop
    vertex -0.2846296765465656 1.979642883761866 0
    vertex -0.5084366683869688 1.934293709403916 0
    vertex -0.3971809336151588 1.960165122119203 0.1977330293243457
  endloop
endfacet
facet normal 0.254186 0.967024 0.0159269
  outer loop
    vertex 0.397180933291495 1.960165122184786 1
    vertex 0.6180339887498983 1.902113032590306 1
    vertex 0.5041350946228581 1.935419284385066 0.7955383696993842
  endloop
endfacet
facet normal 0.466604 0.884312 -0.0165296
  outer loop
    vertex 1.032794923277927 1.712698060503176 0
    vertex 0.8308300260037765 1.819263990709035 0
    vertex 0.9334429484592003 1.768808712657136 0.1973035926514821
  endloop
endfacet
facet normal -0.0269227 -0.999486 0.0173783
  outer loop
    vertex 0.06151354273017402 -1.999053797190256 0.7958179495906421
    vertex -0.171294451822509 -1.9926510509306 0.8033927247476375
    vertex -0.0571121015872689 -1.999184385656382 0.6045309184238326
  endloop
endfacet
facet normal 0.564366 0.82536 0.0164936
  outer loop
    vertex 1.032794923277927 1.712698060503176 1
    vertex 1.221295759270879 1.583804491844548 1
    vertex 1.128886437733406 1.650943793925639 0.8022654592118049
  endloop
endfacet
facet normal -0.840264 -0.54195 0.0156787
  outer loop
    vertex -1.682507065053346 -1.081281635858842 0.1977281638286158
    vertex -1.617947916070476 -1.175688964345249 0.3943417488031599
    vertex -1.737693258468425 -0.9901626833371311 0.3897703911215032
  endloop
endfacet
facet normal -0.69864 -0.715347 -0.013446
  outer loop
    vertex -1.473556454610901 -1.352268972902414 0.394075582101299
    vertex -1.31579491577749 -1.506215037640412 0.3870999287901478
    vertex -1.405967874967321 -1.422411450516296 0.6139231552688333
  endloop
endfacet
facet normal -0.202085 0.979189 0.0187243
  outer loop
    vertex -0.2844848650369703 1.979663699107729 0.3943417488030711
    vertex -0.3971809336151588 1.960165122119203 0.1977330293243457
    vertex -0.5310190333810345 1.928216478040542 0.4240245296318808
  endloop
endfacet
facet normal -0.085533 0.996198 0.0165627
  outer loop
    vertex -0.1711500180799836 1.992663461628988 0.1977281638285897
    vertex -0.2844848650369703 1.979663699107729 0.3943417488030711
    vertex -0.05721696009162065 1.999181387337796 0.3940662011592008
  endloop
endfacet
facet normal -0.0280383 -0.999463 -0.0169289
  outer loop
    vertex -0.05711210158740562 -1.999184385656378 1
    vertex -0.171294451822509 -1.9926510509306 0.8033927247476375
    vertex 0.06151354273017402 -1.999053797190256 0.7958179495906421
  endloop
endfacet
facet normal 0.476692 0.878957 0.0141076
  outer loop
    vertex 1.053008826064428 1.700344792161406 0.4227713466674317
    vertex 0.9334429484592003 1.768808712657136 0.1973035926514821
    vertex 0.8567684352349033 1.807193362201493 0.3966016881468333
  endloop
endfacet
facet normal -0.941707 0.336026 -0.0165556
  outer loop
    vertex -1.918946775744121 0.5635985023589417 0.6057244336562271
    vertex -1.883686824015525 0.6721041206764794 0.8024070233483273
    vertex -1.842289544023429 0.7784402584540095 0.6059550923154453
  endloop
endfacet
facet normal -0.839951 -0.542481 -0.0140369
  outer loop
    vertex -1.737693258468425 -0.9901626833371311 0.3897703911215032
    vertex -1.617947916070476 -1.175688964345249 0.3943417488031599
    vertex -1.676108522337239 -1.091173781461265 0.6083656231206841
  endloop
endfacet
facet normal -0.84117 0.540517 -0.0165795
  outer loop
    vertex -1.682507065840908 1.081281634633372 0.8022669706757083
    vertex -1.618120052756096 1.175452038523312 0.6056582511970264
    vertex -1.741449287440395 0.9835417526843189 0.6062615496153008
  endloop
endfacet
facet normal -0.206551 0.978231 -0.0200354
  outer loop
    vertex -0.2844848650369703 1.979663699107729 0.3943417488030711
    vertex -0.5310190333810345 1.928216478040542 0.4240245296318808
    vertex -0.3849994490809863 1.962594054869049 0.5971517188639112
  endloop
endfacet
facet normal 0.085991 -0.996155 0.0167415
  outer loop
    vertex 0.05711210158737826 -1.999184385656379 0.1977345407881071
    vertex 0.1711500169576659 -1.992663461725384 0
    vertex 0.2858443109363194 -1.979467865337889 0.1960505491985391
  endloop
endfacet
facet normal -0.921002 0.389209 -0.0164987
  outer loop
    vertex -1.842247306229696 0.7785402126347939 1
    vertex -1.794796857382714 0.8824422024864474 0.8022654592118974
    vertex -1.883686824015525 0.6721041206764794 0.8024070233483273
  endloop
endfacet
facet normal -0.364711 0.930983 -0.0160333
  outer loop
    vertex -0.7256154107012767 1.863728058422907 1
    vertex -0.6256632142344365 1.899617209427687 0.8103014130699495
    vertex -0.832684912273257 1.81841574918182 0.804434570314933
  endloop
endfacet
facet normal -0.920992 0.389227 0.0166064
  outer loop
    vertex -1.883686824015525 0.6721041206764794 0.8024070233483273
    vertex -1.794796857382714 0.8824422024864474 0.8022654592118974
    vertex -1.842289544023429 0.7784402584540095 0.6059550923154453
  endloop
endfacet
facet normal 0.466604 -0.884313 -0.0164672
  outer loop
    vertex 0.8308300260037623 -1.819263990709042 0
    vertex 1.032794923277917 -1.712698060503182 0
    vertex 0.9333298845214331 -1.768868374599763 0.1980512605017216
  endloop
endfacet
facet normal -0.941716 0.336004 0.0165054
  outer loop
    vertex -1.918985947228991 0.5634651136828712 1
    vertex -1.842247306229696 0.7785402126347939 1
    vertex -1.883686824015525 0.6721041206764794 0.8024070233483273
  endloop
endfacet
facet normal -0.696843 -0.717034 -0.0164936
  outer loop
    vertex -1.473482275752824 -1.352349800548024 0
    vertex -1.309721467890584 -1.511499148708504 0
    vertex -1.393875137310416 -1.434263609518093 0.1977345407881832
  endloop
endfacet
facet normal 0.142295 -0.989685 -0.0166333
  outer loop
    vertex 0.1711500169576659 -1.992663461725384 0
    vertex 0.3971809332914789 -1.960165122184789 0
    vertex 0.2858443109363194 -1.979467865337889 0.1960505491985391
  endloop
endfacet
facet normal -0.841139 -0.540567 -0.0164941
  outer loop
    vertex -1.741492154239564 -0.9834658492911907 0
    vertex -1.618033988749906 -1.175570504584931 0
    vertex -1.682507065053346 -1.081281635858842 0.1977281638286158
  endloop
endfacet
facet normal -0.610569 0.7918 -0.0160346
  outer loop
    vertex -1.128886437733532 1.650943793925552 0
    vertex -1.309721467890564 1.511499148708522 0
    vertex -1.224931645994468 1.580994137446842 0.2030663256284917
  endloop
endfacet
facet normal -0.654426 -0.755941 0.0167555
  outer loop
    vertex -1.393875137310416 -1.434263609518093 0.1977345407881832
    vertex -1.309721467890584 -1.511499148708504 0
    vertex -1.218770487437525 -1.585748561074957 0.2024717471596829
  endloop
endfacet
facet normal -0.568798 -0.822288 -0.0176269
  outer loop
    vertex -1.128886437733555 -1.650943793925537 1
    vertex -1.23975352591735 -1.569398354458006 0.7734762574491003
    vertex -1.036600721270927 -1.710397306084348 0.7955416774157954
  endloop
endfacet
facet normal -0.808906 0.587704 0.0165878
  outer loop
    vertex -1.682507065840908 1.081281634633372 0.8022669706757083
    vertex -1.548283221991176 1.266024906745765 0.8022718361714476
    vertex -1.618120052756096 1.175452038523312 0.6056582511970264
  endloop
endfacet
facet normal 0.654772 -0.755647 -0.0164477
  outer loop
    vertex 1.221295759270869 -1.583804491844556 0
    vertex 1.393875137310581 -1.434263609517932 0
    vertex 1.309784227128077 -1.511444765238382 0.198286420750301
  endloop
endfacet
facet normal 0.362758 0.931737 0.0164936
  outer loop
    vertex 0.6180339887498983 1.902113032590306 1
    vertex 0.8308300260037765 1.819263990709035 1
    vertex 0.7256154107012857 1.863728058422903 0.8022654592118929
  endloop
endfacet
facet normal -0.808907 0.587706 -0.0164939
  outer loop
    vertex -1.618033988749889 1.175570504584954 1
    vertex -1.548283221991176 1.266024906745765 0.8022718361714476
    vertex -1.682507065840908 1.081281634633372 0.8022669706757083
  endloop
endfacet
facet normal -0.516348 -0.856267 -0.0138776
  outer loop
    vertex -1.128886437733555 -1.650943793925537 0
    vertex -0.9333346464513635 -1.76886586199562 0
    vertex -1.012939185189319 -1.724515644205062 0.2253999469634952
  endloop
endfacet
facet normal -0.998233 0.0570813 -0.016494
  outer loop
    vertex -1.99673820785227 0.114177621725551 1
    vertex -1.986963470825498 0.2279828186620458 0.8022718361714696
    vertex -2 1.445578407503147e-14 0.8022684821395248
  endloop
endfacet
facet normal -0.998232 0.0570807 0.0165877
  outer loop
    vertex -2 1.445578407503147e-14 0.8022684821395248
    vertex -1.986963470825498 0.2279828186620458 0.8022718361714696
    vertex -1.996746560779055 0.1140314518762927 0.6056584154834778
  endloop
endfacet
facet normal -0.999863 -2.85361e-05 -0.016562
  outer loop
    vertex -2 1.445578407503147e-14 0.8022684821395248
    vertex -1.996746560779055 0.1140314518762927 0.6056584154834778
    vertex -1.996744471788028 -0.1140680252478658 0.6059253144944875
  endloop
endfacet
facet normal -0.841139 0.540567 -0.0164936
  outer loop
    vertex -1.618033988749889 1.175570504584954 0
    vertex -1.741492154239549 0.9834658492912166 0
    vertex -1.682507065662357 1.081281634911204 0.1977345407881063
  endloop
endfacet
facet normal -0.841139 0.540567 0.0164937
  outer loop
    vertex -1.741492154239549 0.9834658492912166 1
    vertex -1.618033988749889 1.175570504584954 1
    vertex -1.682507065840908 1.081281634633372 0.8022669706757083
  endloop
endfacet
facet normal -0.999864 7.77786e-15 0.0164938
  outer loop
    vertex -1.996738207852272 -0.1141776217255204 1
    vertex -1.99673820785227 0.114177621725551 1
    vertex -2 1.445578407503147e-14 0.8022684821395248
  endloop
endfacet
facet normal -0.516332 -0.85624 0.0159271
  outer loop
    vertex -0.9333346464513635 -1.76886586199562 1
    vertex -1.128886437733555 -1.650943793925537 1
    vertex -1.036600721270927 -1.710397306084348 0.7955416774157954
  endloop
endfacet
facet normal 0.142301 -0.989727 0.0137986
  outer loop
    vertex 0.3971809332914789 -1.960165122184789 1
    vertex 0.1711500169576659 -1.992663461725384 1
    vertex 0.3077269102662262 -1.976184239563205 0.7735178133438604
  endloop
endfacet
facet normal -0.941716 0.336004 -0.0164936
  outer loop
    vertex -1.842247306229696 0.7785402126347939 0
    vertex -1.918985947228991 0.5634651136828712 0
    vertex -1.883688727279045 0.6720987864308716 0.1977345407881063
  endloop
endfacet
facet normal -0.999864 7.77786e-15 -0.0164936
  outer loop
    vertex -1.99673820785227 0.114177621725551 0
    vertex -1.996738207852272 -0.1141776217255204 0
    vertex -2 1.53439624947316e-14 0.1977345407881063
  endloop
endfacet
facet normal 0.920998 -0.389217 -0.0165169
  outer loop
    vertex 1.794796857382715 -0.882442202486446 0
    vertex 1.883688727279049 -0.6720987864308626 0
    vertex 1.842316805213281 -0.7783757378212194 0.1974550740052135
  endloop
endfacet
facet normal 0.564365 0.825358 -0.0166462
  outer loop
    vertex 1.221295759270879 1.583804491844548 0
    vertex 1.032794923277927 1.712698060503176 0
    vertex 1.129330737746623 1.650639901608061 0.1959162127165147
  endloop
endfacet
facet normal 0.254184 -0.967015 -0.0164885
  outer loop
    vertex 0.3971809332914789 -1.960165122184789 0
    vertex 0.6180339887498844 -1.902113032590311 0
    vertex 0.5084201453188754 -1.934298052481554 0.1977952674132596
  endloop
endfacet
facet normal -0.0855634 0.996196 -0.0164941
  outer loop
    vertex -0.05711210158738782 1.999184385656379 0
    vertex -0.2846296765465656 1.979642883761866 0
    vertex -0.1711500180799836 1.992663461628988 0.1977281638285897
  endloop
endfacet
facet normal -0.973918 -0.226475 -0.0138771
  outer loop
    vertex -1.970707671695389 -0.3410443852652308 0
    vertex -1.918985947229 -0.5634651136828427 0
    vertex -1.95312861042061 -0.4304516594885624 0.2254037883891961
  endloop
endfacet
facet normal -0.415062 -0.909667 -0.0151289
  outer loop
    vertex -0.8308300270283857 -1.819263990241112 0.8022718361714444
    vertex -0.9272704253627909 -1.772052357648472 0.6093852320571892
    vertex -0.7311970000313627 -1.861545311601395 0.6111199434821825
  endloop
endfacet
facet normal -0.69687 0.717063 -0.0138775
  outer loop
    vertex -1.309721467890564 1.511499148708522 0
    vertex -1.473482275752804 1.352349800548045 0
    vertex -1.410352456118093 1.418064155643764 0.2254013279017628
  endloop
endfacet
facet normal 0.654798 0.755678 0.0137953
  outer loop
    vertex 1.221295759270879 1.583804491844548 1
    vertex 1.393875137310589 1.434263609517925 1
    vertex 1.326336963874281 1.496940298829834 0.772423103809977
  endloop
endfacet
facet normal 0.142301 0.989727 0.0137926
  outer loop
    vertex 0.1711500169576837 1.992663461725382 1
    vertex 0.397180933291495 1.960165122184786 1
    vertex 0.2614355566776437 1.982839239500936 0.7734683719788857
  endloop
endfacet
facet normal -0.0855634 0.996196 0.0164936
  outer loop
    vertex -0.2846296765465656 1.979642883761866 1
    vertex -0.05711210158738782 1.999184385656379 1
    vertex -0.1711500169576746 1.992663461725383 0.802265459211893
  endloop
endfacet
facet normal -0.61059 -0.791827 0.013793
  outer loop
    vertex -1.128886437733555 -1.650943793925537 1
    vertex -1.309721467890584 -1.511499148708504 1
    vertex -1.23975352591735 -1.569398354458006 0.7734762574491003
  endloop
endfacet
facet normal -0.0855632 -0.996195 0.0165881
  outer loop
    vertex -0.05711210158740562 -1.999184385656378 1
    vertex -0.2846296765465846 -1.979642883761863 1
    vertex -0.171294451822509 -1.9926510509306 0.8033927247476375
  endloop
endfacet
facet normal -0.46803 -0.883534 0.017751
  outer loop
    vertex -0.8308300270283857 -1.819263990241112 0.8022718361714444
    vertex -1.036600721270927 -1.710397306084348 0.7955416774157954
    vertex -0.9272704253627909 -1.772052357648472 0.6093852320571892
  endloop
endfacet
facet normal -0.658774 0.752133 0.0176684
  outer loop
    vertex -1.309721467890564 1.511499148708522 0
    vertex -1.410352456118093 1.418064155643764 0.2254013279017628
    vertex -1.224931645994468 1.580994137446842 0.2030663256284917
  endloop
endfacet
facet normal 0.808907 -0.587705 -0.016484
  outer loop
    vertex 1.548283221278161 -1.266024907617746 0
    vertex 1.68250706566236 -1.0812816349112 0
    vertex 1.618076952484018 -1.175511367805532 0.1978491205270095
  endloop
endfacet
facet normal -0.415359 0.909508 -0.0164936
  outer loop
    vertex -0.7256154107012767 1.863728058422907 0
    vertex -0.9333346464513419 1.768865861995631 0
    vertex -0.8308300260037674 1.819263990709039 0.1977345407881067
  endloop
endfacet
facet normal 0.466615 0.884334 0.0149218
  outer loop
    vertex 0.8308300260037765 1.819263990709035 1
    vertex 1.032794923277927 1.712698060503176 1
    vertex 0.9333419571449905 1.768862004519504 0.781431377758426
  endloop
endfacet
facet normal -0.774036 0.632926 0.0164941
  outer loop
    vertex -1.618033988749889 1.175570504584954 1
    vertex -1.473482275752804 1.352349800548045 1
    vertex -1.548283221991176 1.266024906745765 0.8022718361714476
  endloop
endfacet
facet normal -0.415359 -0.909508 0.0164941
  outer loop
    vertex -0.7256154107012979 -1.863728058422899 1
    vertex -0.9333346464513635 -1.76886586199562 1
    vertex -0.8308300270283857 -1.819263990241112 0.8022718361714444
  endloop
endfacet
facet normal -0.467153 -0.884016 -0.0168545
  outer loop
    vertex -0.8308300270283857 -1.819263990241112 0.8022718361714444
    vertex -0.9333346464513635 -1.76886586199562 1
    vertex -1.036600721270927 -1.710397306084348 0.7955416774157954
  endloop
endfacet
facet normal 0.870628 -0.491666 0.0164936
  outer loop
    vertex 1.794796857382715 -0.882442202486446 1
    vertex 1.68250706566236 -1.0812816349112 1
    vertex 1.741492154239552 -0.9834658492912115 0.8022654592118914
  endloop
endfacet
facet normal -0.415281 -0.909595 0.0133833
  outer loop
    vertex -0.7311970000313627 -1.861545311601395 0.6111199434821825
    vertex -0.9272704253627909 -1.772052357648472 0.6093852320571892
    vertex -0.8307540612758054 -1.819298680721161 0.393174200046703
  endloop
endfacet
facet normal 0.414065 0.910112 -0.0156695
  outer loop
    vertex 0.8308300260037765 1.819263990709035 1
    vertex 0.9333419571449905 1.768862004519504 0.781431377758426
    vertex 0.7256154107012857 1.863728058422903 0.8022654592118929
  endloop
endfacet
facet normal -0.775081 0.631668 -0.0156794
  outer loop
    vertex -1.618120052756096 1.175452038523312 0.6056582511970264
    vertex -1.548283221991176 1.266024906745765 0.8022718361714476
    vertex -1.478673526351465 1.346671675824261 0.6102255181318841
  endloop
endfacet
facet normal 0.920998 0.389217 -0.0164936
  outer loop
    vertex 1.88368872727905 0.672098786430859 0
    vertex 1.794796857382718 0.8824422024864409 0
    vertex 1.842247306229701 0.7785402126347815 0.1977345407881071
  endloop
endfacet
facet normal 0.0285522 -0.999456 -0.0164936
  outer loop
    vertex -0.05711210158740562 -1.999184385656378 0
    vertex 0.1711500169576659 -1.992663461725384 0
    vertex 0.05711210158737826 -1.999184385656379 0.1977345407881071
  endloop
endfacet
facet normal 0.870628 0.491666 0.0164936
  outer loop
    vertex 1.682507065662364 1.081281634911193 1
    vertex 1.794796857382718 0.8824422024864409 1
    vertex 1.741492154239555 0.9834658492912058 0.802265459211893
  endloop
endfacet
facet normal -0.897312 -0.441179 0.0138771
  outer loop
    vertex -1.741492154239564 -0.9834658492911907 1
    vertex -1.842247306229707 -0.7785402126347665 1
    vertex -1.784479389475243 -0.9031241933079102 0.7745962116108402
  endloop
endfacet
facet normal 0.564366 -0.82536 0.0164936
  outer loop
    vertex 1.221295759270869 -1.583804491844556 1
    vertex 1.032794923277917 -1.712698060503182 1
    vertex 1.128886437733532 -1.650943793925552 0.802265459211893
  endloop
endfacet
facet normal -0.998231 -0.0570807 0.0166103
  outer loop
    vertex -1.986963470825501 -0.2279828186620206 0.8022718361714476
    vertex -2 1.445578407503147e-14 0.8022684821395248
    vertex -1.996744471788028 -0.1140680252478658 0.6059253144944875
  endloop
endfacet
facet normal -0.775488 0.631207 0.0140376
  outer loop
    vertex -1.618120052756096 1.175452038523312 0.6056582511970264
    vertex -1.478673526351465 1.346671675824261 0.6102255181318841
    vertex -1.555707921178924 1.256890155893168 0.3916311251104406
  endloop
endfacet
facet normal 0.362759 0.931738 -0.0164438
  outer loop
    vertex 0.8308300260037765 1.819263990709035 0
    vertex 0.6180339887498983 1.902113032590306 0
    vertex 0.7300089216135789 1.862011539804354 0.1979945405183248
  endloop
endfacet
facet normal -0.308987 -0.950965 -0.0138771
  outer loop
    vertex -0.7256154107012979 -1.863728058422899 0
    vertex -0.5084366683869891 -1.93429370940391 0
    vertex -0.6399726277722674 -1.894844330202948 0.2254044728971838
  endloop
endfacet
facet normal -0.993347 0.113976 0.0164941
  outer loop
    vertex -1.99673820785227 0.114177621725551 1
    vertex -1.970707671695384 0.3410443852652611 1
    vertex -1.986963470825498 0.2279828186620458 0.8022718361714696
  endloop
endfacet
facet normal -0.993347 -0.113976 0.0164941
  outer loop
    vertex -1.970707671695389 -0.3410443852652308 1
    vertex -1.996738207852272 -0.1141776217255204 1
    vertex -1.986963470825501 -0.2279828186620206 0.8022718361714476
  endloop
endfacet
facet normal 0.362758 -0.931737 0.0164936
  outer loop
    vertex 0.8308300260037623 -1.819263990709042 1
    vertex 0.6180339887498844 -1.902113032590311 1
    vertex 0.7256154107012707 -1.863728058422909 0.802265459211893
  endloop
endfacet
facet normal -0.993635 -0.111767 0.0140233
  outer loop
    vertex -1.972004338203782 -0.3334649758302397 0.6102934078575452
    vertex -1.996744471788028 -0.1140680252478658 0.6059253144944875
    vertex -1.98827132556153 -0.2162802255172585 0.3916555162906042
  endloop
endfacet
facet normal 0.25419 0.967039 -0.0149219
  outer loop
    vertex 0.6180339887498983 1.902113032590306 0
    vertex 0.397180933291495 1.960165122184786 0
    vertex 0.5084304712776043 1.934295338327742 0.2185671083558267
  endloop
endfacet
facet normal -0.516326 0.856231 0.0165881
  outer loop
    vertex -1.128886437733532 1.650943793925552 1
    vertex -0.9333346464513419 1.768865861995631 1
    vertex -1.03291906299415 1.71262319536531 0.8033927247476174
  endloop
endfacet
facet normal -0.870628 0.491666 -0.0164936
  outer loop
    vertex -1.794796857382714 0.8824422024864474 0.8022654592118974
    vertex -1.741492154239549 0.9834658492912166 1
    vertex -1.682507065840908 1.081281634633372 0.8022669706757083
  endloop
endfacet
facet normal -0.998233 -0.0570813 -0.016494
  outer loop
    vertex -1.986963470825501 -0.2279828186620206 0.8022718361714476
    vertex -1.996738207852272 -0.1141776217255204 1
    vertex -2 1.445578407503147e-14 0.8022684821395248
  endloop
endfacet
facet normal -0.308972 0.950917 0.0171072
  outer loop
    vertex -0.7256154107012767 1.863728058422907 1
    vertex -0.5084366683869688 1.934293709403916 1
    vertex -0.6256632142344365 1.899617209427687 0.8103014130699495
  endloop
endfacet
facet normal -0.897276 0.441161 0.0164936
  outer loop
    vertex -1.842247306229696 0.7785402126347939 1
    vertex -1.741492154239549 0.9834658492912166 1
    vertex -1.794796857382714 0.8824422024864474 0.8022654592118974
  endloop
endfacet
facet normal 0.736641 -0.676083 0.0164936
  outer loop
    vertex 1.548283221278161 -1.266024907617746 1
    vertex 1.393875137310581 -1.434263609517932 1
    vertex 1.473482275752805 -1.352349800548044 0.8022654592118914
  endloop
endfacet
facet normal -0.993545 -0.112349 -0.0156882
  outer loop
    vertex -1.986963470825501 -0.2279828186620206 0.8022718361714476
    vertex -1.996744471788028 -0.1140680252478658 0.6059253144944875
    vertex -1.972004338203782 -0.3334649758302397 0.6102934078575452
  endloop
endfacet
facet normal 0.808907 0.587706 -0.016459
  outer loop
    vertex 1.682507065662364 1.081281634911193 0
    vertex 1.548283221278167 1.266024907617739 0
    vertex 1.617573521334577 1.176204022726183 0.1981406361441859
  endloop
endfacet
facet normal -0.774036 -0.632926 0.0164936
  outer loop
    vertex -1.473482275752824 -1.352349800548024 1
    vertex -1.618033988749906 -1.175570504584931 1
    vertex -1.548283221278177 -1.266024907617726 0.8022654592118937
  endloop
endfacet
facet normal 0.416427 0.909047 -0.0148727
  outer loop
    vertex 0.8567684352349033 1.807193362201493 0.3966016881468333
    vertex 0.9334429484592003 1.768808712657136 0.1973035926514821
    vertex 0.7300089216135789 1.862011539804354 0.1979945405183248
  endloop
endfacet
facet normal 0.311462 0.950119 0.0162895
  outer loop
    vertex 0.6180339887498983 1.902113032590306 0
    vertex 0.5084304712776043 1.934295338327742 0.2185671083558267
    vertex 0.7300089216135789 1.862011539804354 0.1979945405183248
  endloop
endfacet
facet normal -0.560287 -0.828105 0.0179169
  outer loop
    vertex -1.128886437733555 -1.650943793925537 0
    vertex -1.012939185189319 -1.724515644205062 0.2253999469634952
    vertex -1.218770487437525 -1.585748561074957 0.2024717471596829
  endloop
endfacet
facet normal -0.308976 0.950929 -0.016375
  outer loop
    vertex -0.5084366683869688 1.934293709403916 0
    vertex -0.7256154107012767 1.863728058422907 0
    vertex -0.621657827417704 1.900931757220732 0.1989451924873351
  endloop
endfacet
facet normal -0.363729 0.931369 0.0158941
  outer loop
    vertex -0.7256154107012767 1.863728058422907 0
    vertex -0.8308300260037674 1.819263990709039 0.1977345407881067
    vertex -0.621657827417704 1.900931757220732 0.1989451924873351
  endloop
endfacet
facet normal -0.610569 -0.7918 -0.0160952
  outer loop
    vertex -1.309721467890584 -1.511499148708504 0
    vertex -1.128886437733555 -1.650943793925537 0
    vertex -1.218770487437525 -1.585748561074957 0.2024717471596829
  endloop
endfacet
facet normal -0.365483 0.930694 0.0152063
  outer loop
    vertex -0.832684912273257 1.81841574918182 0.804434570314933
    vertex -0.6256632142344365 1.899617209427687 0.8103014130699495
    vertex -0.7256154107012812 1.863728058422905 0.6045309184237986
  endloop
endfacet
facet normal -0.415357 0.909506 0.0166711
  outer loop
    vertex -0.9333346464513419 1.768865861995631 1
    vertex -0.7256154107012767 1.863728058422907 1
    vertex -0.832684912273257 1.81841574918182 0.804434570314933
  endloop
endfacet
facet normal 0.198737 -0.979916 0.0163817
  outer loop
    vertex 0.3971809332914789 -1.960165122184789 0
    vertex 0.5084201453188754 -1.934298052481554 0.1977952674132596
    vertex 0.2858443109363194 -1.979467865337889 0.1960505491985391
  endloop
endfacet
facet normal 0.255572 0.966726 -0.0111439
  outer loop
    vertex 0.4177775663922084 1.955878806321957 0.5898816203187601
    vertex 0.5041350946228581 1.935419284385066 0.7955383696993842
    vertex 0.5998085731546602 1.907938593238831 0.6057633158398449
  endloop
endfacet
facet normal -0.467155 0.884029 0.0160853
  outer loop
    vertex -1.03291906299415 1.71262319536531 0.8033927247476174
    vertex -0.832684912273257 1.81841574918182 0.804434570314933
    vertex -0.9333346464513419 1.768865861995631 0.6045309184237894
  endloop
endfacet
facet normal -0.41536 0.909511 -0.0163094
  outer loop
    vertex -0.9333346464513419 1.768865861995631 0.6045309184237894
    vertex -0.832684912273257 1.81841574918182 0.804434570314933
    vertex -0.7256154107012812 1.863728058422905 0.6045309184237986
  endloop
endfacet
facet normal -0.255186 0.966784 -0.0144335
  outer loop
    vertex -0.5310190333810345 1.928216478040542 0.4240245296318808
    vertex -0.3971809336151588 1.960165122119203 0.1977330293243457
    vertex -0.621657827417704 1.900931757220732 0.1989451924873351
  endloop
endfacet
facet normal -0.467021 0.884095 -0.0163565
  outer loop
    vertex -1.03291906299415 1.71262319536531 0.8033927247476174
    vertex -0.9333346464513419 1.768865861995631 1
    vertex -0.832684912273257 1.81841574918182 0.804434570314933
  endloop
endfacet
facet normal -0.870626 0.491665 0.0166391
  outer loop
    vertex -1.794796857382714 0.8824422024864474 0.8022654592118974
    vertex -1.682507065840908 1.081281634633372 0.8022669706757083
    vertex -1.741449287440395 0.9835417526843189 0.6062615496153008
  endloop
endfacet
facet normal -0.89729 0.441137 0.0163911
  outer loop
    vertex -1.842289544023429 0.7784402584540095 0.6059550923154453
    vertex -1.741449287440395 0.9835417526843189 0.6062615496153008
    vertex -1.79479685738271 0.8824422024864562 0.4067963776356928
  endloop
endfacet
facet normal -0.993345 0.113993 0.0164518
  outer loop
    vertex -1.996746560779055 0.1140314518762927 0.6056584154834778
    vertex -1.970713297906174 0.3410118728956114 0.6048017690289084
    vertex -1.986963470697098 0.2279828197811031 0.4067963776356987
  endloop
endfacet
facet normal -0.897266 0.441175 -0.0166546
  outer loop
    vertex -1.842289544023429 0.7784402584540095 0.6059550923154453
    vertex -1.794796857382714 0.8824422024864474 0.8022654592118974
    vertex -1.741449287440395 0.9835417526843189 0.6062615496153008
  endloop
endfacet
facet normal -0.98522 0.170499 -0.016471
  outer loop
    vertex -1.986963470697098 0.2279828197811031 0.4067963776356987
    vertex -1.970713297906174 0.3410118728956114 0.6048017690289084
    vertex -1.948023833884669 0.4529935348515211 0.4067963776357713
  endloop
endfacet
facet normal -0.993358 0.113869 -0.0165679
  outer loop
    vertex -1.996746560779055 0.1140314518762927 0.6056584154834778
    vertex -1.986963470825498 0.2279828186620458 0.8022718361714696
    vertex -1.970713297906174 0.3410118728956114 0.6048017690289084
  endloop
endfacet
facet normal -0.973889 0.226427 0.0164575
  outer loop
    vertex -1.948023833884669 0.4529935348515211 0.4067963776357713
    vertex -1.970713297906174 0.3410118728956114 0.6048017690289084
    vertex -1.918946775744121 0.5635985023589417 0.6057244336562271
  endloop
endfacet
facet normal -0.571278 -0.820601 0.0159953
  outer loop
    vertex -1.036600721270927 -1.710397306084348 0.7955416774157954
    vertex -1.23975352591735 -1.569398354458006 0.7734762574491003
    vertex -1.096355341413155 -1.672723816221567 0.5941316705599886
  endloop
endfacet
facet normal 0.0943612 -0.995314 0.0211021
  outer loop
    vertex 0.3077269102662262 -1.976184239563205 0.7735178133438604
    vertex 0.06151354273017402 -1.999053797190256 0.7958179495906421
    vertex 0.1674398509927084 -1.992978649233238 0.6086968294233087
  endloop
endfacet
facet normal -0.0855634 -0.996196 -0.0164813
  outer loop
    vertex -0.2846296765465846 -1.979642883761863 0
    vertex -0.05711210158740562 -1.999184385656378 0
    vertex -0.1720452771124309 -1.992586365160443 0.1978693888394444
  endloop
endfacet
facet normal 0.0285524 -0.999465 0.0159492
  outer loop
    vertex 0.1711500169576659 -1.992663461725384 1
    vertex -0.05711210158740562 -1.999184385656378 1
    vertex 0.06151354273017402 -1.999053797190256 0.7958179495906421
  endloop
endfacet
facet normal 0.0279302 -0.999471 -0.0166384
  outer loop
    vertex 0.06151354273017402 -1.999053797190256 0.7958179495906421
    vertex -0.0571121015872689 -1.999184385656382 0.6045309184238326
    vertex 0.1674398509927084 -1.992978649233238 0.6086968294233087
  endloop
endfacet
facet normal 0.517559 0.855504 -0.0156672
  outer loop
    vertex 0.9333419571449905 1.768862004519504 0.781431377758426
    vertex 1.032794923277927 1.712698060503176 1
    vertex 1.128886437733406 1.650943793925639 0.8022654592118049
  endloop
endfacet
facet normal 0.416507 0.908994 0.0158361
  outer loop
    vertex 0.9334429484592003 1.768808712657136 0.1973035926514821
    vertex 0.8308300260037765 1.819263990709035 0
    vertex 0.7300089216135789 1.862011539804354 0.1979945405183248
  endloop
endfacet
facet normal -0.505724 -0.862621 -0.0113132
  outer loop
    vertex -0.9272704253627909 -1.772052357648472 0.6093852320571892
    vertex -1.036600721270927 -1.710397306084348 0.7955416774157954
    vertex -1.096355341413155 -1.672723816221567 0.5941316705599886
  endloop
endfacet
facet normal 0.193273 0.980987 -0.0176265
  outer loop
    vertex 0.2614355566776437 1.982839239500936 0.7734683719788857
    vertex 0.397180933291495 1.960165122184786 1
    vertex 0.5041350946228581 1.935419284385066 0.7955383696993842
  endloop
endfacet
facet normal -0.0287669 -0.999448 0.0166176
  outer loop
    vertex -0.05711210158740562 -1.999184385656378 0
    vertex 0.05711210158737826 -1.999184385656379 0.1977345407881071
    vertex -0.1720452771124309 -1.992586365160443 0.1978693888394444
  endloop
endfacet
facet normal -0.255017 0.966787 0.0169925
  outer loop
    vertex -0.3971809336151588 1.960165122119203 0.1977330293243457
    vertex -0.5084366683869688 1.934293709403916 0
    vertex -0.621657827417704 1.900931757220732 0.1989451924873351
  endloop
endfacet
facet normal 0.0908885 -0.995705 -0.0176401
  outer loop
    vertex 0.3077269102662262 -1.976184239563205 0.7735178133438604
    vertex 0.1711500169576659 -1.992663461725384 1
    vertex 0.06151354273017402 -1.999053797190256 0.7958179495906421
  endloop
endfacet
facet normal -0.565186 0.824792 0.016795
  outer loop
    vertex -1.128886437733532 1.650943793925552 0
    vertex -1.224931645994468 1.580994137446842 0.2030663256284917
    vertex -1.033564140817077 1.712233969648149 0.1978692193467204
  endloop
endfacet
facet normal 0.19017 0.98159 0.0177979
  outer loop
    vertex 0.2614355566776437 1.982839239500936 0.7734683719788857
    vertex 0.5041350946228581 1.935419284385066 0.7955383696993842
    vertex 0.4177775663922084 1.955878806321957 0.5898816203187601
  endloop
endfacet
facet normal -0.565811 0.824354 -0.0172549
  outer loop
    vertex -1.033564140817077 1.712233969648149 0.1978692193467204
    vertex -1.224931645994468 1.580994137446842 0.2030663256284917
    vertex -1.128886437733721 1.650943793925423 0.3954690815762739
  endloop
endfacet
facet normal -0.65388 -0.756389 -0.017787
  outer loop
    vertex -1.31579491577749 -1.506215037640412 0.3870999287901478
    vertex -1.393875137310416 -1.434263609518093 0.1977345407881832
    vertex -1.218770487437525 -1.585748561074957 0.2024717471596829
  endloop
endfacet
facet normal -0.736641 -0.676083 0.0164936
  outer loop
    vertex -1.473482275752824 -1.352349800548024 0
    vertex -1.393875137310416 -1.434263609518093 0.1977345407881832
    vertex -1.548283221069044 -1.266024907873484 0.1977330293244285
  endloop
endfacet
facet normal -0.143282 -0.989539 0.016795
  outer loop
    vertex -0.4016846330951665 -1.959247165503935 0.2030670431391461
    vertex -0.2846296765465846 -1.979642883761863 0
    vertex -0.1720452771124309 -1.992586365160443 0.1978693888394444
  endloop
endfacet
facet normal -0.144036 -0.989422 -0.017255
  outer loop
    vertex -0.4016846330951665 -1.959247165503935 0.2030670431391461
    vertex -0.1720452771124309 -1.992586365160443 0.1978693888394444
    vertex -0.2846296765460659 -1.979642883761938 0.3954690815762631
  endloop
endfacet
facet normal -0.941723 -0.336006 -0.016044
  outer loop
    vertex -1.918985947229 -0.5634651136828427 0
    vertex -1.842247306229707 -0.7785402126347665 0
    vertex -1.885126144567084 -0.6680564490143343 0.2029895924025093
  endloop
endfacet
facet normal 0.142295 0.989687 -0.0164938
  outer loop
    vertex 0.397180933291495 1.960165122184786 0
    vertex 0.1711500169576837 1.992663461725382 0
    vertex 0.2846354081632784 1.979642059671324 0.1977312080592189
  endloop
endfacet
facet normal -0.198563 -0.979947 0.0166204
  outer loop
    vertex -0.2846296765465846 -1.979642883761863 1
    vertex -0.5084366683869891 -1.93429370940391 1
    vertex -0.3973119543616186 -1.9601385693163 0.8037749765932724
  endloop
endfacet
facet normal -0.610564 0.791793 0.016617
  outer loop
    vertex -1.309721467890564 1.511499148708522 1
    vertex -1.128886437733532 1.650943793925552 1
    vertex -1.221449761327066 1.583685726573948 0.8037356773430473
  endloop
endfacet
facet normal -0.941723 -0.336006 0.0160442
  outer loop
    vertex -1.842247306229707 -0.7785402126347665 1
    vertex -1.918985947229 -0.5634651136828427 1
    vertex -1.882242598490977 -0.6761381518786922 0.7970121306579958
  endloop
endfacet
facet normal -0.959016 -0.28281 0.017523
  outer loop
    vertex -1.948315157902442 -0.4517389129658661 0.8025847153776781
    vertex -1.918984303906855 -0.5634707102939082 0.6045544647483136
    vertex -1.882242598490977 -0.6761381518786922 0.7970121306579958
  endloop
endfacet
facet normal -0.921436 -0.388135 -0.0175235
  outer loop
    vertex -1.794227966870837 -0.8835983266725572 0.1974225342888453
    vertex -1.842249576790113 -0.778534839821988 0.3954455352517004
    vertex -1.885126144567084 -0.6680564490143343 0.2029895924025093
  endloop
endfacet
facet normal 0.0855677 0.996196 -0.0164944
  outer loop
    vertex 0.05707985234015591 1.999185306682906 0.1975791816418437
    vertex 0.1711558284466043 1.992662962567618 0.3954455352516602
    vertex 0.2846354081632784 1.979642059671324 0.1977312080592189
  endloop
endfacet
facet normal -0.655114 0.755348 0.0165779
  outer loop
    vertex -1.309717059683698 1.511502968430261 0.6045544647483513
    vertex -1.39479817143512 1.433365989885782 0.802577265024746
    vertex -1.221449761327066 1.583685726573948 0.8037356773430473
  endloop
endfacet
facet normal -0.254537 -0.966921 0.0165416
  outer loop
    vertex -0.6190149709403855 -1.901794012439747 0.8027432790273678
    vertex -0.5084310271272426 -1.934295192222308 0.6045544647483421
    vertex -0.3973119543616186 -1.9601385693163 0.8037749765932724
  endloop
endfacet
facet normal -0.960806 -0.276654 0.0177205
  outer loop
    vertex -1.95312861042061 -0.4304516594885624 0.2254037883891961
    vertex -1.918985947229 -0.5634651136828427 0
    vertex -1.885126144567084 -0.6680564490143343 0.2029895924025093
  endloop
endfacet
facet normal -0.142392 -0.989671 -0.0166026
  outer loop
    vertex -0.171294451822509 -1.9926510509306 0.8033927247476375
    vertex -0.2846296765465846 -1.979642883761863 1
    vertex -0.3973119543616186 -1.9601385693163 0.8037749765932724
  endloop
endfacet
facet normal 0.197165 0.980245 0.0156668
  outer loop
    vertex 0.5084304712776043 1.934295338327742 0.2185671083558267
    vertex 0.397180933291495 1.960165122184786 0
    vertex 0.2846354081632784 1.979642059671324 0.1977312080592189
  endloop
endfacet
facet normal -0.564456 0.825296 -0.0166097
  outer loop
    vertex -1.128886437733532 1.650943793925552 1
    vertex -1.03291906299415 1.71262319536531 0.8033927247476174
    vertex -1.221449761327066 1.583685726573948 0.8037356773430473
  endloop
endfacet
facet normal -0.918926 -0.394033 -0.0177205
  outer loop
    vertex -1.784479389475243 -0.9031241933079102 0.7745962116108402
    vertex -1.842247306229707 -0.7785402126347665 1
    vertex -1.882242598490977 -0.6761381518786922 0.7970121306579958
  endloop
endfacet
facet normal -0.959256 -0.282021 -0.0170953
  outer loop
    vertex -1.918985947229 -0.5634651136828427 1
    vertex -1.948315157902442 -0.4517389129658661 0.8025847153776781
    vertex -1.882242598490977 -0.6761381518786922 0.7970121306579958
  endloop
endfacet
facet normal -0.921123 -0.388897 0.017095
  outer loop
    vertex -1.842247306229707 -0.7785402126347665 0
    vertex -1.794227966870837 -0.8835983266725572 0.1974225342888453
    vertex -1.885126144567084 -0.6680564490143343 0.2029895924025093
  endloop
endfacet
facet normal 0.0855458 0.996198 0.0165057
  outer loop
    vertex 0.1711500169576837 1.992663461725382 0
    vertex 0.05707985234015591 1.999185306682906 0.1975791816418437
    vertex 0.2846354081632784 1.979642059671324 0.1977312080592189
  endloop
endfacet
facet normal -0.654985 0.755457 -0.0167266
  outer loop
    vertex -1.39479817143512 1.433365989885782 0.802577265024746
    vertex -1.309721467890564 1.511499148708522 1
    vertex -1.221449761327066 1.583685726573948 0.8037356773430473
  endloop
endfacet
facet normal -0.254392 -0.966957 -0.0167071
  outer loop
    vertex -0.5084366683869891 -1.93429370940391 1
    vertex -0.6190149709403855 -1.901794012439747 0.8027432790273678
    vertex -0.3973119543616186 -1.9601385693163 0.8037749765932724
  endloop
endfacet
facet normal 0.897349 -0.441014 0.0164736
  outer loop
    vertex 1.794796857382715 -0.882442202486446 0
    vertex 1.842316805213281 -0.7783757378212194 0.1974550740052135
    vertex 1.741693166181871 -0.9831098183190775 0.1976918280917915
  endloop
endfacet
facet normal 0.84121 -0.540456 0.016539
  outer loop
    vertex 1.618076952484018 -1.175511367805532 0.1978491205270095
    vertex 1.68250706566236 -1.0812816349112 0
    vertex 1.741693166181871 -0.9831098183190775 0.1976918280917915
  endloop
endfacet
facet normal -0.870482 -0.491929 0.0163208
  outer loop
    vertex -1.741492154239564 -0.9834658492911907 0
    vertex -1.682507065053346 -1.081281635858842 0.1977281638286158
    vertex -1.794227966870837 -0.8835983266725572 0.1974225342888453
  endloop
endfacet
facet normal -0.0285495 0.999456 0.0164957
  outer loop
    vertex -0.05711210158738782 1.999184385656379 0
    vertex -0.1711500180799836 1.992663461628988 0.1977281638285897
    vertex 0.05707985234015591 1.999185306682906 0.1975791816418437
  endloop
endfacet
facet normal -0.362968 -0.931658 -0.0163648
  outer loop
    vertex -0.7256154107012979 -1.863728058422899 1
    vertex -0.8308300270283857 -1.819263990241112 0.8022718361714444
    vertex -0.6190149709403855 -1.901794012439747 0.8027432790273678
  endloop
endfacet
facet normal -0.985274 -0.170204 -0.0163212
  outer loop
    vertex -1.970707671695389 -0.3410443852652308 1
    vertex -1.986963470825501 -0.2279828186620206 0.8022718361714476
    vertex -1.948315157902442 -0.4517389129658661 0.8025847153776781
  endloop
endfacet
facet normal -0.736846 0.675864 -0.016321
  outer loop
    vertex -1.548283221991176 1.266024906745765 0.8022718361714476
    vertex -1.473482275752804 1.352349800548045 1
    vertex -1.39479817143512 1.433365989885782 0.802577265024746
  endloop
endfacet
facet normal -0.985216 0.170519 -0.0165061
  outer loop
    vertex -1.986963470825498 0.2279828186620458 0.8022718361714696
    vertex -1.970707671695384 0.3410443852652611 1
    vertex -1.948017044505462 0.453022730463057 0.8024552916399164
  endloop
endfacet
facet normal -0.959361 0.281699 -0.0165039
  outer loop
    vertex -1.918985947228991 0.5634651136828712 1
    vertex -1.883686824015525 0.6721041206764794 0.8024070233483273
    vertex -1.948017044505462 0.453022730463057 0.8024552916399164
  endloop
endfacet
facet normal 0.870628 -0.491666 -0.0164969
  outer loop
    vertex 1.68250706566236 -1.0812816349112 0
    vertex 1.794796857382715 -0.882442202486446 0
    vertex 1.741693166181871 -0.9831098183190775 0.1976918280917915
  endloop
endfacet
facet normal -0.897276 -0.441161 -0.0165175
  outer loop
    vertex -1.842247306229707 -0.7785402126347665 0
    vertex -1.741492154239564 -0.9834658492911907 0
    vertex -1.794227966870837 -0.8835983266725572 0.1974225342888453
  endloop
endfacet
facet normal 0.0285522 0.999456 -0.0165065
  outer loop
    vertex 0.1711500169576837 1.992663461725382 0
    vertex -0.05711210158738782 1.999184385656379 0
    vertex 0.05707985234015591 1.999185306682906 0.1975791816418437
  endloop
endfacet
facet normal -0.308975 -0.950927 0.0165322
  outer loop
    vertex -0.5084366683869891 -1.93429370940391 1
    vertex -0.7256154107012979 -1.863728058422899 1
    vertex -0.6190149709403855 -1.901794012439747 0.8027432790273678
  endloop
endfacet
facet normal -0.696842 0.717034 0.0165175
  outer loop
    vertex -1.473482275752804 1.352349800548045 1
    vertex -1.309721467890564 1.511499148708522 1
    vertex -1.39479817143512 1.433365989885782 0.802577265024746
  endloop
endfacet
facet normal -0.973879 -0.226466 0.0165181
  outer loop
    vertex -1.918985947229 -0.5634651136828427 1
    vertex -1.970707671695389 -0.3410443852652308 1
    vertex -1.948315157902442 -0.4517389129658661 0.8025847153776781
  endloop
endfacet
facet normal -0.973879 0.226466 0.0165094
  outer loop
    vertex -1.970707671695384 0.3410443852652611 1
    vertex -1.918985947228991 0.5634651136828712 1
    vertex -1.948017044505462 0.453022730463057 0.8024552916399164
  endloop
endfacet
facet normal 0.921049 0.38914 0.0154654
  outer loop
    vertex 1.881752310236428 0.6775014707879735 0.3873280973173882
    vertex 1.842247306229701 0.7785402126347815 0.1977345407881071
    vertex 1.796355661452107 0.8792646572954933 0.3964082913804457
  endloop
endfacet
facet normal 0.897334 -0.441045 -0.0164979
  outer loop
    vertex 1.842316805213281 -0.7783757378212194 0.1974550740052135
    vertex 1.795273766873175 -0.8814715548314647 0.3948476348695936
    vertex 1.741693166181871 -0.9831098183190775 0.1976918280917915
  endloop
endfacet
facet normal 0.773836 0.633173 0.0164165
  outer loop
    vertex 1.617573521334577 1.176204022726183 0.1981406361441859
    vertex 1.548283221278167 1.266024907617739 0
    vertex 1.473705538629519 1.352106499286458 0.195315449128571
  endloop
endfacet
facet normal 0.774095 0.632858 -0.0163494
  outer loop
    vertex 1.546579705843582 1.268105363711068 0.3941446094620281
    vertex 1.617573521334577 1.176204022726183 0.1981406361441859
    vertex 1.473705538629519 1.352106499286458 0.195315449128571
  endloop
endfacet
facet normal 0.897242 0.441232 -0.0164437
  outer loop
    vertex 1.796355661452107 0.8792646572954933 0.3964082913804457
    vertex 1.842247306229701 0.7785402126347815 0.1977345407881071
    vertex 1.741464681794139 0.9835144950958461 0.1986346321614933
  endloop
endfacet
facet normal 0.920538 -0.390344 0.0155128
  outer loop
    vertex 1.842316805213281 -0.7783757378212194 0.1974550740052135
    vertex 1.881062489795255 -0.6794143871638855 0.3883978735519819
    vertex 1.795273766873175 -0.8814715548314647 0.3948476348695936
  endloop
endfacet
facet normal 0.840965 0.540791 0.018003
  outer loop
    vertex 1.681104482019319 1.083460991699544 0.3970220290868472
    vertex 1.614953624315998 1.179798623201699 0.5932137891008892
    vertex 1.739884578078388 0.9863070794458428 0.5696563943959222
  endloop
endfacet
facet normal 0.894664 0.446461 0.0157716
  outer loop
    vertex 1.838436844507251 0.7874960118998836 0.607077360928286
    vertex 1.796355661452107 0.8792646572954933 0.3964082913804457
    vertex 1.739884578078388 0.9863070794458428 0.5696563943959222
  endloop
endfacet
facet normal 0.736638 0.676081 -0.0166977
  outer loop
    vertex 1.548283221278167 1.266024907617739 0
    vertex 1.393875137310589 1.434263609517925 0
    vertex 1.473705538629519 1.352106499286458 0.195315449128571
  endloop
endfacet
facet normal 0.937693 -0.347181 -0.0140624
  outer loop
    vertex 1.912454339722679 -0.5852507142036585 0.7739550626976607
    vertex 1.883688727279049 -0.6720987864308626 1
    vertex 1.838189452236393 -0.7880733073051449 0.8293227057618124
  endloop
endfacet
facet normal 0.611092 0.79138 0.0168792
  outer loop
    vertex 1.221295759270879 1.583804491844548 0
    vertex 1.129330737746623 1.650639901608061 0.1959162127165147
    vertex 1.310980239447556 1.510407498583752 0.1942861909891849
  endloop
endfacet
facet normal 0.736917 0.675807 0.0154222
  outer loop
    vertex 1.398770071705461 1.429490219099487 0.3849592985354283
    vertex 1.546579705843582 1.268105363711068 0.3941446094620281
    vertex 1.473705538629519 1.352106499286458 0.195315449128571
  endloop
endfacet
facet normal 0.93777 0.34697 -0.0141261
  outer loop
    vertex 1.88368872727905 0.672098786430859 1
    vertex 1.912634126084234 0.5846628941005216 0.773925715980426
    vertex 1.838322044518144 0.7877639625158224 0.8293149986422284
  endloop
endfacet
facet normal 0.967825 0.251614 -0.00219149
  outer loop
    vertex 1.912634126084234 0.5846628941005216 0.773925715980426
    vertex 1.956747051033542 0.4136918880900823 0.6255431955021294
    vertex 1.909567659460643 0.5946018448861405 0.5608196368685452
  endloop
endfacet
facet normal 0.697146 0.716738 0.0165459
  outer loop
    vertex 1.473705538629519 1.352106499286458 0.195315449128571
    vertex 1.393875137310589 1.434263609517925 0
    vertex 1.310980239447556 1.510407498583752 0.1942861909891849
  endloop
endfacet
facet normal 0.697251 0.716628 -0.0169082
  outer loop
    vertex 1.398770071705461 1.429490219099487 0.3849592985354283
    vertex 1.473705538629519 1.352106499286458 0.195315449128571
    vertex 1.310980239447556 1.510407498583752 0.1942861909891849
  endloop
endfacet
facet normal 0.577856 0.815989 0.015624
  outer loop
    vertex 1.129330737746623 1.650639901608061 0.1959162127165147
    vertex 1.053008826064428 1.700344792161406 0.4227713466674317
    vertex 1.248514443477849 1.562437737776196 0.3943974989570199
  endloop
endfacet
facet normal 0.654769 0.755643 -0.0167827
  outer loop
    vertex 1.393875137310589 1.434263609517925 0
    vertex 1.221295759270879 1.583804491844548 0
    vertex 1.310980239447556 1.510407498583752 0.1942861909891849
  endloop
endfacet
facet normal 0.698701 -0.715189 0.0179366
  outer loop
    vertex 1.309502782434772 -1.511688613040262 0.5944269376581452
    vertex 1.394275948806767 -1.433873975835739 0.394893753898435
    vertex 1.473727802724386 -1.352082232512932 0.5612269416589836
  endloop
endfacet
facet normal 0.897023 -0.441688 -0.016156
  outer loop
    vertex 1.794796857382715 -0.882442202486446 1
    vertex 1.741492154239552 -0.9834658492912115 0.8022654592118914
    vertex 1.838189452236393 -0.7880733073051449 0.8293227057618124
  endloop
endfacet
facet normal 0.897061 0.44161 -0.016206
  outer loop
    vertex 1.741492154239555 0.9834658492912058 0.802265459211893
    vertex 1.794796857382718 0.8824422024864409 1
    vertex 1.838322044518144 0.7877639625158224 0.8293149986422284
  endloop
endfacet
facet normal 0.7049 0.709171 -0.0138819
  outer loop
    vertex 1.326336963874281 1.496940298829834 0.772423103809977
    vertex 1.393875137310589 1.434263609517925 1
    vertex 1.483479609443833 1.341375506099754 0.8046859787229159
  endloop
endfacet
facet normal 0.842012 -0.539191 0.0169807
  outer loop
    vertex 1.618675669122228 -1.174686800041486 0.5938914149267133
    vertex 1.683085948084037 -1.080380345694079 0.3945441423644123
    vertex 1.741149270477973 -0.9840727706394604 0.5734612901533123
  endloop
endfacet
facet normal 0.517948 -0.855231 0.0176114
  outer loop
    vertex 0.9328678759379427 -1.769112072776349 0.5939315286757266
    vertex 1.032941891292177 -1.712609426931237 0.3946108665479349
    vertex 1.128894401389125 -1.650938348489213 0.5674880820130545
  endloop
endfacet
facet normal 0.967717 -0.252029 -0.0023813
  outer loop
    vertex 1.956637242959347 -0.414210935954674 0.6267670764813721
    vertex 1.912454339722679 -0.5852507142036585 0.7739550626976607
    vertex 1.909145313184833 -0.5959565195082501 0.5622959616522286
  endloop
endfacet
facet normal 0.315856 -0.948704 0.0139591
  outer loop
    vertex 0.5248251833427247 -1.929911533446359 0.6139975443960812
    vertex 0.6180608595897127 -1.902104301515357 0.3941952044449329
    vertex 0.7277100499211023 -1.862911185012272 0.5768207162931563
  endloop
endfacet
facet normal -0.0330764 0.999347 0.0145454
  outer loop
    vertex 0.04585593875096101 1.99947423911419 0.6083346040015872
    vertex -0.05721696009162065 1.999181387337796 0.3940662011592008
    vertex -0.1711500169576502 1.992663461725385 0.5827980286280811
  endloop
endfacet
facet normal 0.840345 0.541775 -0.0173276
  outer loop
    vertex 1.682507065662364 1.081281634911193 1
    vertex 1.741492154239555 0.9834658492912058 0.802265459211893
    vertex 1.619422872212267 1.173656491890097 0.828819615092425
  endloop
endfacet
facet normal -0.198147 -0.980031 0.0166615
  outer loop
    vertex -0.4016846330951665 -1.959247165503935 0.2030670431391461
    vertex -0.2846296765460659 -1.979642883761938 0.3954690815762631
    vertex -0.5028548405197343 -1.935752310954548 0.381865283352208
  endloop
endfacet
facet normal -0.610227 0.792052 0.016661
  outer loop
    vertex -1.128886437733721 1.650943793925423 0.3954690815762739
    vertex -1.224931645994468 1.580994137446842 0.2030663256284917
    vertex -1.30535308847036 1.515273346436508 0.3818631663227178
  endloop
endfacet
facet normal 0.0734344 0.997202 -0.0139789
  outer loop
    vertex 0.1711500169576837 1.992663461725382 1
    vertex 0.2614355566776437 1.982839239500936 0.7734683719788857
    vertex 0.04635696009761533 1.999462685886013 0.8294650623871094
  endloop
endfacet
facet normal -0.0292287 0.999443 -0.016103
  outer loop
    vertex -0.1711500169576746 1.992663461725383 0.802265459211893
    vertex -0.05711210158738782 1.999184385656379 1
    vertex 0.04635696009761533 1.999462685886013 0.8294650623871094
  endloop
endfacet
facet normal -0.740867 -0.671515 0.0135204
  outer loop
    vertex -1.473556454610901 -1.352268972902414 0.394075582101299
    vertex -1.405967874967321 -1.422411450516296 0.6139231552688333
    vertex -1.548283221278256 -1.266024907617629 0.5827980286281504
  endloop
endfacet
facet normal -0.32028 0.947217 0.0141518
  outer loop
    vertex -0.5310190333810345 1.928216478040542 0.4240245296318808
    vertex -0.621657827417704 1.900931757220732 0.1989451924873351
    vertex -0.740211168387729 1.857979393371755 0.3907861139048822
  endloop
endfacet
facet normal -0.514798 0.857132 0.0175205
  outer loop
    vertex -1.033564140817077 1.712233969648149 0.1978692193467204
    vertex -1.128886437733721 1.650943793925423 0.3954690815762739
    vertex -0.9333222266121213 1.768872415215917 0.3723921047896606
  endloop
endfacet
facet normal -0.921627 0.387689 -0.0173234
  outer loop
    vertex -1.842289544023429 0.7784402584540095 0.6059550923154453
    vertex -1.79479685738271 0.8824422024864562 0.4067963776356928
    vertex -1.883688450176483 0.6720995630646679 0.4285777516918469
  endloop
endfacet
facet normal -0.812377 0.582937 -0.0150865
  outer loop
    vertex -1.618120052756096 1.175452038523312 0.6056582511970264
    vertex -1.555707921178924 1.256890155893168 0.3916311251104406
    vertex -1.683687326958257 1.07944290494688 0.4265634529267062
  endloop
endfacet
facet normal -0.960122 0.278995 0.018112
  outer loop
    vertex -1.883688727279045 0.6720987864308716 0.1977345407881063
    vertex -1.918985947228991 0.5634651136828712 0
    vertex -1.950039650819462 0.4442357034637244 0.190431326965822
  endloop
endfacet
facet normal -0.998089 0.0591927 0.0177153
  outer loop
    vertex -1.99673820785227 0.114177621725551 0
    vertex -2 1.53439624947316e-14 0.1977345407881063
    vertex -1.98722519365698 0.2256901187357934 0.1633678507603835
  endloop
endfacet
facet normal -0.919981 0.391552 0.0179636
  outer loop
    vertex -1.842247306229696 0.7785402126347939 0
    vertex -1.883688727279045 0.6720987864308716 0.1977345407881063
    vertex -1.794796857382712 0.882442202486453 0.1653614210752479
  endloop
endfacet
facet normal -0.871855 0.489435 0.0179636
  outer loop
    vertex -1.682507065662357 1.081281634911204 0.1977345407881063
    vertex -1.741492154239549 0.9834658492912166 0
    vertex -1.794796857382712 0.882442202486453 0.1653614210752479
  endloop
endfacet
facet normal -0.370911 -0.928581 0.012741
  outer loop
    vertex -0.7256154107012979 -1.863728058422899 0
    vertex -0.6399726277722674 -1.894844330202948 0.2254044728971838
    vertex -0.8308211291077453 -1.81926805375902 0.177594442660857
  endloop
endfacet
facet normal -0.987234 -0.158652 0.0140637
  outer loop
    vertex -1.970707671695389 -0.3410443852652308 0
    vertex -1.95312861042061 -0.4304516594885624 0.2254037883891961
    vertex -1.988143070789012 -0.2174560417041527 0.1702762923275257
  endloop
endfacet
facet normal -0.458876 -0.888409 0.012744
  outer loop
    vertex -1.012939185189319 -1.724515644205062 0.2253999469634952
    vertex -0.9333346464513635 -1.76886586199562 0
    vertex -0.8308211291077453 -1.81926805375902 0.177594442660857
  endloop
endfacet
facet normal -0.998274 -0.0564695 0.0161398
  outer loop
    vertex -2 1.53439624947316e-14 0.1977345407881063
    vertex -1.996738207852272 -0.1141776217255204 0
    vertex -1.988143070789012 -0.2174560417041527 0.1702762923275257
  endloop
endfacet
facet normal -0.809271 0.587214 0.0161403
  outer loop
    vertex -1.618033988749889 1.175570504584954 0
    vertex -1.682507065662357 1.081281634911204 0.1977345407881063
    vertex -1.554965149018728 1.257808962178742 0.170272320373943
  endloop
endfacet
facet normal -0.744739 0.667207 0.0140646
  outer loop
    vertex -1.410352456118093 1.418064155643764 0.2254013279017628
    vertex -1.473482275752804 1.352349800548045 0
    vertex -1.554965149018728 1.257808962178742 0.170272320373943
  endloop
endfacet
facet normal -0.998575 -0.0511995 -0.0150645
  outer loop
    vertex -1.98827132556153 -0.2162802255172585 0.3916555162906042
    vertex -1.996744471788028 -0.1140680252478658 0.6059253144944875
    vertex -1.999998808705074 0.002182928831656486 0.4265438881716328
  endloop
endfacet
facet normal -0.998279 0.0561491 -0.0169363
  outer loop
    vertex -1.996746560779055 0.1140314518762927 0.6056584154834778
    vertex -1.986963470697098 0.2279828197811031 0.4067963776356987
    vertex -1.999998808705074 0.002182928831656486 0.4265438881716328
  endloop
endfacet
facet normal -0.864688 -0.502113 -0.0140639
  outer loop
    vertex -1.741492154239564 -0.9834658492911907 1
    vertex -1.784479389475243 -0.9031241933079102 0.7745962116108402
    vertex -1.676756224445258 -1.090178225697103 0.8297266254602061
  endloop
endfacet
facet normal -0.808551 -0.588204 -0.0161398
  outer loop
    vertex -1.548283221278177 -1.266024907617726 0.8022654592118937
    vertex -1.618033988749906 -1.175570504584931 1
    vertex -1.676756224445258 -1.090178225697103 0.8297266254602061
  endloop
endfacet
facet normal -0.870165 0.492472 -0.0168827
  outer loop
    vertex -1.79479685738271 0.8824422024864562 0.4067963776356928
    vertex -1.741449287440395 0.9835417526843189 0.6062615496153008
    vertex -1.683687326958257 1.07944290494688 0.4265634529267062
  endloop
endfacet
facet normal -0.144631 0.989324 -0.0178579
  outer loop
    vertex -0.2846296765465656 1.979642883761866 1
    vertex -0.1711500169576746 1.992663461725383 0.802265459211893
    vertex -0.4037284204158705 1.958827037425333 0.8113869151443289
  endloop
endfacet
facet normal -0.257655 0.966081 -0.0173765
  outer loop
    vertex -0.6256632142344365 1.899617209427687 0.8103014130699495
    vertex -0.5084366683869688 1.934293709403916 1
    vertex -0.4037284204158705 1.958827037425333 0.8113869151443289
  endloop
endfacet
facet normal -0.737204 -0.67548 -0.0160176
  outer loop
    vertex -1.473482275752824 -1.352349800548024 1
    vertex -1.548283221278177 -1.266024907617726 0.8022654592118937
    vertex -1.402138567093631 -1.426186326771022 0.830203586267627
  endloop
endfacet
facet normal -0.66414 -0.747476 -0.0140836
  outer loop
    vertex -1.23975352591735 -1.569398354458006 0.7734762574491003
    vertex -1.309721467890584 -1.511499148708504 1
    vertex -1.402138567093631 -1.426186326771022 0.830203586267627
  endloop
endfacet
facet normal -0.958881 0.283277 -0.0173452
  outer loop
    vertex -1.948023833884669 0.4529935348515211 0.4067963776357713
    vertex -1.918946775744121 0.5635985023589417 0.6057244336562271
    vertex -1.883688450176483 0.6720995630646679 0.4285777516918469
  endloop
endfacet
facet normal -0.138249 0.990286 0.0148307
  outer loop
    vertex -0.2844848650369703 1.979663699107729 0.3943417488030711
    vertex -0.3849994490809863 1.962594054869049 0.5971517188639112
    vertex -0.1711500169576502 1.992663461725385 0.5827980286280811
  endloop
endfacet
facet normal -0.806187 -0.591483 0.0144891
  outer loop
    vertex -1.676108522337239 -1.091173781461265 0.6083656231206841
    vertex -1.617947916070476 -1.175688964345249 0.3943417488031599
    vertex -1.548283221278256 -1.266024907617629 0.5827980286281504
  endloop
endfacet
facet normal -0.0837943 -0.996329 0.0175205
  outer loop
    vertex -0.2846296765460659 -1.979642883761938 0.3954690815762631
    vertex -0.1720452771124309 -1.992586365160443 0.1978693888394444
    vertex -0.05709808493056902 -1.999184786030862 0.3723921118240707
  endloop
endfacet
facet normal -0.617796 -0.786213 0.0140225
  outer loop
    vertex -1.31579491577749 -1.506215037640412 0.3870999287901478
    vertex -1.218770487437525 -1.585748561074957 0.2024717471596829
    vertex -1.150272447761833 -1.636115306425559 0.3963639755976432
  endloop
endfacet
facet normal -0.0872174 -0.996038 -0.017355
  outer loop
    vertex -0.0571121015872689 -1.999184385656382 0.6045309184238326
    vertex -0.171294451822509 -1.9926510509306 0.8033927247476375
    vertex -0.2846517002299866 -1.979639717109196 0.6263217913948314
  endloop
endfacet
facet normal -0.517743 0.85536 -0.0173558
  outer loop
    vertex -1.03291906299415 1.71262319536531 0.8033927247476174
    vertex -0.9333346464513419 1.768865861995631 0.6045309184237894
    vertex -1.128909787256751 1.650927827688393 0.6263204809317815
  endloop
endfacet
facet normal -0.94157 -0.336406 0.0166566
  outer loop
    vertex -1.885126144567084 -0.6680564490143343 0.2029895924025093
    vertex -1.842249576790113 -0.778534839821988 0.3954455352517004
    vertex -1.917347054939282 -0.5690169337688122 0.3818541301188511
  endloop
endfacet
facet normal -0.941858 -0.335599 -0.0166564
  outer loop
    vertex -1.882242598490977 -0.6761381518786922 0.7970121306579958
    vertex -1.918984303906855 -0.5634707102939082 0.6045544647483136
    vertex -1.844492935843254 -0.7732048949821356 0.6181459493902505
  endloop
endfacet
facet normal -0.609253 0.792787 -0.017313
  outer loop
    vertex -1.309717059683698 1.511502968430261 0.6045544647483513
    vertex -1.221449761327066 1.583685726573948 0.8037356773430473
    vertex -1.128909787256751 1.650927827688393 0.6263204809317815
  endloop
endfacet
facet normal -0.196947 -0.980261 -0.0173109
  outer loop
    vertex -0.3973119543616186 -1.9601385693163 0.8037749765932724
    vertex -0.5084310271272426 -1.934295192222308 0.6045544647483421
    vertex -0.2846517002299866 -1.979639717109196 0.6263217913948314
  endloop
endfacet
facet normal 0.210724 -0.977444 -0.0140952
  outer loop
    vertex 0.3971809332914789 -1.960165122184789 1
    vertex 0.3077269102662262 -1.976184239563205 0.7735178133438604
    vertex 0.519596140487401 -1.93132593075084 0.830233147022555
  endloop
endfacet
facet normal 0.309757 -0.950681 -0.0160202
  outer loop
    vertex 0.7256154107012707 -1.863728058422909 0.802265459211893
    vertex 0.6180339887498844 -1.902113032590311 1
    vertex 0.519596140487401 -1.93132593075084 0.830233147022555
  endloop
endfacet
facet normal 0.144104 -0.989392 0.0183704
  outer loop
    vertex 0.2858443109363194 -1.979467865337889 0.1960505491985391
    vertex 0.4049917902005248 -1.958566222998389 0.3871381854579474
    vertex 0.1711500169576677 -1.992663461725384 0.3850634878399913
  endloop
endfacet
facet normal 0.775657 -0.630898 -0.0179921
  outer loop
    vertex 1.548283221278161 -1.266024907617746 1
    vertex 1.473482275752805 -1.352349800548044 0.8022654592118914
    vertex 1.618122791726837 -1.175448268063783 0.8347562581057993
  endloop
endfacet
facet normal 0.839754 -0.54267 -0.0179467
  outer loop
    vertex 1.741492154239552 -0.9834658492912115 0.8022654592118914
    vertex 1.68250706566236 -1.0812816349112 1
    vertex 1.618122791726837 -1.175448268063783 0.8347562581057993
  endloop
endfacet
facet normal 0.514106 -0.857538 -0.0179807
  outer loop
    vertex 1.128886437733532 -1.650943793925552 0.802265459211893
    vertex 1.032794923277917 -1.712698060503182 1
    vertex 0.9332700746240059 -1.768899931542568 0.8347634599192351
  endloop
endfacet
facet normal 0.417656 -0.908428 -0.0179588
  outer loop
    vertex 0.8308300260037623 -1.819263990709042 1
    vertex 0.7256154107012707 -1.863728058422909 0.802265459211893
    vertex 0.9332700746240059 -1.768899931542568 0.8347634599192351
  endloop
endfacet
facet normal 0.894966 -0.445879 0.0150706
  outer loop
    vertex 1.795273766873175 -0.8814715548314647 0.3948476348695936
    vertex 1.837941451910151 -0.7886515195892329 0.6072086377461611
    vertex 1.741149270477973 -0.9840727706394604 0.5734612901533123
  endloop
endfacet
facet normal 0.694976 -0.718808 -0.01798
  outer loop
    vertex 1.473482275752805 -1.352349800548044 0.8022654592118914
    vertex 1.393875137310581 -1.434263609517932 1
    vertex 1.309691215104854 -1.511525362366497 0.8348487347284022
  endloop
endfacet
facet normal 0.61257 -0.790212 -0.017968
  outer loop
    vertex 1.221295759270869 -1.583804491844556 1
    vertex 1.128886437733532 -1.650943793925552 0.802265459211893
    vertex 1.309691215104854 -1.511525362366497 0.8348487347284022
  endloop
endfacet
facet normal 0.414598 -0.909852 0.01667
  outer loop
    vertex 0.8306431612532461 -1.819349317383337 0.3943948773657469
    vertex 0.9328678759379427 -1.769112072776349 0.5939315286757266
    vertex 0.7277100499211023 -1.862911185012272 0.5768207162931563
  endloop
endfacet
facet normal 0.772623 -0.63461 0.0179656
  outer loop
    vertex 1.548674837283299 -1.265545830211434 0.3948562183322347
    vertex 1.618675669122228 -1.174686800041486 0.5938914149267133
    vertex 1.473727802724386 -1.352082232512932 0.5612269416589836
  endloop
endfacet
facet normal 0.639867 0.768481 -0.00273361
  outer loop
    vertex 1.221295759270874 1.583804491844552 0.6045309184237417
    vertex 1.326336963874281 1.496940298829834 0.772423103809977
    vertex 1.338998934451588 1.485625071657554 0.5552901918876805
  endloop
endfacet
facet normal 0.608863 -0.793083 0.0174735
  outer loop
    vertex 1.221341652505305 -1.583769101812385 0.3948271435330614
    vertex 1.309502782434772 -1.511688613040262 0.5944269376581452
    vertex 1.128894401389125 -1.650938348489213 0.5674880820130545
  endloop
endfacet
facet normal 0.870665 0.491475 -0.0198632
  outer loop
    vertex 1.796355661452107 0.8792646572954933 0.3964082913804457
    vertex 1.681104482019319 1.083460991699544 0.3970220290868472
    vertex 1.739884578078388 0.9863070794458428 0.5696563943959222
  endloop
endfacet
facet normal 0.999343 0.0362528 0
  outer loop
    vertex 2 0 0.5999999999999998
    vertex 2 0 0.3999999999999994
    vertex 1.994742925131537 0.1449160537610713 0.5003278763595602
  endloop
endfacet
facet normal 0.999062 -0.0433013 0
  outer loop
    vertex 2 0 0.3999999999999994
    vertex 2 0 0.5999999999999998
    vertex 1.992500000000021 -0.1730426248064854 0.4999999999999996
  endloop
endfacet
facet normal 0.998687 0.0512264 0
  outer loop
    vertex 2 0 0.8000000000000004
    vertex 2 0 0.5999999999999998
    vertex 1.989503420973996 0.2046365996902019 0.6741446855028542
  endloop
endfacet
facet normal 0.998595 0.052983 0
  outer loop
    vertex 2 0 0.3999999999999994
    vertex 2 0 0.2
    vertex 1.988771207807734 0.2116343143135481 0.3279520216410095
  endloop
endfacet
facet normal 0.998551 -0.0538079 0
  outer loop
    vertex 2 0 0.2
    vertex 2 0 0.3999999999999994
    vertex 1.988418848631197 -0.2149197115394177 0.3282824127840197
  endloop
endfacet
facet normal 0.736642 0.676084 0.0164159
  outer loop
    vertex 1.393875137310589 1.434263609517925 1
    vertex 1.548283221278167 1.266024907617739 1
    vertex 1.483479609443833 1.341375506099754 0.8046859787229159
  endloop
endfacet
facet normal 0.99864 -0.0521308 0
  outer loop
    vertex 2 0 0.5999999999999998
    vertex 2 0 0.8000000000000004
    vertex 1.989129527446357 -0.2082395808702845 0.6745986240979932
  endloop
endfacet
facet normal 0.920958 -0.3892 0.0189502
  outer loop
    vertex 1.883688727279049 -0.6720987864308626 1
    vertex 1.794796857382715 -0.882442202486446 1
    vertex 1.838189452236393 -0.7880733073051449 0.8293227057618124
  endloop
endfacet
facet normal 0.920958 0.3892 0.0189594
  outer loop
    vertex 1.794796857382718 0.8824422024864409 1
    vertex 1.88368872727905 0.672098786430859 1
    vertex 1.838322044518144 0.7877639625158224 0.8293149986422284
  endloop
endfacet
facet normal 0.66304 0.748482 0.0123612
  outer loop
    vertex 1.398770071705461 1.429490219099487 0.3849592985354283
    vertex 1.310980239447556 1.510407498583752 0.1942861909891849
    vertex 1.248514443477849 1.562437737776196 0.3943974989570199
  endloop
endfacet
facet normal 0.777867 0.628232 -0.0157234
  outer loop
    vertex 1.483479609443833 1.341375506099754 0.8046859787229159
    vertex 1.548283221278167 1.266024907617739 1
    vertex 1.619422872212267 1.173656491890097 0.828819615092425
  endloop
endfacet
facet normal 0.61093 0.791541 -0.0151009
  outer loop
    vertex 1.310980239447556 1.510407498583752 0.1942861909891849
    vertex 1.129330737746623 1.650639901608061 0.1959162127165147
    vertex 1.248514443477849 1.562437737776196 0.3943974989570199
  endloop
endfacet
facet normal 0.166021 0.986116 -0.00343192
  outer loop
    vertex 0.2614355566776437 1.982839239500936 0.7734683719788857
    vertex 0.4177775663922084 1.955878806321957 0.5898816203187601
    vertex 0.2432278715607454 1.985154956797083 0.5580518854017721
  endloop
endfacet
facet normal 0.125363 -0.992095 -0.00561308
  outer loop
    vertex 0.3077269102662262 -1.976184239563205 0.7735178133438604
    vertex 0.1674398509927084 -1.992978649233238 0.6086968294233087
    vertex 0.3396704827609685 -1.970944941681764 0.560917879580787
  endloop
endfacet
facet normal -0.586703 -0.809798 -0.00256108
  outer loop
    vertex -1.096355341413155 -1.672723816221567 0.5941316705599886
    vertex -1.23975352591735 -1.569398354458006 0.7734762574491003
    vertex -1.249335089362008 -1.561781621894951 0.5600942027801141
  endloop
endfacet
facet normal -0.232001 0.972712 0.00252542
  outer loop
    vertex -0.3849994490809863 1.962594054869049 0.5971517188639112
    vertex -0.5310190333810345 1.928216478040542 0.4240245296318808
    vertex -0.5448813401292414 1.924345167889317 0.6416517703939266
  endloop
endfacet
facet normal 0.80887 0.587679 0.0190431
  outer loop
    vertex 1.548283221278167 1.266024907617739 1
    vertex 1.682507065662364 1.081281634911193 1
    vertex 1.619422872212267 1.173656491890097 0.828819615092425
  endloop
endfacet
facet normal 0.870878 -0.491161 -0.0182402
  outer loop
    vertex 1.683085948084037 -1.080380345694079 0.3945441423644123
    vertex 1.795273766873175 -0.8814715548314647 0.3948476348695936
    vertex 1.741149270477973 -0.9840727706394604 0.5734612901533123
  endloop
endfacet
facet normal -0.262764 -0.964611 -0.0219268
  outer loop
    vertex -0.6399726277722674 -1.894844330202948 0.2254044728971838
    vertex -0.4016846330951665 -1.959247165503935 0.2030670431391461
    vertex -0.5028548405197343 -1.935752310954548 0.381865283352208
  endloop
endfacet
facet normal -0.661409 0.749705 -0.0219261
  outer loop
    vertex -1.224931645994468 1.580994137446842 0.2030663256284917
    vertex -1.410352456118093 1.418064155643764 0.2254013279017628
    vertex -1.30535308847036 1.515273346436508 0.3818631663227178
  endloop
endfacet
facet normal -0.961715 -0.273168 -0.0219879
  outer loop
    vertex -1.95312861042061 -0.4304516594885624 0.2254037883891961
    vertex -1.885126144567084 -0.6680564490143343 0.2029895924025093
    vertex -1.917347054939282 -0.5690169337688122 0.3818541301188511
  endloop
endfacet
facet normal -0.917422 -0.397307 0.0219877
  outer loop
    vertex -1.784479389475243 -0.9031241933079102 0.7745962116108402
    vertex -1.882242598490977 -0.6761381518786922 0.7970121306579958
    vertex -1.844492935843254 -0.7732048949821356 0.6181459493902505
  endloop
endfacet
facet normal 0.0285509 0.999413 0.0189537
  outer loop
    vertex -0.05711210158738782 1.999184385656379 1
    vertex 0.1711500169576837 1.992663461725382 1
    vertex 0.04635696009761533 1.999462685886013 0.8294650623871094
  endloop
endfacet
facet normal -0.774033 -0.63291 -0.0172544
  outer loop
    vertex -1.617947916070476 -1.175688964345249 0.3943417488031599
    vertex -1.473556454610901 -1.352268972902414 0.394075582101299
    vertex -1.548283221278256 -1.266024907617629 0.5827980286281504
  endloop
endfacet
facet normal -0.466793 0.884166 -0.0188261
  outer loop
    vertex -0.8308300260037674 1.819263990709039 0.1977345407881067
    vertex -1.033564140817077 1.712233969648149 0.1978692193467204
    vertex -0.9333222266121213 1.768872415215917 0.3723921047896606
  endloop
endfacet
facet normal -0.941689 0.335982 0.018358
  outer loop
    vertex -1.918946775744121 0.5635985023589417 0.6057244336562271
    vertex -1.842289544023429 0.7784402584540095 0.6059550923154453
    vertex -1.883688450176483 0.6720995630646679 0.4285777516918469
  endloop
endfacet
facet normal 0.0275555 -0.999458 0.0180165
  outer loop
    vertex -0.05709808493056902 -1.999184786030862 0.3723921118240707
    vertex 0.05711210158737826 -1.999184385656379 0.1977345407881071
    vertex 0.1711500169576677 -1.992663461725384 0.3850634878399913
  endloop
endfacet
facet normal -0.973871 0.226464 -0.01702
  outer loop
    vertex -1.918985947228991 0.5634651136828712 0
    vertex -1.970707671695384 0.3410443852652611 0
    vertex -1.950039650819462 0.4442357034637244 0.190431326965822
  endloop
endfacet
facet normal -0.557478 -0.829982 -0.0186565
  outer loop
    vertex -1.218770487437525 -1.585748561074957 0.2024717471596829
    vertex -1.012939185189319 -1.724515644205062 0.2253999469634952
    vertex -1.150272447761833 -1.636115306425559 0.3963639755976432
  endloop
endfacet
facet normal -0.841097 0.54058 0.0181349
  outer loop
    vertex -1.741449287440395 0.9835417526843189 0.6062615496153008
    vertex -1.618120052756096 1.175452038523312 0.6056582511970264
    vertex -1.683687326958257 1.07944290494688 0.4265634529267062
  endloop
endfacet
facet normal 0.0857395 -0.996164 -0.0175181
  outer loop
    vertex 0.05711210158737826 -1.999184385656379 0.1977345407881071
    vertex 0.2858443109363194 -1.979467865337889 0.1960505491985391
    vertex 0.1711500169576677 -1.992663461725384 0.3850634878399913
  endloop
endfacet
facet normal -0.986036 0.165636 0.0172617
  outer loop
    vertex -1.950039650819462 0.4442357034637244 0.190431326965822
    vertex -1.970707671695384 0.3410443852652611 0
    vertex -1.98722519365698 0.2256901187357934 0.1633678507603835
  endloop
endfacet
facet normal -0.420124 0.907339 0.0152456
  outer loop
    vertex -0.8308300260037674 1.819263990709039 0.1977345407881067
    vertex -0.9333222266121213 1.768872415215917 0.3723921047896606
    vertex -0.740211168387729 1.857979393371755 0.3907861139048822
  endloop
endfacet
facet normal -0.993284 0.113969 -0.0199538
  outer loop
    vertex -1.970707671695384 0.3410443852652611 0
    vertex -1.99673820785227 0.114177621725551 0
    vertex -1.98722519365698 0.2256901187357934 0.1633678507603835
  endloop
endfacet
facet normal -0.897224 0.441135 -0.0197214
  outer loop
    vertex -1.741492154239549 0.9834658492912166 0
    vertex -1.842247306229696 0.7785402126347939 0
    vertex -1.794796857382712 0.882442202486453 0.1653614210752479
  endloop
endfacet
facet normal -0.363567 0.931428 -0.0161334
  outer loop
    vertex -0.621657827417704 1.900931757220732 0.1989451924873351
    vertex -0.8308300260037674 1.819263990709039 0.1977345407881067
    vertex -0.740211168387729 1.857979393371755 0.3907861139048822
  endloop
endfacet
facet normal -0.415345 -0.909479 -0.0183634
  outer loop
    vertex -0.9333346464513635 -1.76886586199562 0
    vertex -0.7256154107012979 -1.863728058422899 0
    vertex -0.8308211291077453 -1.81926805375902 0.177594442660857
  endloop
endfacet
facet normal -0.993303 -0.113971 -0.0189877
  outer loop
    vertex -1.996738207852272 -0.1141776217255204 0
    vertex -1.970707671695389 -0.3410443852652308 0
    vertex -1.988143070789012 -0.2174560417041527 0.1702762923275257
  endloop
endfacet
facet normal -0.774002 0.632898 -0.0189882
  outer loop
    vertex -1.473482275752804 1.352349800548045 0
    vertex -1.618033988749889 1.175570504584954 0
    vertex -1.554965149018728 1.257808962178742 0.170272320373943
  endloop
endfacet
facet normal -0.999835 1.20769e-05 0.0181468
  outer loop
    vertex -1.996744471788028 -0.1140680252478658 0.6059253144944875
    vertex -1.996746560779055 0.1140314518762927 0.6056584154834778
    vertex -1.999998808705074 0.002182928831656486 0.4265438881716328
  endloop
endfacet
facet normal -0.0855727 0.996183 -0.0172547
  outer loop
    vertex -0.05721696009162065 1.999181387337796 0.3940662011592008
    vertex -0.2844848650369703 1.979663699107729 0.3943417488030711
    vertex -0.1711500169576502 1.992663461725385 0.5827980286280811
  endloop
endfacet
facet normal 0.253652 0.967217 0.0123437
  outer loop
    vertex 0.4177775663922084 1.955878806321957 0.5898816203187601
    vertex 0.5998085731546602 1.907938593238831 0.6057633158398449
    vertex 0.5085774843781647 1.934256689889834 0.4182702150101104
  endloop
endfacet
facet normal -0.841102 -0.540543 0.018988
  outer loop
    vertex -1.618033988749906 -1.175570504584931 1
    vertex -1.741492154239564 -0.9834658492911907 1
    vertex -1.676756224445258 -1.090178225697103 0.8297266254602061
  endloop
endfacet
facet normal -0.0287866 -0.999408 -0.0188261
  outer loop
    vertex -0.1720452771124309 -1.992586365160443 0.1978693888394444
    vertex 0.05711210158737826 -1.999184385656379 0.1977345407881071
    vertex -0.05709808493056902 -1.999184786030862 0.3723921118240707
  endloop
endfacet
facet normal 0.479929 0.87713 -0.0176271
  outer loop
    vertex 1.053008826064428 1.700344792161406 0.4227713466674317
    vertex 0.8567684352349033 1.807193362201493 0.3966016881468333
    vertex 0.9430841287427858 1.76368713952148 0.5818143969173766
  endloop
endfacet
facet normal -0.198561 0.979937 0.0172318
  outer loop
    vertex -0.5084366683869688 1.934293709403916 1
    vertex -0.2846296765465656 1.979642883761866 1
    vertex -0.4037284204158705 1.958827037425333 0.8113869151443289
  endloop
endfacet
facet normal -0.696812 -0.717002 0.01901
  outer loop
    vertex -1.309721467890584 -1.511499148708504 1
    vertex -1.473482275752824 -1.352349800548024 1
    vertex -1.402138567093631 -1.426186326771022 0.830203586267627
  endloop
endfacet
facet normal -0.564395 0.8253 0.0184077
  outer loop
    vertex -1.221449761327066 1.583685726573948 0.8037356773430473
    vertex -1.03291906299415 1.71262319536531 0.8033927247476174
    vertex -1.128909787256751 1.650927827688393 0.6263204809317815
  endloop
endfacet
facet normal -0.142329 -0.989648 0.018396
  outer loop
    vertex -0.171294451822509 -1.9926510509306 0.8033927247476375
    vertex -0.3973119543616186 -1.9601385693163 0.8037749765932724
    vertex -0.2846517002299866 -1.979639717109196 0.6263217913948314
  endloop
endfacet
facet normal 0.254172 -0.966972 0.0190136
  outer loop
    vertex 0.6180339887498844 -1.902113032590311 1
    vertex 0.3971809332914789 -1.960165122184789 1
    vertex 0.519596140487401 -1.93132593075084 0.830233147022555
  endloop
endfacet
facet normal 0.362723 -0.931726 -0.0178237
  outer loop
    vertex 0.6180608595897127 -1.902104301515357 0.3941952044449329
    vertex 0.8306431612532461 -1.819349317383337 0.3943948773657469
    vertex 0.7277100499211023 -1.862911185012272 0.5768207162931563
  endloop
endfacet
facet normal 0.808859 -0.587671 0.0197354
  outer loop
    vertex 1.68250706566236 -1.0812816349112 1
    vertex 1.548283221278161 -1.266024907617746 1
    vertex 1.618122791726837 -1.175448268063783 0.8347562581057993
  endloop
endfacet
facet normal 0.466576 -0.884261 0.0197363
  outer loop
    vertex 1.032794923277917 -1.712698060503182 1
    vertex 0.8308300260037623 -1.819263990709042 1
    vertex 0.9332700746240059 -1.768899931542568 0.8347634599192351
  endloop
endfacet
facet normal 0.564405 -0.825283 -0.0188573
  outer loop
    vertex 1.032941891292177 -1.712609426931237 0.3946108665479349
    vertex 1.221341652505305 -1.583769101812385 0.3948271435330614
    vertex 1.128894401389125 -1.650938348489213 0.5674880820130545
  endloop
endfacet
facet normal 0.163763 0.986456 0.009265
  outer loop
    vertex 0.4177775663922084 1.955878806321957 0.5898816203187601
    vertex 0.3460764683713711 1.969830215536253 0.371804450739636
    vertex 0.2432278715607454 1.985154956797083 0.5580518854017721
  endloop
endfacet
facet normal 0.736796 -0.67583 -0.0196142
  outer loop
    vertex 1.394275948806767 -1.433873975835739 0.394893753898435
    vertex 1.548674837283299 -1.265545830211434 0.3948562183322347
    vertex 1.473727802724386 -1.352082232512932 0.5612269416589836
  endloop
endfacet
facet normal 0.654733 -0.755602 0.0197465
  outer loop
    vertex 1.393875137310581 -1.434263609517932 1
    vertex 1.221295759270869 -1.583804491844556 1
    vertex 1.309691215104854 -1.511525362366497 0.8348487347284022
  endloop
endfacet
facet normal -0.257814 0.966024 0.0181508
  outer loop
    vertex -0.6256632142344365 1.899617209427687 0.8103014130699495
    vertex -0.4037284204158705 1.958827037425333 0.8113869151443289
    vertex -0.5448813401292414 1.924345167889317 0.6416517703939266
  endloop
endfacet
facet normal -0.616745 -0.787004 -0.0158523
  outer loop
    vertex -1.31579491577749 -1.506215037640412 0.3870999287901478
    vertex -1.150272447761833 -1.636115306425559 0.3963639755976432
    vertex -1.249335089362008 -1.561781621894951 0.5600942027801141
  endloop
endfacet
facet normal 0.144409 -0.989386 -0.0161948
  outer loop
    vertex 0.1711500169576677 -1.992663461725384 0.3850634878399913
    vertex 0.4049917902005248 -1.958566222998389 0.3871381854579474
    vertex 0.3396704827609685 -1.970944941681764 0.560917879580787
  endloop
endfacet
facet normal 0.967024 0.254598 0.00673074
  outer loop
    vertex 1.956747051033542 0.4136918880900823 0.6255431955021294
    vertex 1.947672959551758 0.4544997718711161 0.3856401983745212
    vertex 1.909567659460643 0.5946018448861405 0.5608196368685452
  endloop
endfacet
facet normal 0.958781 0.28356 -0.0182249
  outer loop
    vertex 1.947672959551758 0.4544997718711161 0.3856401983745212
    vertex 1.881752310236428 0.6775014707879735 0.3873280973173882
    vertex 1.909567659460643 0.5946018448861405 0.5608196368685452
  endloop
endfacet
facet normal 0.998837 0.0460587 0.0142837
  outer loop
    vertex 2 0 0.5999999999999998
    vertex 1.994742925131537 0.1449160537610713 0.5003278763595602
    vertex 1.989503420973996 0.2046365996902019 0.6741446855028542
  endloop
endfacet
facet normal 0.958576 -0.284243 -0.0183856
  outer loop
    vertex 1.881062489795255 -0.6794143871638855 0.3883978735519819
    vertex 1.947443728072578 -0.4554809831274833 0.3873106961675123
    vertex 1.909145313184833 -0.5959565195082501 0.5622959616522286
  endloop
endfacet
facet normal 0.998741 0.0474661 -0.0162282
  outer loop
    vertex 1.994742925131537 0.1449160537610713 0.5003278763595602
    vertex 2 0 0.3999999999999994
    vertex 1.988771207807734 0.2116343143135481 0.3279520216410095
  endloop
endfacet
facet normal 0.998684 -0.0499604 -0.0115514
  outer loop
    vertex 2 0 0.3999999999999994
    vertex 1.992500000000021 -0.1730426248064854 0.4999999999999996
    vertex 1.988418848631197 -0.2149197115394177 0.3282824127840197
  endloop
endfacet
facet normal -0.969467 -0.245179 0.0045752
  outer loop
    vertex -1.95312861042061 -0.4304516594885624 0.2254037883891961
    vertex -1.917347054939282 -0.5690169337688122 0.3818541301188511
    vertex -1.958573637095908 -0.404955933495121 0.4379048172860658
  endloop
endfacet
facet normal -0.905706 -0.423882 -0.00457528
  outer loop
    vertex -1.784479389475243 -0.9031241933079102 0.7745962116108402
    vertex -1.844492935843254 -0.7732048949821356 0.6181459493902505
    vertex -1.772555450743974 -0.926308357966087 0.5620986419764759
  endloop
endfacet
facet normal -0.289371 -0.957211 0.00332563
  outer loop
    vertex -0.6399726277722674 -1.894844330202948 0.2254044728971838
    vertex -0.5028548405197343 -1.935752310954548 0.381865283352208
    vertex -0.6580789515088671 -1.888632334145794 0.4379195783746138
  endloop
endfacet
facet normal 0.216193 0.976313 -0.00862223
  outer loop
    vertex 0.4177775663922084 1.955878806321957 0.5898816203187601
    vertex 0.5085774843781647 1.934256689889834 0.4182702150101104
    vertex 0.3460764683713711 1.969830215536253 0.371804450739636
  endloop
endfacet
facet normal 0.502131 0.864788 0.00263374
  outer loop
    vertex 1.053008826064428 1.700344792161406 0.4227713466674317
    vertex 0.9430841287427858 1.76368713952148 0.5818143969173766
    vertex 1.067547238040483 1.691254828389896 0.6356650667837199
  endloop
endfacet
facet normal 0.998766 -0.0487511 0.00945268
  outer loop
    vertex 1.992500000000021 -0.1730426248064854 0.4999999999999996
    vertex 2 0 0.5999999999999998
    vertex 1.989129527446357 -0.2082395808702845 0.6745986240979932
  endloop
endfacet
facet normal -0.683013 0.730392 0.00457047
  outer loop
    vertex -1.30535308847036 1.515273346436508 0.3818631663227178
    vertex -1.410352456118093 1.418064155643764 0.2254013279017628
    vertex -1.428700238331807 1.399576946434399 0.4378822922964093
  endloop
endfacet
facet normal -0.538733 -0.842472 0.00285927
  outer loop
    vertex -1.150272447761833 -1.636115306425559 0.3963639755976432
    vertex -1.012939185189319 -1.724515644205062 0.2253999469634952
    vertex -1.000318434366528 -1.73186692036845 0.4373325114521168
  endloop
endfacet
facet normal 0.293082 0.95605 -0.0084099
  outer loop
    vertex 0.5085774843781647 1.934256689889834 0.4182702150101104
    vertex 0.5998085731546602 1.907938593238831 0.6057633158398449
    vertex 0.6694589819665376 1.884628523466714 0.3831334709790358
  endloop
endfacet
facet normal 0.434017 0.900856 0.00934285
  outer loop
    vertex 0.9430841287427858 1.76368713952148 0.5818143969173766
    vertex 0.8567684352349033 1.807193362201493 0.3966016881468333
    vertex 0.7864759448130881 1.838873456285222 0.6073395110667303
  endloop
endfacet
facet normal 0.966894 -0.255086 0.00684156
  outer loop
    vertex 1.947443728072578 -0.4554809831274833 0.3873106961675123
    vertex 1.956637242959347 -0.414210935954674 0.6267670764813721
    vertex 1.909145313184833 -0.5959565195082501 0.5622959616522286
  endloop
endfacet
facet normal -0.233539 0.972342 -0.00331935
  outer loop
    vertex -0.4037284204158705 1.958827037425333 0.8113869151443289
    vertex -0.3849994490809863 1.962594054869049 0.5971517188639112
    vertex -0.5448813401292414 1.924345167889317 0.6416517703939266
  endloop
endfacet
facet normal -0.588624 -0.808334 0.010846
  outer loop
    vertex -1.150272447761833 -1.636115306425559 0.3963639755976432
    vertex -1.096355341413155 -1.672723816221567 0.5941316705599886
    vertex -1.249335089362008 -1.561781621894951 0.5600942027801141
  endloop
endfacet
facet normal 0.127091 -0.991891 0.000710527
  outer loop
    vertex 0.1674398509927084 -1.992978649233238 0.6086968294233087
    vertex 0.1711500169576677 -1.992663461725384 0.3850634878399913
    vertex 0.3396704827609685 -1.970944941681764 0.560917879580787
  endloop
endfacet
facet normal -0.697909 0.715975 0.0174189
  outer loop
    vertex -1.478673526351465 1.346671675824261 0.6102255181318841
    vertex -1.309717059683698 1.511502968430261 0.6045544647483513
    vertex -1.428700238331807 1.399576946434399 0.4378822922964093
  endloop
endfacet
facet normal -0.309916 -0.950597 0.0178313
  outer loop
    vertex -0.5084310271272426 -1.934295192222308 0.6045544647483421
    vertex -0.7311970000313627 -1.861545311601395 0.6111199434821825
    vertex -0.6580789515088671 -1.888632334145794 0.4379195783746138
  endloop
endfacet
facet normal -0.896598 -0.442504 -0.0174178
  outer loop
    vertex -1.842249576790113 -0.778534839821988 0.3954455352517004
    vertex -1.737693258468425 -0.9901626833371311 0.3897703911215032
    vertex -1.772555450743974 -0.926308357966087 0.5620986419764759
  endloop
endfacet
facet normal -0.974202 -0.225004 0.0174113
  outer loop
    vertex -1.918984303906855 -0.5634707102939082 0.6045544647483136
    vertex -1.972004338203782 -0.3334649758302397 0.6102934078575452
    vertex -1.958573637095908 -0.404955933495121 0.4379048172860658
  endloop
endfacet
facet normal 0.416549 0.909003 0.0141516
  outer loop
    vertex 0.7256154107012857 1.863728058422903 0.8022654592118929
    vertex 0.9333419571449905 1.768862004519504 0.781431377758426
    vertex 0.7864759448130881 1.838873456285222 0.6073395110667303
  endloop
endfacet
facet normal 0.308828 0.950997 -0.0151735
  outer loop
    vertex 0.7300089216135789 1.862011539804354 0.1979945405183248
    vertex 0.5084304712776043 1.934295338327742 0.2185671083558267
    vertex 0.6694589819665376 1.884628523466714 0.3831334709790358
  endloop
endfacet
facet normal -0.507416 -0.861584 0.0141969
  outer loop
    vertex -0.9272704253627909 -1.772052357648472 0.6093852320571892
    vertex -1.096355341413155 -1.672723816221567 0.5941316705599886
    vertex -1.000318434366528 -1.73186692036845 0.4373325114521168
  endloop
endfacet
facet normal 0.514927 0.857049 0.0177871
  outer loop
    vertex 0.9333419571449905 1.768862004519504 0.781431377758426
    vertex 1.128886437733406 1.650943793925639 0.8022654592118049
    vertex 1.067547238040483 1.691254828389896 0.6356650667837199
  endloop
endfacet
facet normal 0.199939 0.979688 -0.0153495
  outer loop
    vertex 0.5084304712776043 1.934295338327742 0.2185671083558267
    vertex 0.2846354081632784 1.979642059671324 0.1977312080592189
    vertex 0.3460764683713711 1.969830215536253 0.371804450739636
  endloop
endfacet
facet normal 0.998188 0.0570785 -0.0190242
  outer loop
    vertex 2 0 0
    vertex 1.9869634706971 0.2279828197810808 0
    vertex 1.993646970392005 0.1592851450913763 0.1445651827938625
  endloop
endfacet
facet normal 0.99817 0.0570774 0.0199601
  outer loop
    vertex 1.9869634706971 0.2279828197810808 1
    vertex 2 0 1
    vertex 1.994041514448731 0.1542674257742458 0.8568342505818751
  endloop
endfacet
facet normal 0.998191 -0.0570786 -0.0188678
  outer loop
    vertex 1.9869634706971 -0.227982819781083 0
    vertex 2 0 0
    vertex 1.99359198779569 -0.1599718293851417 0.1449324291461415
  endloop
endfacet
facet normal 0.998191 -0.0570787 0.0188636
  outer loop
    vertex 2 0 1
    vertex 1.9869634706971 -0.227982819781083 1
    vertex 1.993638473745041 -0.1593914552400538 0.8543316449780008
  endloop
endfacet
facet normal 0.662069 0.7493 -0.0146139
  outer loop
    vertex 1.398770071705461 1.429490219099487 0.3849592985354283
    vertex 1.248514443477849 1.562437737776196 0.3943974989570199
    vertex 1.338998934451588 1.485625071657554 0.5552901918876805
  endloop
endfacet
facet normal -0.29081 -0.95678 -0.00102146
  outer loop
    vertex -0.5028548405197343 -1.935752310954548 0.381865283352208
    vertex -0.5084310271272426 -1.934295192222308 0.6045544647483421
    vertex -0.6580789515088671 -1.888632334145794 0.4379195783746138
  endloop
endfacet
facet normal -0.90492 -0.425579 0.00106983
  outer loop
    vertex -1.844492935843254 -0.7732048949821356 0.6181459493902505
    vertex -1.842249576790113 -0.778534839821988 0.3954455352517004
    vertex -1.772555450743974 -0.926308357966087 0.5620986419764759
  endloop
endfacet
facet normal -0.969934 -0.243367 -0.00106984
  outer loop
    vertex -1.917347054939282 -0.5690169337688122 0.3818541301188511
    vertex -1.918984303906855 -0.5634707102939082 0.6045544647483136
    vertex -1.958573637095908 -0.404955933495121 0.4379048172860658
  endloop
endfacet
facet normal 0.502304 0.864688 0.00209847
  outer loop
    vertex 0.9430841287427858 1.76368713952148 0.5818143969173766
    vertex 0.9333419571449905 1.768862004519504 0.781431377758426
    vertex 1.067547238040483 1.691254828389896 0.6356650667837199
  endloop
endfacet
facet normal -0.684382 0.729123 -0.00106676
  outer loop
    vertex -1.309717059683698 1.511502968430261 0.6045544647483513
    vertex -1.30535308847036 1.515273346436508 0.3818631663227178
    vertex -1.428700238331807 1.399576946434399 0.4378822922964093
  endloop
endfacet
facet normal 0.21384 0.976869 3.16329e-05
  outer loop
    vertex 0.5085774843781647 1.934256689889834 0.4182702150101104
    vertex 0.5084304712776043 1.934295338327742 0.2185671083558267
    vertex 0.3460764683713711 1.969830215536253 0.371804450739636
  endloop
endfacet
facet normal 0.432497 0.901632 -0.00226617
  outer loop
    vertex 0.9333419571449905 1.768862004519504 0.781431377758426
    vertex 0.9430841287427858 1.76368713952148 0.5818143969173766
    vertex 0.7864759448130881 1.838873456285222 0.6073395110667303
  endloop
endfacet
facet normal -0.5362 -0.844031 -0.0100539
  outer loop
    vertex -1.096355341413155 -1.672723816221567 0.5941316705599886
    vertex -1.150272447761833 -1.636115306425559 0.3963639755976432
    vertex -1.000318434366528 -1.73186692036845 0.4373325114521168
  endloop
endfacet
facet normal 0.294764 0.95557 -3.20619e-05
  outer loop
    vertex 0.5084304712776043 1.934295338327742 0.2185671083558267
    vertex 0.5085774843781647 1.934256689889834 0.4182702150101104
    vertex 0.6694589819665376 1.884628523466714 0.3831334709790358
  endloop
endfacet
facet normal 0.641807 0.766848 0.00515906
  outer loop
    vertex 1.248514443477849 1.562437737776196 0.3943974989570199
    vertex 1.221295759270874 1.583804491844552 0.6045309184237417
    vertex 1.338998934451588 1.485625071657554 0.5552901918876805
  endloop
endfacet
facet normal 0.999255 0.0385956 0
  outer loop
    vertex 2 0 1
    vertex 2 0 0.8000000000000004
    vertex 1.994041514448731 0.1542674257742458 0.8568342505818751
  endloop
endfacet
facet normal 0.999206 0.0398529 0
  outer loop
    vertex 2 0 0.2
    vertex 2 0 0
    vertex 1.993646970392005 0.1592851450913763 0.1445651827938625
  endloop
endfacet
facet normal 0.999199 -0.040025 0
  outer loop
    vertex 2 0 0
    vertex 2 0 0.2
    vertex 1.99359198779569 -0.1599718293851417 0.1449324291461415
  endloop
endfacet
facet normal 0.999204 -0.0398796 0
  outer loop
    vertex 2 0 0.8000000000000004
    vertex 2 0 1
    vertex 1.993638473745041 -0.1593914552400538 0.8543316449780008
  endloop
endfacet
facet normal 0.992363 -0.122747 0.0122141
  outer loop
    vertex 1.970988960564713 -0.3394149633296004 0.1780390105621916
    vertex 1.9869634706971 -0.227982819781083 0
    vertex 1.99359198779569 -0.1599718293851417 0.1449324291461415
  endloop
endfacet
facet normal 0.992409 0.122368 0.0122688
  outer loop
    vertex 1.9869634706971 0.2279828197810808 0
    vertex 1.971144489425202 0.3385105638065958 0.1771823024352861
    vertex 1.993646970392005 0.1592851450913763 0.1445651827938625
  endloop
endfacet
facet normal 0.992486 0.121605 -0.0135456
  outer loop
    vertex 1.970363218278482 0.3430288443487827 0.8165153109796817
    vertex 1.9869634706971 0.2279828197810808 1
    vertex 1.994041514448731 0.1542674257742458 0.8568342505818751
  endloop
endfacet
facet normal 0.992294 -0.123264 -0.0125713
  outer loop
    vertex 1.9869634706971 -0.227982819781083 1
    vertex 1.970310380601961 -0.3433322066048516 0.8165358316065471
    vertex 1.993638473745041 -0.1593914552400538 0.8543316449780008
  endloop
endfacet
facet normal 0.938936 -0.343832 0.0133844
  outer loop
    vertex 1.837941451910151 -0.7886515195892329 0.6072086377461611
    vertex 1.881062489795255 -0.6794143871638855 0.3883978735519819
    vertex 1.909145313184833 -0.5959565195082501 0.5622959616522286
  endloop
endfacet
facet normal 0.939194 0.343125 0.0133777
  outer loop
    vertex 1.881752310236428 0.6775014707879735 0.3873280973173882
    vertex 1.838436844507251 0.7874960118998836 0.607077360928286
    vertex 1.909567659460643 0.5946018448861405 0.5608196368685452
  endloop
endfacet
facet normal 0.991898 0.126618 0.0102705
  outer loop
    vertex 1.989503420973996 0.2046365996902019 0.6741446855028542
    vertex 1.970363218278482 0.3430288443487827 0.8165153109796817
    vertex 1.994041514448731 0.1542674257742458 0.8568342505818751
  endloop
endfacet
facet normal 0.347062 0.937775 -0.0112126
  outer loop
    vertex 0.5998085731546602 1.907938593238831 0.6057633158398449
    vertex 0.7256154107012857 1.863728058422903 0.8022654592118929
    vertex 0.7864759448130881 1.838873456285222 0.6073395110667303
  endloop
endfacet
facet normal 0.381298 0.924377 0.0117799
  outer loop
    vertex 0.8567684352349033 1.807193362201493 0.3966016881468333
    vertex 0.7300089216135789 1.862011539804354 0.1979945405183248
    vertex 0.6694589819665376 1.884628523466714 0.3831334709790358
  endloop
endfacet
facet normal -0.460665 -0.887497 -0.0117047
  outer loop
    vertex -0.8307540612758054 -1.819298680721161 0.393174200046703
    vertex -0.9272704253627909 -1.772052357648472 0.6093852320571892
    vertex -1.000318434366528 -1.73186692036845 0.4373325114521168
  endloop
endfacet
facet normal -0.74508 0.666879 -0.01133
  outer loop
    vertex -1.555707921178924 1.256890155893168 0.3916311251104406
    vertex -1.478673526351465 1.346671675824261 0.6102255181318841
    vertex -1.428700238331807 1.399576946434399 0.4378822922964093
  endloop
endfacet
facet normal 0.571206 0.820723 -0.0117232
  outer loop
    vertex 1.128886437733406 1.650943793925639 0.8022654592118049
    vertex 1.221295759270874 1.583804491844552 0.6045309184237417
    vertex 1.067547238040483 1.691254828389896 0.6356650667837199
  endloop
endfacet
facet normal -0.370137 -0.928912 -0.0109828
  outer loop
    vertex -0.7311970000313627 -1.861545311601395 0.6111199434821825
    vertex -0.8307540612758054 -1.819298680721161 0.393174200046703
    vertex -0.6580789515088671 -1.888632334145794 0.4379195783746138
  endloop
endfacet
facet normal -0.987345 -0.158184 -0.0113231
  outer loop
    vertex -1.972004338203782 -0.3334649758302397 0.6102934078575452
    vertex -1.98827132556153 -0.2162802255172585 0.3916555162906042
    vertex -1.958573637095908 -0.404955933495121 0.4379048172860658
  endloop
endfacet
facet normal -0.864477 -0.502544 0.0113274
  outer loop
    vertex -1.737693258468425 -0.9901626833371311 0.3897703911215032
    vertex -1.676108522337239 -1.091173781461265 0.6083656231206841
    vertex -1.772555450743974 -0.926308357966087 0.5620986419764759
  endloop
endfacet
facet normal 0.130722 0.991371 0.00974001
  outer loop
    vertex 0.2846354081632784 1.979642059671324 0.1977312080592189
    vertex 0.1711558284466043 1.992662962567618 0.3954455352516602
    vertex 0.3460764683713711 1.969830215536253 0.371804450739636
  endloop
endfacet
facet normal 0.983279 0.182001 -0.00623282
  outer loop
    vertex 1.947672959551758 0.4544997718711161 0.3856401983745212
    vertex 1.956747051033542 0.4136918880900823 0.6255431955021294
    vertex 1.978918212478652 0.2896251168671268 0.5004182656273264
  endloop
endfacet
facet normal 0.127973 0.991717 -0.0109313
  outer loop
    vertex 0.3460764683713711 1.969830215536253 0.371804450739636
    vertex 0.1711558284466043 1.992662962567618 0.3954455352516602
    vertex 0.2432278715607454 1.985154956797083 0.5580518854017721
  endloop
endfacet
facet normal 0.99188 -0.126786 -0.0100109
  outer loop
    vertex 1.988418848631197 -0.2149197115394177 0.3282824127840197
    vertex 1.970988960564713 -0.3394149633296004 0.1780390105621916
    vertex 1.99359198779569 -0.1599718293851417 0.1449324291461415
  endloop
endfacet
facet normal 0.991944 0.126305 -0.00968147
  outer loop
    vertex 1.971144489425202 0.3385105638065958 0.1771823024352861
    vertex 1.988771207807734 0.2116343143135481 0.3279520216410095
    vertex 1.993646970392005 0.1592851450913763 0.1445651827938625
  endloop
endfacet
facet normal -0.315724 0.948774 -0.0121172
  outer loop
    vertex -0.7256154107012812 1.863728058422905 0.6045309184237986
    vertex -0.6256632142344365 1.899617209427687 0.8103014130699495
    vertex -0.5448813401292414 1.924345167889317 0.6416517703939266
  endloop
endfacet
facet normal -0.662054 -0.749331 0.013655
  outer loop
    vertex -1.405967874967321 -1.422411450516296 0.6139231552688333
    vertex -1.31579491577749 -1.506215037640412 0.3870999287901478
    vertex -1.249335089362008 -1.561781621894951 0.5600942027801141
  endloop
endfacet
facet normal 0.0755359 0.997064 0.0125575
  outer loop
    vertex 0.1711558284466043 1.992662962567618 0.3954455352516602
    vertex 0.04585593875096101 1.99947423911419 0.6083346040015872
    vertex 0.2432278715607454 1.985154956797083 0.5580518854017721
  endloop
endfacet
facet normal 0.213445 -0.976897 0.0106445
  outer loop
    vertex 0.4049917902005248 -1.958566222998389 0.3871381854579474
    vertex 0.5248251833427247 -1.929911533446359 0.6139975443960812
    vertex 0.3396704827609685 -1.970944941681764 0.560917879580787
  endloop
endfacet
facet normal 0.701419 0.71266 0.0112693
  outer loop
    vertex 1.469953075559757 1.356185074262511 0.5901692644737213
    vertex 1.398770071705461 1.429490219099487 0.3849592985354283
    vertex 1.338998934451588 1.485625071657554 0.5552901918876805
  endloop
endfacet
facet normal 0.991751 -0.127803 0.00985444
  outer loop
    vertex 1.970310380601961 -0.3433322066048516 0.8165358316065471
    vertex 1.989129527446357 -0.2082395808702845 0.6745986240979932
    vertex 1.993638473745041 -0.1593914552400538 0.8543316449780008
  endloop
endfacet
facet normal 0.982375 -0.186839 -0.00551512
  outer loop
    vertex 1.956637242959347 -0.414210935954674 0.6267670764813721
    vertex 1.947443728072578 -0.4554809831274833 0.3873106961675123
    vertex 1.976168185491656 -0.3078299898492922 0.5017675822153431
  endloop
endfacet
facet normal 0.998978 0.0433263 -0.0128696
  outer loop
    vertex 2 0 0.8000000000000004
    vertex 1.989503420973996 0.2046365996902019 0.6741446855028542
    vertex 1.994041514448731 0.1542674257742458 0.8568342505818751
  endloop
endfacet
facet normal 0.998907 0.0446483 0.0138131
  outer loop
    vertex 1.988771207807734 0.2116343143135481 0.3279520216410095
    vertex 2 0 0.2
    vertex 1.993646970392005 0.1592851450913763 0.1445651827938625
  endloop
endfacet
facet normal 0.998876 -0.0450646 0.0146775
  outer loop
    vertex 2 0 0.2
    vertex 1.988418848631197 -0.2149197115394177 0.3282824127840197
    vertex 1.99359198779569 -0.1599718293851417 0.1449324291461415
  endloop
endfacet
facet normal 0.998933 -0.0443064 -0.0130185
  outer loop
    vertex 1.989129527446357 -0.2082395808702845 0.6745986240979932
    vertex 2 0 0.8000000000000004
    vertex 1.993638473745041 -0.1593914552400538 0.8543316449780008
  endloop
endfacet
facet normal 0 0 1
  outer loop
    vertex 1.948023833884666 -0.4529935348515317 1
    vertex 1.662074204729116 -0.5180444713146234 1
    vertex 1.883688727279049 -0.6720987864308626 1
  endloop
endfacet
facet normal 0 0 1
  outer loop
    vertex 0.5164808667953281 -1.6980496175369 1
    vertex 0.3526238280958234 -1.669048550890516 1
    vertex 0.3971809332914789 -1.960165122184789 1
  endloop
endfacet
facet normal 0 0 1
  outer loop
    vertex -0.7380274275386437 1.625556844929086 1
    vertex -0.8526900437979512 1.363721859318891 1
    vertex -0.5881910224584734 1.367857254836127 1
  endloop
endfacet
facet normal 0 0 1
  outer loop
    vertex 0.9418663645397368 -1.244639651295212 1
    vertex 1.005174809674331 -1.480133665444096 1
    vertex 1.167811762552546 -1.354077154638448 1
  endloop
endfacet
facet normal 0 0 1
  outer loop
    vertex 0.8308300260037765 1.819263990709035 1
    vertex 0.8058260665222143 1.560080607134605 1
    vertex 1.032794923277927 1.712698060503176 1
  endloop
endfacet
facet normal 0 -0 1
  outer loop
    vertex -0.5881910224584734 1.367857254836127 1
    vertex -0.5019345214748856 1.579295031143168 1
    vertex -0.7380274275386437 1.625556844929086 1
  endloop
endfacet
facet normal 0 0 1
  outer loop
    vertex 0.3971809332914789 -1.960165122184789 1
    vertex 0.3526238280958234 -1.669048550890516 1
    vertex 0.2261458104345578 -1.772435563177932 1
  endloop
endfacet
facet normal 0 0 1
  outer loop
    vertex 0.6180339887498844 -1.902113032590311 1
    vertex 0.5164808667953281 -1.6980496175369 1
    vertex 0.3971809332914789 -1.960165122184789 1
  endloop
endfacet
facet normal 0 0 1
  outer loop
    vertex 0.1711500169576659 -1.992663461725384 1
    vertex 0.0451304621175775 -1.773977798985899 1
    vertex -0.05711210158740562 -1.999184385656378 1
  endloop
endfacet
facet normal 0 0 1
  outer loop
    vertex -0.9006862595354443 1.12540091146891 1
    vertex -0.6808242376493475 1.160900007119857 1
    vertex -0.8526900437979512 1.363721859318891 1
  endloop
endfacet
facet normal 0 0 1
  outer loop
    vertex 1.032794923277927 1.712698060503176 1
    vertex 0.8058260665222143 1.560080607134605 1
    vertex 1.023882307287165 1.461628910677071 1
  endloop
endfacet
facet normal 0 0 1
  outer loop
    vertex 1.794796857382715 -0.882442202486446 1
    vertex 1.510743440715178 -0.853156057790487 1
    vertex 1.68250706566236 -1.0812816349112 1
  endloop
endfacet
facet normal 0 -0 1
  outer loop
    vertex 1.45278518276677 -1.067538970347309 1
    vertex 1.510743440715178 -0.853156057790487 1
    vertex 1.236842684585327 -0.9764794283264984 1
  endloop
endfacet
facet normal 0 0 1
  outer loop
    vertex 1.236842684585327 -0.9764794283264984 1
    vertex 1.510743440715178 -0.853156057790487 1
    vertex 1.317557864119761 -0.7408938608645501 1
  endloop
endfacet
facet normal 0 0 1
  outer loop
    vertex 0.9418663645397368 -1.244639651295212 1
    vertex 0.8248768951469679 -1.401759542260512 1
    vertex 1.005174809674331 -1.480133665444096 1
  endloop
endfacet
facet normal 0 0 1
  outer loop
    vertex 1.548283221278167 1.266024907617739 1
    vertex 1.432101577414466 1.038589400606106 1
    vertex 1.682507065662364 1.081281634911193 1
  endloop
endfacet
facet normal -0 0 1
  outer loop
    vertex -0.8526900437979512 1.363721859318891 1
    vertex -0.6808242376493475 1.160900007119857 1
    vertex -0.5881910224584734 1.367857254836127 1
  endloop
endfacet
facet normal 0 0 1
  outer loop
    vertex 1.548283221278161 -1.266024907617746 1
    vertex 1.307625247393897 -1.202415305935363 1
    vertex 1.393875137310581 -1.434263609517932 1
  endloop
endfacet
facet normal 0 0 1
  outer loop
    vertex 1.583195330705907 -0.1298040058485282 1
    vertex 1.497135644499338 -0.3381840483196182 1
    vertex 1.772628656916173 -0.3067654626226001 1
  endloop
endfacet
facet normal 0 0 1
  outer loop
    vertex 1.772628656916173 -0.3067654626226001 1
    vertex 1.662074204729116 -0.5180444713146234 1
    vertex 1.948023833884666 -0.4529935348515317 1
  endloop
endfacet
facet normal 0 0 1
  outer loop
    vertex 1.883688727279049 -0.6720987864308626 1
    vertex 1.662074204729116 -0.5180444713146234 1
    vertex 1.667117579608573 -0.7167263672715717 1
  endloop
endfacet
facet normal 0 0 1
  outer loop
    vertex -1.246818223246458 1.301569656558078 1
    vertex -1.411058070974534 1.153816459028763 1
    vertex -1.165506153567073 1.090257206271395 1
  endloop
endfacet
facet normal 0 0 1
  outer loop
    vertex 1.167811762552546 -1.354077154638448 1
    vertex 1.121539252125871 -1.160358500012715 1
    vertex 0.9418663645397368 -1.244639651295212 1
  endloop
endfacet
facet normal 0 -0 1
  outer loop
    vertex 1.057522602168179 1.222340526697138 1
    vertex 1.197558183748748 1.379778324381477 1
    vertex 1.023882307287165 1.461628910677071 1
  endloop
endfacet
facet normal 0 0 1
  outer loop
    vertex 1.023882307287165 1.461628910677071 1
    vertex 0.8771157324015241 1.34863782585135 1
    vertex 1.057522602168179 1.222340526697138 1
  endloop
endfacet
facet normal 0 0 1
  outer loop
    vertex 0.2969390733353038 1.51747648208577 1
    vertex 0.5478157318793256 1.528958383823205 1
    vertex 0.4338283360427421 1.7347173057386 1
  endloop
endfacet
facet normal 0 0 1
  outer loop
    vertex 0.2261458104345578 -1.772435563177932 1
    vertex 0.0451304621175775 -1.773977798985899 1
    vertex 0.1711500169576659 -1.992663461725384 1
  endloop
endfacet
facet normal 0 -0 1
  outer loop
    vertex -0.05711210158740562 -1.999184385656378 1
    vertex 0.0451304621175775 -1.773977798985899 1
    vertex -0.1707985721412827 -1.772916910637307 1
  endloop
endfacet
facet normal 0 0 1
  outer loop
    vertex 1.325380189549099 1.216422935302229 1
    vertex 1.057522602168179 1.222340526697138 1
    vertex 1.19674963242571 1.008344958477206 1
  endloop
endfacet
facet normal 0 0 1
  outer loop
    vertex -1.310453745135807 -0.92703032806829 1
    vertex -1.429089326963196 -0.7296313584446568 1
    vertex -1.522626112683605 -0.9548673446117426 1
  endloop
endfacet
facet normal 0 0 1
  outer loop
    vertex -1.411058070974534 1.153816459028763 1
    vertex -1.34804633308123 0.9806219658511494 1
    vertex -1.165506153567073 1.090257206271395 1
  endloop
endfacet
facet normal 0 0 1
  outer loop
    vertex 1.68250706566236 -1.0812816349112 1
    vertex 1.510743440715178 -0.853156057790487 1
    vertex 1.45278518276677 -1.067538970347309 1
  endloop
endfacet
facet normal 0 0 1
  outer loop
    vertex 1.667117579608573 -0.7167263672715717 1
    vertex 1.510743440715178 -0.853156057790487 1
    vertex 1.794796857382715 -0.882442202486446 1
  endloop
endfacet
facet normal 0 0 1
  outer loop
    vertex 0.4338283360427421 1.7347173057386 1
    vertex 0.2439927848814568 1.697007094060967 1
    vertex 0.2969390733353038 1.51747648208577 1
  endloop
endfacet
facet normal 0 0 1
  outer loop
    vertex -1.239439473833752 -1.306260124521614 1
    vertex -1.017703541106407 -1.271578150079276 1
    vertex -1.161481355297347 -1.101084733714629 1
  endloop
endfacet
facet normal -0 0 1
  outer loop
    vertex 1.497135644499338 -0.3381840483196182 1
    vertex 1.662074204729116 -0.5180444713146234 1
    vertex 1.772628656916173 -0.3067654626226001 1
  endloop
endfacet
facet normal -0 0 1
  outer loop
    vertex -0.5303664609193867 -1.724309890724878 1
    vertex -0.3619785797946647 -1.786434663948803 1
    vertex -0.3317288969871059 -1.593189146091976 1
  endloop
endfacet
facet normal 0 0 1
  outer loop
    vertex -0.8526900437979512 1.363721859318891 1
    vertex -1.045746348695932 1.262160391314003 1
    vertex -0.9006862595354443 1.12540091146891 1
  endloop
endfacet
facet normal 0 0 1
  outer loop
    vertex -0.3317288969871059 -1.593189146091976 1
    vertex -0.5346890295613176 -1.544056725395901 1
    vertex -0.5303664609193867 -1.724309890724878 1
  endloop
endfacet
facet normal 0 0 1
  outer loop
    vertex 1.325380189549099 1.216422935302229 1
    vertex 1.197558183748748 1.379778324381477 1
    vertex 1.057522602168179 1.222340526697138 1
  endloop
endfacet
facet normal 0 0 1
  outer loop
    vertex 1.76800206451301 0.3047704088400291 1
    vertex 1.525670897609545 0.2643199694694993 1
    vertex 1.657335746119595 0.08251326702706559 1
  endloop
endfacet
facet normal 0 0 1
  outer loop
    vertex 0.1735262675088904 -1.551105619430624 1
    vertex 0.0451304621175775 -1.773977798985899 1
    vertex 0.2261458104345578 -1.772435563177932 1
  endloop
endfacet
facet normal 0 0 1
  outer loop
    vertex 1.682507065662364 1.081281634911193 1
    vertex 1.432101577414466 1.038589400606106 1
    vertex 1.560037610531296 0.8628849010834525 1
  endloop
endfacet
facet normal -0 0 1
  outer loop
    vertex 1.325380189549099 1.216422935302229 1
    vertex 1.432101577414466 1.038589400606106 1
    vertex 1.548283221278167 1.266024907617739 1
  endloop
endfacet
facet normal 0 0 1
  outer loop
    vertex 1.45278518276677 -1.067538970347309 1
    vertex 1.307625247393897 -1.202415305935363 1
    vertex 1.548283221278161 -1.266024907617746 1
  endloop
endfacet
facet normal 0 0 1
  outer loop
    vertex 1.393875137310581 -1.434263609517932 1
    vertex 1.307625247393897 -1.202415305935363 1
    vertex 1.167811762552546 -1.354077154638448 1
  endloop
endfacet
facet normal 0 -0 1
  outer loop
    vertex -0.1707985721412827 -1.772916910637307 1
    vertex -0.07212864846696083 -1.55556085328777 1
    vertex -0.3317288969871059 -1.593189146091976 1
  endloop
endfacet
facet normal 0 -0 1
  outer loop
    vertex -1.522626112683605 -0.9548673446117426 1
    vertex -1.429089326963196 -0.7296313584446568 1
    vertex -1.648047651963743 -0.7777467104695627 1
  endloop
endfacet
facet normal 0 0 1
  outer loop
    vertex -1.45916140929054 0.2541731683421585 1
    vertex -1.583291863851894 0.4405946629919616 1
    vertex -1.665622718236559 0.2304700988450405 1
  endloop
endfacet
facet normal 0 0 1
  outer loop
    vertex -1.996738207852272 -0.1141776217255204 1
    vertex -1.780492364054491 0.0175991402022458 1
    vertex -1.99673820785227 0.114177621725551 1
  endloop
endfacet
facet normal 0 0 1
  outer loop
    vertex 1.76800206451301 0.3047704088400291 1
    vertex 1.600739421523206 0.4820524432522729 1
    vertex 1.525670897609545 0.2643199694694993 1
  endloop
endfacet
facet normal -0 0 1
  outer loop
    vertex 1.330188483231756 0.8287502362259337 1
    vertex 1.468423273775211 0.6535647757749049 1
    vertex 1.560037610531296 0.8628849010834525 1
  endloop
endfacet
facet normal 0 -0 1
  outer loop
    vertex -1.092672603255692 -1.466404383067815 1
    vertex -1.017703541106407 -1.271578150079276 1
    vertex -1.239439473833752 -1.306260124521614 1
  endloop
endfacet
facet normal 0 -0 1
  outer loop
    vertex 0.2261458104345578 -1.772435563177932 1
    vertex 0.3526238280958234 -1.669048550890516 1
    vertex 0.1735262675088904 -1.551105619430624 1
  endloop
endfacet
facet normal 0 0 1
  outer loop
    vertex 0.6319990448747693 -1.482851534123557 1
    vertex 0.6974289841896354 -1.699921178977223 1
    vertex 0.8395236719046473 -1.591074293893983 1
  endloop
endfacet
facet normal 0 0 1
  outer loop
    vertex -1.586042951744798 -0.5297373957272742 1
    vertex -1.655265278303091 -0.3126526790646272 1
    vertex -1.780979026367378 -0.4299068941956538 1
  endloop
endfacet
facet normal 0 0 1
  outer loop
    vertex 0.8308300260037765 1.819263990709035 1
    vertex 0.6472668298395915 1.70902666399915 1
    vertex 0.8058260665222143 1.560080607134605 1
  endloop
endfacet
facet normal 0 0 1
  outer loop
    vertex 0.8395236719046473 -1.591074293893983 1
    vertex 0.8248768951469679 -1.401759542260512 1
    vertex 0.6319990448747693 -1.482851534123557 1
  endloop
endfacet
facet normal 0 0 1
  outer loop
    vertex -1.484926492251057 -0.3349905506481466 1
    vertex -1.655265278303091 -0.3126526790646272 1
    vertex -1.586042951744798 -0.5297373957272742 1
  endloop
endfacet
facet normal 0 0 1
  outer loop
    vertex -1.087758981862953 1.448817544002741 1
    vertex -1.045746348695932 1.262160391314003 1
    vertex -0.8526900437979512 1.363721859318891 1
  endloop
endfacet
facet normal 0 0 1
  outer loop
    vertex 1.399417007534182 -0.5409002997507241 1
    vertex 1.662074204729116 -0.5180444713146234 1
    vertex 1.497135644499338 -0.3381840483196182 1
  endloop
endfacet
facet normal -0 0 1
  outer loop
    vertex 1.399417007534182 -0.5409002997507241 1
    vertex 1.511382019341362 -0.6739442113983912 1
    vertex 1.662074204729116 -0.5180444713146234 1
  endloop
endfacet
facet normal 0 -0 1
  outer loop
    vertex -1.797270310930448 -0.2170075174481425 1
    vertex -1.780492364054491 0.0175991402022458 1
    vertex -1.996738207852272 -0.1141776217255204 1
  endloop
endfacet
facet normal 0 -0 1
  outer loop
    vertex -1.665622718236559 0.2304700988450405 1
    vertex -1.583291863851894 0.4405946629919616 1
    vertex -1.786594749885863 0.4003254460115202 1
  endloop
endfacet
facet normal 0 0 1
  outer loop
    vertex 2 0 1
    vertex 1.801705664885694 -0.08360125955483871 1
    vertex 1.9869634706971 -0.227982819781083 1
  endloop
endfacet
facet normal 0 -0 1
  outer loop
    vertex 1.772628656916173 -0.3067654626226001 1
    vertex 1.801705664885694 -0.08360125955483871 1
    vertex 1.583195330705907 -0.1298040058485282 1
  endloop
endfacet
facet normal 0 -0 1
  outer loop
    vertex -1.165506153567073 1.090257206271395 1
    vertex -1.045746348695932 1.262160391314003 1
    vertex -1.246818223246458 1.301569656558078 1
  endloop
endfacet
facet normal 0 0 1
  outer loop
    vertex -0.1559809015925313 1.816052658687635 1
    vertex -0.2693519293487824 1.59535753103945 1
    vertex -0.06777140732755901 1.627071299706596 1
  endloop
endfacet
facet normal 0 0 1
  outer loop
    vertex 1.600739421523206 0.4820524432522729 1
    vertex 1.382381699470759 0.4433287854694586 1
    vertex 1.525670897609545 0.2643199694694993 1
  endloop
endfacet
facet normal -0 0 1
  outer loop
    vertex -0.3821555363540054 1.774126621543242 1
    vertex -0.2693519293487824 1.59535753103945 1
    vertex -0.1559809015925313 1.816052658687635 1
  endloop
endfacet
facet normal 0 0 1
  outer loop
    vertex 0.8058260665222143 1.560080607134605 1
    vertex 0.8771157324015241 1.34863782585135 1
    vertex 1.023882307287165 1.461628910677071 1
  endloop
endfacet
facet normal 0 0 1
  outer loop
    vertex -0.8526900437979512 1.363721859318891 1
    vertex -0.9463367023172614 1.569323200677283 1
    vertex -1.087758981862953 1.448817544002741 1
  endloop
endfacet
facet normal 0 0 1
  outer loop
    vertex -0.7256154107012979 -1.863728058422899 1
    vertex -0.7531116925116732 -1.630766766830049 1
    vertex -0.9333346464513635 -1.76886586199562 1
  endloop
endfacet
facet normal 0 0 1
  outer loop
    vertex 1.382381699470759 0.4433287854694586 1
    vertex 1.297024908279328 0.2303022296027518 1
    vertex 1.525670897609545 0.2643199694694993 1
  endloop
endfacet
facet normal -0 0 1
  outer loop
    vertex 1.15668954167175 0.4099572956764539 1
    vertex 1.297024908279328 0.2303022296027518 1
    vertex 1.382381699470759 0.4433287854694586 1
  endloop
endfacet
facet normal 0 0 1
  outer loop
    vertex -0.935868156755279 -1.069304342224704 1
    vertex -0.7176470157032576 -1.044518152357379 1
    vertex -0.8579874789691256 -0.8646849008331301 1
  endloop
endfacet
facet normal 0 0 1
  outer loop
    vertex 1.382381699470759 0.4433287854694586 1
    vertex 1.242832757217103 0.6211382357717854 1
    vertex 1.15668954167175 0.4099572956764539 1
  endloop
endfacet
facet normal 0 -0 1
  outer loop
    vertex -0.7977942153973954 -1.247957620035535 1
    vertex -0.7176470157032576 -1.044518152357379 1
    vertex -0.935868156755279 -1.069304342224704 1
  endloop
endfacet
facet normal -0 0 1
  outer loop
    vertex -1.083034457016438 -0.8949636997003678 1
    vertex -0.935868156755279 -1.069304342224704 1
    vertex -0.8579874789691256 -0.8646849008331301 1
  endloop
endfacet
facet normal 0 0 1
  outer loop
    vertex 1.9869634706971 -0.227982819781083 1
    vertex 1.801705664885694 -0.08360125955483871 1
    vertex 1.772628656916173 -0.3067654626226001 1
  endloop
endfacet
facet normal 0 -0 1
  outer loop
    vertex -1.219931981663775 -0.7120403007228804 1
    vertex -1.135709599191402 -0.5019894314373603 1
    vertex -1.356023412095709 -0.5277770962796461 1
  endloop
endfacet
facet normal 0 0 1
  outer loop
    vertex -0.9972646346550719 -0.6837466601464842 1
    vertex -1.135709599191402 -0.5019894314373603 1
    vertex -1.219931981663775 -0.7120403007228804 1
  endloop
endfacet
facet normal 0 0 1
  outer loop
    vertex -0.4921236785792322 -1.013962759429719 1
    vertex -0.7176470157032576 -1.044518152357379 1
    vertex -0.5786129797518967 -1.223697975368779 1
  endloop
endfacet
facet normal 0 0 1
  outer loop
    vertex -0.632015417609597 -0.8338214543365829 1
    vertex -0.7176470157032576 -1.044518152357379 1
    vertex -0.4921236785792322 -1.013962759429719 1
  endloop
endfacet
facet normal 0 0 1
  outer loop
    vertex -0.632015417609597 -0.8338214543365829 1
    vertex -0.4058123904195368 -0.8027928636843835 1
    vertex -0.5457648392974062 -0.6224200285602147 1
  endloop
endfacet
facet normal 0 0 1
  outer loop
    vertex -0.5786129797518967 -1.223697975368779 1
    vertex -0.7176470157032576 -1.044518152357379 1
    vertex -0.7977942153973954 -1.247957620035535 1
  endloop
endfacet
facet normal 0 -0 1
  outer loop
    vertex -0.4921236785792322 -1.013962759429719 1
    vertex -0.4058123904195368 -0.8027928636843835 1
    vertex -0.632015417609597 -0.8338214543365829 1
  endloop
endfacet
facet normal -0 0 1
  outer loop
    vertex -0.7718197676830795 -0.6533060259042274 1
    vertex -0.632015417609597 -0.8338214543365829 1
    vertex -0.5457648392974062 -0.6224200285602147 1
  endloop
endfacet
facet normal 0 -0 1
  outer loop
    vertex -1.135709599191402 -0.5019894314373603 1
    vertex -1.051368053717556 -0.2921190153513128 1
    vertex -1.277216885579399 -0.3228491111320893 1
  endloop
endfacet
facet normal 0 0 1
  outer loop
    vertex -1.356023412095709 -0.5277770962796461 1
    vertex -1.135709599191402 -0.5019894314373603 1
    vertex -1.277216885579399 -0.3228491111320893 1
  endloop
endfacet
facet normal -0 0 1
  outer loop
    vertex -1.191986532607808 -0.1122072458503294 1
    vertex -1.051368053717556 -0.2921190153513128 1
    vertex -0.9657478189124056 -0.0811887115278204 1
  endloop
endfacet
facet normal 0 0 1
  outer loop
    vertex -0.911816367335337 -0.4728966325600036 1
    vertex -1.051368053717556 -0.2921190153513128 1
    vertex -1.135709599191402 -0.5019894314373603 1
  endloop
endfacet
facet normal 0 0 1
  outer loop
    vertex -0.9657478189124056 -0.0811887115278204 1
    vertex -1.051368053717556 -0.2921190153513128 1
    vertex -0.8257311186789825 -0.2615829596002741 1
  endloop
endfacet
facet normal 0 0 1
  outer loop
    vertex -0.5995258363919482 -0.2305885485326001 1
    vertex -0.7395030926831913 -0.05016575619779401 1
    vertex -0.8257311186789825 -0.2615829596002741 1
  endloop
endfacet
facet normal 0 0 1
  outer loop
    vertex -1.277216885579399 -0.3228491111320893 1
    vertex -1.051368053717556 -0.2921190153513128 1
    vertex -1.191986532607808 -0.1122072458503294 1
  endloop
endfacet
facet normal 0 -0 1
  outer loop
    vertex -0.8257311186789825 -0.2615829596002741 1
    vertex -0.7395030926831913 -0.05016575619779401 1
    vertex -0.9657478189124056 -0.0811887115278204 1
  endloop
endfacet
facet normal 0 0 1
  outer loop
    vertex -0.5995258363919482 -0.2305885485326001 1
    vertex -0.8257311186789825 -0.2615829596002741 1
    vertex -0.685783318150738 -0.4420270321308109 1
  endloop
endfacet
facet normal -0 0 1
  outer loop
    vertex -0.4058123904195368 -0.8027928636843835 1
    vertex -0.2658433552939914 -0.9832156435954771 1
    vertex -0.1795786793577752 -0.7718458406724502 1
  endloop
endfacet
facet normal -0 0 1
  outer loop
    vertex -0.1470493498603229 -0.1685521203180626 1
    vertex -0.007067113117613228 -0.348971341613271 1
    vertex 0.07918939192390183 -0.1375335513550302 1
  endloop
endfacet
facet normal 0 0 1
  outer loop
    vertex -0.4921236785792322 -1.013962759429719 1
    vertex -0.2658433552939914 -0.9832156435954771 1
    vertex -0.4058123904195368 -0.8027928636843835 1
  endloop
endfacet
facet normal 0 -0 1
  outer loop
    vertex -0.0395978823248395 -0.9522660926686588 1
    vertex 0.04665909442529213 -0.7408279733369028 1
    vertex -0.1795786793577752 -0.7718458406724502 1
  endloop
endfacet
facet normal 0 0 1
  outer loop
    vertex -0.3195551108439276 -0.5914224342527006 1
    vertex -0.0933222094421863 -0.5604080924214547 1
    vertex -0.2333046514883691 -0.3799890322475482 1
  endloop
endfacet
facet normal 0 0 1
  outer loop
    vertex -0.1795786793577752 -0.7718458406724502 1
    vertex 0.04665909442529213 -0.7408279733369028 1
    vertex -0.0933222094421863 -0.5604080924214547 1
  endloop
endfacet
facet normal 0 -0 1
  outer loop
    vertex 0.04665909442529213 -0.7408279733369028 1
    vertex 0.1329154349437036 -0.5293903154165605 1
    vertex -0.0933222094421863 -0.5604080924214547 1
  endloop
endfacet
facet normal 0 0 1
  outer loop
    vertex 0.07918939192390183 -0.1375335513550302 1
    vertex -0.007067113117613228 -0.348971341613271 1
    vertex 0.2191716238354298 -0.3179527644085638 1
  endloop
endfacet
facet normal 0 0 1
  outer loop
    vertex -0.2333046514883691 -0.3799890322475482 1
    vertex -0.007067113117613228 -0.348971341613271 1
    vertex -0.1470493498603229 -0.1685521203180626 1
  endloop
endfacet
facet normal 0 0 1
  outer loop
    vertex -0.0933222094421863 -0.5604080924214547 1
    vertex 0.1329154349437036 -0.5293903154165605 1
    vertex -0.007067113117613228 -0.348971341613271 1
  endloop
endfacet
facet normal -0 0 1
  outer loop
    vertex -0.4595385462709806 -0.4110040964579788 1
    vertex -0.3195551108439276 -0.5914224342527006 1
    vertex -0.2333046514883691 -0.3799890322475482 1
  endloop
endfacet
facet normal 0 0 1
  outer loop
    vertex -0.3195551108439276 -0.5914224342527006 1
    vertex -0.4058123904195368 -0.8027928636843835 1
    vertex -0.1795786793577752 -0.7718458406724502 1
  endloop
endfacet
facet normal -0 0 1
  outer loop
    vertex -0.3195551108439276 -0.5914224342527006 1
    vertex -0.1795786793577752 -0.7718458406724502 1
    vertex -0.0933222094421863 -0.5604080924214547 1
  endloop
endfacet
facet normal 0 -0 1
  outer loop
    vertex -0.0933222094421863 -0.5604080924214547 1
    vertex -0.007067113117613228 -0.348971341613271 1
    vertex -0.2333046514883691 -0.3799890322475482 1
  endloop
endfacet
facet normal 0 0 1
  outer loop
    vertex -0.2870313898948761 0.01186722974977867 1
    vertex -0.4270137157756601 0.1922863733321294 1
    vertex -0.5132699291886827 -0.01915119609424707 1
  endloop
endfacet
facet normal 0 0 1
  outer loop
    vertex -0.5132699291886827 -0.01915119609424707 1
    vertex -0.7395030926831913 -0.05016575619779401 1
    vertex -0.5995258363919482 -0.2305885485326001 1
  endloop
endfacet
facet normal 0 -0 1
  outer loop
    vertex -0.5132699291886827 -0.01915119609424707 1
    vertex -0.4270137157756601 0.1922863733321294 1
    vertex -0.6532525563095279 0.1612677310497496 1
  endloop
endfacet
facet normal 0 0 1
  outer loop
    vertex -0.2870313898948761 0.01186722974977867 1
    vertex -0.5132699291886827 -0.01915119609424707 1
    vertex -0.3732869149920913 -0.1995698419355011 1
  endloop
endfacet
facet normal 0 -0 1
  outer loop
    vertex -0.4270137157756601 0.1922863733321294 1
    vertex -0.3407572936441356 0.4037240928269831 1
    vertex -0.5669960551894847 0.3727055074206515 1
  endloop
endfacet
facet normal 0 0 1
  outer loop
    vertex -0.6532525563095279 0.1612677310497496 1
    vertex -0.4270137157756601 0.1922863733321294 1
    vertex -0.5669960551894847 0.3727055074206515 1
  endloop
endfacet
facet normal 0 0 1
  outer loop
    vertex -0.2007750449751172 0.2233048933854775 1
    vertex -0.3407572936441356 0.4037240928269831 1
    vertex -0.4270137157756601 0.1922863733321294 1
  endloop
endfacet
facet normal 0 0 1
  outer loop
    vertex -0.2007750449751172 0.2233048933854775 1
    vertex -0.4270137157756601 0.1922863733321294 1
    vertex -0.2870313898948761 0.01186722974977867 1
  endloop
endfacet
facet normal 0 0 1
  outer loop
    vertex 1.436621802793507 0.04857784910077418 1
    vertex 1.297024908279328 0.2303022296027518 1
    vertex 1.210383066699996 0.01755928204067301 1
  endloop
endfacet
facet normal 0 -0 1
  outer loop
    vertex 1.210383066699996 0.01755928204067301 1
    vertex 1.297024908279328 0.2303022296027518 1
    vertex 1.070402441430413 0.1980701958596517 1
  endloop
endfacet
facet normal 0 0 1
  outer loop
    vertex 1.124126565720709 -0.1938784942671011 1
    vertex 0.9841440172504852 -0.0134411980392505 1
    vertex 0.8978878296461316 -0.2248970613310404 1
  endloop
endfacet
facet normal 0 0 1
  outer loop
    vertex -0.06079281636418725 0.04288567945832161 1
    vertex -0.2007750449751172 0.2233048933854775 1
    vertex -0.2870313898948761 0.01186722974977867 1
  endloop
endfacet
facet normal 0 0 1
  outer loop
    vertex 1.525670897609545 0.2643199694694993 1
    vertex 1.297024908279328 0.2303022296027518 1
    vertex 1.436621802793507 0.04857784910077418 1
  endloop
endfacet
facet normal 0 0 1
  outer loop
    vertex 1.070402441430413 0.1980701958596517 1
    vertex 0.9841440172504852 -0.0134411980392505 1
    vertex 1.210383066699996 0.01755928204067301 1
  endloop
endfacet
facet normal 0 0 1
  outer loop
    vertex 0.8441586054652718 0.1669767415469877 1
    vertex 0.6179227780503971 0.135944160253437 1
    vertex 0.7579055945403904 -0.04447785208467388 1
  endloop
endfacet
facet normal 0 -0 1
  outer loop
    vertex 0.8978878296461316 -0.2248970613310404 1
    vertex 0.9841440172504852 -0.0134411980392505 1
    vertex 0.7579055945403904 -0.04447785208467388 1
  endloop
endfacet
facet normal 0 0 1
  outer loop
    vertex 1.210383066699996 0.01755928204067301 1
    vertex 0.9841440172504852 -0.0134411980392505 1
    vertex 1.124126565720709 -0.1938784942671011 1
  endloop
endfacet
facet normal 0 0 1
  outer loop
    vertex 0.7579055945403904 -0.04447785208467388 1
    vertex 0.9841440172504852 -0.0134411980392505 1
    vertex 0.8441586054652718 0.1669767415469877 1
  endloop
endfacet
facet normal 0 0 1
  outer loop
    vertex 0.6179227780503971 0.135944160253437 1
    vertex 0.5316667622636492 -0.07549595166160399 1
    vertex 0.7579055945403904 -0.04447785208467388 1
  endloop
endfacet
facet normal -0 0 1
  outer loop
    vertex 0.3379588894722673 0.4967797758648069 1
    vertex 0.4779411246908211 0.3163605666749822 1
    vertex 0.5641976253253419 0.5277983427559322 1
  endloop
endfacet
facet normal 0 -0 1
  outer loop
    vertex 0.3916846247990876 0.1049227910471157 1
    vertex 0.4779411246908211 0.3163605666749822 1
    vertex 0.2517023887576648 0.2853419997386882 1
  endloop
endfacet
facet normal 0 0 1
  outer loop
    vertex 0.8441586054652718 0.1669767415469877 1
    vertex 0.704176691221975 0.3473825644337046 1
    vertex 0.6179227780503971 0.135944160253437 1
  endloop
endfacet
facet normal 0 0 1
  outer loop
    vertex 0.2517023887576648 0.2853419997386882 1
    vertex 0.4779411246908211 0.3163605666749822 1
    vertex 0.3379588894722673 0.4967797758648069 1
  endloop
endfacet
facet normal -0 0 1
  outer loop
    vertex 0.8441586054652718 0.1669767415469877 1
    vertex 0.9841440172504852 -0.0134411980392505 1
    vertex 1.070402441430413 0.1980701958596517 1
  endloop
endfacet
facet normal 0 -0 1
  outer loop
    vertex 0.6179227780503971 0.135944160253437 1
    vertex 0.704176691221975 0.3473825644337046 1
    vertex 0.4779411246908211 0.3163605666749822 1
  endloop
endfacet
facet normal -0 0 1
  outer loop
    vertex 0.3916846247990876 0.1049227910471157 1
    vertex 0.5316667622636492 -0.07549595166160399 1
    vertex 0.6179227780503971 0.135944160253437 1
  endloop
endfacet
facet normal -0 0 1
  outer loop
    vertex -0.4807395539784111 0.5841432838919826 1
    vertex -0.3407572936441356 0.4037240928269831 1
    vertex -0.2545008167599634 0.615161851761954 1
  endloop
endfacet
facet normal 0 0 1
  outer loop
    vertex 0.1654458935838908 0.07390422727697007 1
    vertex 0.3916846247990876 0.1049227910471157 1
    vertex 0.2517023887576648 0.2853419997386882 1
  endloop
endfacet
facet normal 0 0 1
  outer loop
    vertex 0.4779411246908211 0.3163605666749822 1
    vertex 0.704176691221975 0.3473825644337046 1
    vertex 0.5641976253253419 0.5277983427559322 1
  endloop
endfacet
facet normal 0 0 1
  outer loop
    vertex -0.02826208178322948 0.6461804180163426 1
    vertex -0.1145185751861772 0.4347426471697037 1
    vertex 0.11172015426338 0.465761209435188 1
  endloop
endfacet
facet normal 0 0 1
  outer loop
    vertex 0.6716490936696468 -0.2559156284158142 1
    vertex 0.5316667622636492 -0.07549595166160399 1
    vertex 0.4454103581863622 -0.2869341955927998 1
  endloop
endfacet
facet normal 0 0 1
  outer loop
    vertex -0.2545008167599634 0.615161851761954 1
    vertex -0.3407572936441356 0.4037240928269831 1
    vertex -0.1145185751861772 0.4347426471697037 1
  endloop
endfacet
facet normal 0 0 1
  outer loop
    vertex 0.3916846247990876 0.1049227910471157 1
    vertex 0.6179227780503971 0.135944160253437 1
    vertex 0.4779411246908211 0.3163605666749822 1
  endloop
endfacet
facet normal 0 0 1
  outer loop
    vertex -0.5669960551894847 0.3727055074206515 1
    vertex -0.3407572936441356 0.4037240928269831 1
    vertex -0.4807395539784111 0.5841432838919826 1
  endloop
endfacet
facet normal 0 0 1
  outer loop
    vertex 0.7579055945403904 -0.04447785208467388 1
    vertex 0.5316667622636492 -0.07549595166160399 1
    vertex 0.6716490936696468 -0.2559156284158142 1
  endloop
endfacet
facet normal 0 0 1
  outer loop
    vertex -0.02826208178322948 0.6461804180163426 1
    vertex -0.2545008167599634 0.615161851761954 1
    vertex -0.1145185751861772 0.4347426471697037 1
  endloop
endfacet
facet normal 0 0 1
  outer loop
    vertex 0.11172015426338 0.465761209435188 1
    vertex -0.1145185751861772 0.4347426471697037 1
    vertex 0.02546365858685378 0.2543234369113605 1
  endloop
endfacet
facet normal 0 -0 1
  outer loop
    vertex 0.4454103581863622 -0.2869341955927998 1
    vertex 0.5316667622636492 -0.07549595166160399 1
    vertex 0.3054281243360117 -0.106514985176889 1
  endloop
endfacet
facet normal 0 0 1
  outer loop
    vertex 0.6778850657234838 1.340089908349449 1
    vertex 0.5956623612945021 1.131393831110035 1
    vertex 0.8229671282280332 1.162111671643273 1
  endloop
endfacet
facet normal 0 0 1
  outer loop
    vertex 1.032794923277917 -1.712698060503182 1
    vertex 0.8395236719046473 -1.591074293893983 1
    vertex 0.8308300260037623 -1.819263990709042 1
  endloop
endfacet
facet normal 0 0 1
  outer loop
    vertex -0.1682443170764228 0.8265996271329319 1
    vertex -0.2545008167599634 0.615161851761954 1
    vertex -0.02826208178322948 0.6461804180163426 1
  endloop
endfacet
facet normal -0 0 1
  outer loop
    vertex -0.3944830532116179 0.7955810600430636 1
    vertex -0.2545008167599634 0.615161851761954 1
    vertex -0.1682443170764228 0.8265996271329319 1
  endloop
endfacet
facet normal 0 0 1
  outer loop
    vertex -1.297236639012039 0.6642548281846481 1
    vertex -1.073374336643121 0.6977756403696833 1
    vertex -1.216433306039918 0.8616982208004464 1
  endloop
endfacet
facet normal -0 0 1
  outer loop
    vertex 0.5956623612945021 1.131393831110035 1
    vertex 0.7365285707057231 0.9507258051867666 1
    vertex 0.8229671282280332 1.162111671643273 1
  endloop
endfacet
facet normal 0 0 1
  outer loop
    vertex 0.3971809332914789 -1.960165122184789 1
    vertex 0.2261458104345578 -1.772435563177932 1
    vertex 0.1711500169576659 -1.992663461725384 1
  endloop
endfacet
facet normal 0 0 1
  outer loop
    vertex 1.9869634706971 -0.227982819781083 1
    vertex 1.772628656916173 -0.3067654626226001 1
    vertex 1.948023833884666 -0.4529935348515317 1
  endloop
endfacet
facet normal -0 0 1
  outer loop
    vertex 0.4534420155955479 1.315769806998585 1
    vertex 0.5956623612945021 1.131393831110035 1
    vertex 0.6778850657234838 1.340089908349449 1
  endloop
endfacet
facet normal 0 0 1
  outer loop
    vertex 0.05799441904422872 0.8576181942124366 1
    vertex 0.2841413734088958 0.8887550249558556 1
    vertex 0.1442509199648881 1.069055970474817 1
  endloop
endfacet
facet normal -0 0 1
  outer loop
    vertex -1.216433306039918 0.8616982208004464 1
    vertex -1.073374336643121 0.6977756403696833 1
    vertex -0.9869427605189928 0.9139631351618976 1
  endloop
endfacet
facet normal 0 -0 1
  outer loop
    vertex 0.5104718911523957 0.9196553282769954 1
    vertex 0.5956623612945021 1.131393831110035 1
    vertex 0.3699389658067581 1.100784119720325 1
  endloop
endfacet
facet normal 0 0 1
  outer loop
    vertex 0.5104718911523957 0.9196553282769954 1
    vertex 0.7365285707057231 0.9507258051867666 1
    vertex 0.5956623612945021 1.131393831110035 1
  endloop
endfacet
facet normal 0 0 1
  outer loop
    vertex -0.534465288332267 0.9760002692822213 1
    vertex -0.6808242376493475 1.160900007119857 1
    vertex -0.7607040244253482 0.9449817022222595 1
  endloop
endfacet
facet normal 0 0 1
  outer loop
    vertex 1.032794923277927 1.712698060503176 1
    vertex 1.023882307287165 1.461628910677071 1
    vertex 1.221295759270879 1.583804491844548 1
  endloop
endfacet
facet normal -0 0 1
  outer loop
    vertex -1.741492154239549 0.9834658492912166 1
    vertex -1.522524726392394 0.9796987662522826 1
    vertex -1.618033988749889 1.175570504584954 1
  endloop
endfacet
facet normal 0 0 1
  outer loop
    vertex -0.05711210158740562 -1.999184385656378 1
    vertex -0.1707985721412827 -1.772916910637307 1
    vertex -0.2846296765465846 -1.979642883761863 1
  endloop
endfacet
facet normal -0 0 1
  outer loop
    vertex 0.1442509199648881 1.069055970474817 1
    vertex 0.2841413734088958 0.8887550249558556 1
    vertex 0.3699389658067581 1.100784119720325 1
  endloop
endfacet
facet normal 0 0 1
  outer loop
    vertex -0.1408114912124206 1.420733472487025 1
    vertex -0.2228197080715552 1.216929793242968 1
    vertex 0.004268684844605169 1.249475179714239 1
  endloop
endfacet
facet normal 0 0 1
  outer loop
    vertex -0.9869427605189928 0.9139631351618976 1
    vertex -1.073374336643121 0.6977756403696833 1
    vertex -0.846960525408886 0.7335439259152543 1
  endloop
endfacet
facet normal 0 0 1
  outer loop
    vertex 1.393875137310581 -1.434263609517932 1
    vertex 1.167811762552546 -1.354077154638448 1
    vertex 1.221295759270869 -1.583804491844556 1
  endloop
endfacet
facet normal -0 0 1
  outer loop
    vertex -1.309721467890564 1.511499148708522 1
    vertex -1.087758981862953 1.448817544002741 1
    vertex -1.128886437733532 1.650943793925552 1
  endloop
endfacet
facet normal 0 0 1
  outer loop
    vertex 1.68250706566236 -1.0812816349112 1
    vertex 1.45278518276677 -1.067538970347309 1
    vertex 1.548283221278161 -1.266024907617746 1
  endloop
endfacet
facet normal 0 0 1
  outer loop
    vertex 1.883688727279049 -0.6720987864308626 1
    vertex 1.667117579608573 -0.7167263672715717 1
    vertex 1.794796857382715 -0.882442202486446 1
  endloop
endfacet
facet normal 0 0 1
  outer loop
    vertex -0.846960525408886 0.7335439259152543 1
    vertex -1.073374336643121 0.6977756403696833 1
    vertex -0.9332170263927069 0.522106149608048 1
  endloop
endfacet
facet normal 0 0 1
  outer loop
    vertex -0.9332170263927069 0.522106149608048 1
    vertex -1.073374336643121 0.6977756403696833 1
    vertex -1.159455762486183 0.4910875825478058 1
  endloop
endfacet
facet normal 0 0 1
  outer loop
    vertex -1.165506153567073 1.090257206271395 1
    vertex -1.216433306039918 0.8616982208004464 1
    vertex -0.9869427605189928 0.9139631351618976 1
  endloop
endfacet
facet normal -0 0 1
  outer loop
    vertex -0.9333346464513419 1.768865861995631 1
    vertex -0.7380274275386437 1.625556844929086 1
    vertex -0.7256154107012767 1.863728058422907 1
  endloop
endfacet
facet normal 0 -0 1
  outer loop
    vertex 0.6504541262688677 0.7392361190348213 1
    vertex 0.7365285707057231 0.9507258051867666 1
    vertex 0.5104718911523957 0.9196553282769954 1
  endloop
endfacet
facet normal 0 -0 1
  outer loop
    vertex -0.3082265522264229 1.007018836351245 1
    vertex -0.2228197080715552 1.216929793242968 1
    vertex -0.4482087873466018 1.187438045590737 1
  endloop
endfacet
facet normal -0 0 1
  outer loop
    vertex 0.2305074209353912 1.280493746772571 1
    vertex 0.3699389658067581 1.100784119720325 1
    vertex 0.4534420155955479 1.315769806998585 1
  endloop
endfacet
facet normal 0 0 1
  outer loop
    vertex 0.3699389658067581 1.100784119720325 1
    vertex 0.5956623612945021 1.131393831110035 1
    vertex 0.4534420155955479 1.315769806998585 1
  endloop
endfacet
facet normal -0 0 1
  outer loop
    vertex -0.5084366683869688 1.934293709403916 1
    vertex -0.3821555363540054 1.774126621543242 1
    vertex -0.2846296765465656 1.979642883761866 1
  endloop
endfacet
facet normal 0 0 1
  outer loop
    vertex 0.3699389658067581 1.100784119720325 1
    vertex 0.2841413734088958 0.8887550249558556 1
    vertex 0.5104718911523957 0.9196553282769954 1
  endloop
endfacet
facet normal 0 -0 1
  outer loop
    vertex 1.264108800825783 -0.3742977035132918 1
    vertex 1.350365301810352 -0.1628599272064802 1
    vertex 1.124126565720709 -0.1938784942671011 1
  endloop
endfacet
facet normal 0 0 1
  outer loop
    vertex -0.3622480273975206 1.392021611083362 1
    vertex -0.5881910224584734 1.367857254836127 1
    vertex -0.4482087873466018 1.187438045590737 1
  endloop
endfacet
facet normal 0 0 1
  outer loop
    vertex -0.9006862595354443 1.12540091146891 1
    vertex -1.165506153567073 1.090257206271395 1
    vertex -0.9869427605189928 0.9139631351618976 1
  endloop
endfacet
facet normal 0 0 1
  outer loop
    vertex -0.1408114912124206 1.420733472487025 1
    vertex -0.3622480273975206 1.392021611083362 1
    vertex -0.2228197080715552 1.216929793242968 1
  endloop
endfacet
facet normal 0 0 1
  outer loop
    vertex -0.5786129797518967 -1.223697975368779 1
    vertex -0.6655785427058827 -1.41848124763369 1
    vertex -0.4400301044603782 -1.393903334359439 1
  endloop
endfacet
facet normal 0 0 1
  outer loop
    vertex 0.397180933291495 1.960165122184786 1
    vertex 0.4338283360427421 1.7347173057386 1
    vertex 0.6180339887498983 1.902113032590306 1
  endloop
endfacet
facet normal 0 -0 1
  outer loop
    vertex 0.1979766543176326 0.6771989850815443 1
    vertex 0.2841413734088958 0.8887550249558556 1
    vertex 0.05799441904422872 0.8576181942124366 1
  endloop
endfacet
facet normal 0 0 1
  outer loop
    vertex 0.1866408549391234 -0.9212475245549542 1
    vertex 0.1003843535956818 -1.132685300713228 1
    vertex 0.3266230897095204 -1.101666733662044 1
  endloop
endfacet
facet normal 0 0 1
  outer loop
    vertex 0.3266230897095204 -1.101666733662044 1
    vertex 0.242871650280443 -1.312273748181969 1
    vertex 0.4666053247339964 -1.282085942873656 1
  endloop
endfacet
facet normal 0 0 1
  outer loop
    vertex 1.19674963242571 1.008344958477206 1
    vertex 1.057522602168179 1.222340526697138 1
    vertex 0.9629230549363023 0.9817031949661102 1
  endloop
endfacet
facet normal 0 0 1
  outer loop
    vertex 1.057522602168179 1.222340526697138 1
    vertex 0.8229671282280332 1.162111671643273 1
    vertex 0.9629230549363023 0.9817031949661102 1
  endloop
endfacet
facet normal 0 0 1
  outer loop
    vertex 1.682507065662364 1.081281634911193 1
    vertex 1.560037610531296 0.8628849010834525 1
    vertex 1.794796857382718 0.8824422024864409 1
  endloop
endfacet
facet normal 0 -0 1
  outer loop
    vertex 0.639118326716421 -0.8592103902669833 1
    vertex 0.7253748277013625 -0.6477726139597828 1
    vertex 0.499136091702611 -0.6787911810668212 1
  endloop
endfacet
facet normal 0 0 1
  outer loop
    vertex -0.7932347912829507 0.3416869403611558 1
    vertex -0.5669960551894847 0.3727055074206515 1
    vertex -0.7069782902990828 0.5531247166683955 1
  endloop
endfacet
facet normal 0 0 1
  outer loop
    vertex -0.1258543825507187 -1.163703869008639 1
    vertex -0.2121108835657509 -1.375141644289731 1
    vertex 0.01412785253969451 -1.344123077199852 1
  endloop
endfacet
facet normal -0 0 1
  outer loop
    vertex -0.7932347912829507 0.3416869403611558 1
    vertex -0.6532525563095279 0.1612677310497496 1
    vertex -0.5669960551894847 0.3727055074206515 1
  endloop
endfacet
facet normal 0 0 1
  outer loop
    vertex -1.159455762486183 0.4910875825478058 1
    vertex -1.297236639012039 0.6642548281846481 1
    vertex -1.379148399930391 0.4651479509512423 1
  endloop
endfacet
facet normal -0 0 1
  outer loop
    vertex -1.33196876445338 0.0682120299337086 1
    vertex -1.191986532607808 -0.1122072458503294 1
    vertex -1.105730028359994 0.0992305969938878 1
  endloop
endfacet
facet normal 0 0 1
  outer loop
    vertex -0.3520931185318462 -1.194722436109013 1
    vertex -0.4400301044603782 -1.393903334359439 1
    vertex -0.2121108835657509 -1.375141644289731 1
  endloop
endfacet
facet normal 0 0 1
  outer loop
    vertex -0.3520931185318462 -1.194722436109013 1
    vertex -0.5786129797518967 -1.223697975368779 1
    vertex -0.4400301044603782 -1.393903334359439 1
  endloop
endfacet
facet normal 0 0 1
  outer loop
    vertex -0.5786129797518967 -1.223697975368779 1
    vertex -0.7977942153973954 -1.247957620035535 1
    vertex -0.6655785427058827 -1.41848124763369 1
  endloop
endfacet
facet normal 0 -0 1
  outer loop
    vertex -1.741492154239564 -0.9834658492911907 1
    vertex -1.648047651963743 -0.7777467104695627 1
    vertex -1.842247306229707 -0.7785402126347665 1
  endloop
endfacet
facet normal 0 0 1
  outer loop
    vertex -0.3082265522264229 1.007018836351245 1
    vertex -0.3944830532116179 0.7955810600430636 1
    vertex -0.1682443170764228 0.8265996271329319 1
  endloop
endfacet
facet normal 0 0 1
  outer loop
    vertex 0.8766928623542384 0.7702546860893656 1
    vertex 0.7365285707057231 0.9507258051867666 1
    vertex 0.6504541262688677 0.7392361190348213 1
  endloop
endfacet
facet normal 0 0 1
  outer loop
    vertex -0.3082265522264229 1.007018836351245 1
    vertex -0.534465288332267 0.9760002692822213 1
    vertex -0.3944830532116179 0.7955810600430636 1
  endloop
endfacet
facet normal 0 0 1
  outer loop
    vertex -0.3944830532116179 0.7955810600430636 1
    vertex -0.4807395539784111 0.5841432838919826 1
    vertex -0.2545008167599634 0.615161851761954 1
  endloop
endfacet
facet normal 0 0 1
  outer loop
    vertex 0.5528618257539201 -1.070648166582111 1
    vertex 0.7791005617809201 -1.039629599494073 1
    vertex 0.639118326716421 -0.8592103902669833 1
  endloop
endfacet
facet normal 0 0 1
  outer loop
    vertex -0.534465288332267 0.9760002692822213 1
    vertex -0.7607040244253482 0.9449817022222595 1
    vertex -0.6207217893140461 0.7645624929764651 1
  endloop
endfacet
facet normal 0 0 1
  outer loop
    vertex -0.7607040244253482 0.9449817022222595 1
    vertex -0.9006862595354443 1.12540091146891 1
    vertex -0.9869427605189928 0.9139631351618976 1
  endloop
endfacet
facet normal 0 0 1
  outer loop
    vertex -1.159455762486183 0.4910875825478058 1
    vertex -1.379148399930391 0.4651479509512423 1
    vertex -1.245712263469786 0.2796498062407541 1
  endloop
endfacet
facet normal 0 0 1
  outer loop
    vertex -1.33196876445338 0.0682120299337086 1
    vertex -1.54639518797016 0.04268541175647769 1
    vertex -1.412068688570678 -0.1384490406702225 1
  endloop
endfacet
facet normal 0 0 1
  outer loop
    vertex 0.8229671282280332 1.162111671643273 1
    vertex 0.7365285707057231 0.9507258051867666 1
    vertex 0.9629230549363023 0.9817031949661102 1
  endloop
endfacet
facet normal -0 0 1
  outer loop
    vertex -1.412068688570678 -0.1384490406702225 1
    vertex -1.277216885579399 -0.3228491111320893 1
    vertex -1.191986532607808 -0.1122072458503294 1
  endloop
endfacet
facet normal -0 0 1
  outer loop
    vertex -1.484926492251057 -0.3349905506481466 1
    vertex -1.356023412095709 -0.5277770962796461 1
    vertex -1.277216885579399 -0.3228491111320893 1
  endloop
endfacet
facet normal 0 -0 1
  outer loop
    vertex -1.970707671695389 -0.3410443852652308 1
    vertex -1.797270310930448 -0.2170075174481425 1
    vertex -1.996738207852272 -0.1141776217255204 1
  endloop
endfacet
facet normal 0 0 1
  outer loop
    vertex -0.5084366683869891 -1.93429370940391 1
    vertex -0.5303664609193867 -1.724309890724878 1
    vertex -0.7256154107012979 -1.863728058422899 1
  endloop
endfacet
facet normal 0 0 1
  outer loop
    vertex 0.3591538572061022 -0.4983719721223628 1
    vertex 0.2728973567551975 -0.7098097485968079 1
    vertex 0.499136091702611 -0.6787911810668212 1
  endloop
endfacet
facet normal 0 0 1
  outer loop
    vertex 0.8978878296461316 -0.2248970613310404 1
    vertex 0.7579055945403904 -0.04447785208467388 1
    vertex 0.6716490936696468 -0.2559156284158142 1
  endloop
endfacet
facet normal 0 -0 1
  outer loop
    vertex 0.05799441904422872 0.8576181942124366 1
    vertex 0.1442509199648881 1.069055970474817 1
    vertex -0.08198781612340075 1.03803740341826 1
  endloop
endfacet
facet normal -0 0 1
  outer loop
    vertex 0.1866408549391234 -0.9212475245549542 1
    vertex 0.3266230897095204 -1.101666733662044 1
    vertex 0.4128795908158671 -0.8902289574075921 1
  endloop
endfacet
facet normal 0 0 1
  outer loop
    vertex 0.1442509199648881 1.069055970474817 1
    vertex 0.004268684844605169 1.249475179714239 1
    vertex -0.08198781612340075 1.03803740341826 1
  endloop
endfacet
facet normal 0 0 1
  outer loop
    vertex -0.3082265522264229 1.007018836351245 1
    vertex -0.4482087873466018 1.187438045590737 1
    vertex -0.534465288332267 0.9760002692822213 1
  endloop
endfacet
facet normal 0 0 1
  outer loop
    vertex -0.4482087873466018 1.187438045590737 1
    vertex -0.6808242376493475 1.160900007119857 1
    vertex -0.534465288332267 0.9760002692822213 1
  endloop
endfacet
facet normal -0 0 1
  outer loop
    vertex -0.846960525408886 0.7335439259152543 1
    vertex -0.7069782902990828 0.5531247166683955 1
    vertex -0.6207217893140461 0.7645624929764651 1
  endloop
endfacet
facet normal -0 0 1
  outer loop
    vertex 0.1003843535956818 -1.132685300713228 1
    vertex 0.242871650280443 -1.312273748181969 1
    vertex 0.3266230897095204 -1.101666733662044 1
  endloop
endfacet
facet normal 0 -0 1
  outer loop
    vertex -0.7607040244253482 0.9449817022222595 1
    vertex -0.6808242376493475 1.160900007119857 1
    vertex -0.9006862595354443 1.12540091146891 1
  endloop
endfacet
facet normal -0 0 1
  outer loop
    vertex -0.9332170263927069 0.522106149608048 1
    vertex -0.7932347912829507 0.3416869403611558 1
    vertex -0.7069782902990828 0.5531247166683955 1
  endloop
endfacet
facet normal 0 0 1
  outer loop
    vertex -0.9332170263927069 0.522106149608048 1
    vertex -1.159455762486183 0.4910875825478058 1
    vertex -1.01947352737638 0.3106683733009467 1
  endloop
endfacet
facet normal 0 0 1
  outer loop
    vertex 0.9629230549363023 0.9817031949661102 1
    vertex 0.7365285707057231 0.9507258051867666 1
    vertex 0.8766928623542384 0.7702546860893656 1
  endloop
endfacet
facet normal -0 0 1
  outer loop
    vertex -1.245712263469786 0.2796498062407541 1
    vertex -1.105730028359994 0.0992305969938878 1
    vertex -1.01947352737638 0.3106683733009467 1
  endloop
endfacet
facet normal 0 0 1
  outer loop
    vertex -0.2228197080715552 1.216929793242968 1
    vertex -0.3622480273975206 1.392021611083362 1
    vertex -0.4482087873466018 1.187438045590737 1
  endloop
endfacet
facet normal -0 0 1
  outer loop
    vertex -0.2121108835657509 -1.375141644289731 1
    vertex -0.07212864846696083 -1.55556085328777 1
    vertex 0.01412785253969451 -1.344123077199852 1
  endloop
endfacet
facet normal 0 0 1
  outer loop
    vertex -0.3520931185318462 -1.194722436109013 1
    vertex -0.4921236785792322 -1.013962759429719 1
    vertex -0.5786129797518967 -1.223697975368779 1
  endloop
endfacet
facet normal 0 0 1
  outer loop
    vertex 0.1442509199648881 1.069055970474817 1
    vertex 0.3699389658067581 1.100784119720325 1
    vertex 0.2305074209353912 1.280493746772571 1
  endloop
endfacet
facet normal 0 0 1
  outer loop
    vertex 0.2305074209353912 1.280493746772571 1
    vertex 0.4534420155955479 1.315769806998585 1
    vertex 0.2969390733353038 1.51747648208577 1
  endloop
endfacet
facet normal 0 -0 1
  outer loop
    vertex 1.583195330705907 -0.1298040058485282 1
    vertex 1.657335746119595 0.08251326702706559 1
    vertex 1.436621802793507 0.04857784910077418 1
  endloop
endfacet
facet normal 0 0 1
  outer loop
    vertex -1.412068688570678 -0.1384490406702225 1
    vertex -1.484926492251057 -0.3349905506481466 1
    vertex -1.277216885579399 -0.3228491111320893 1
  endloop
endfacet
facet normal 0 0 1
  outer loop
    vertex 0.4666053247339964 -1.282085942873656 1
    vertex 0.242871650280443 -1.312273748181969 1
    vertex 0.3953791934773096 -1.488539148415197 1
  endloop
endfacet
facet normal 0 0 1
  outer loop
    vertex 0.499136091702611 -0.6787911810668212 1
    vertex 0.7253748277013625 -0.6477726139597828 1
    vertex 0.5853925926369085 -0.4673534047244367 1
  endloop
endfacet
facet normal 0 0 1
  outer loop
    vertex 0.1866408549391234 -0.9212475245549542 1
    vertex -0.0395978823248395 -0.9522660926686588 1
    vertex 0.1003843535956818 -1.132685300713228 1
  endloop
endfacet
facet normal -0 0 1
  outer loop
    vertex 0.3266230897095204 -1.101666733662044 1
    vertex 0.4666053247339964 -1.282085942873656 1
    vertex 0.5528618257539201 -1.070648166582111 1
  endloop
endfacet
facet normal -0 0 1
  outer loop
    vertex -0.1258543825507187 -1.163703869008639 1
    vertex 0.01412785253969451 -1.344123077199852 1
    vertex 0.1003843535956818 -1.132685300713228 1
  endloop
endfacet
facet normal -0 0 1
  outer loop
    vertex 1.03787006473626 -0.4053162705740304 1
    vertex 1.177852299842616 -0.5857354798203751 1
    vertex 1.264108800825783 -0.3742977035132918 1
  endloop
endfacet
facet normal 0 0 1
  outer loop
    vertex -0.7607040244253482 0.9449817022222595 1
    vertex -0.9869427605189928 0.9139631351618976 1
    vertex -0.846960525408886 0.7335439259152543 1
  endloop
endfacet
facet normal 0 0 1
  outer loop
    vertex -0.9332170263927069 0.522106149608048 1
    vertex -1.01947352737638 0.3106683733009467 1
    vertex -0.7932347912829507 0.3416869403611558 1
  endloop
endfacet
facet normal 0 -0 1
  outer loop
    vertex -1.159455762486183 0.4910875825478058 1
    vertex -1.073374336643121 0.6977756403696833 1
    vertex -1.297236639012039 0.6642548281846481 1
  endloop
endfacet
facet normal -0 0 1
  outer loop
    vertex 0.9303960464237769 0.3784068998821727 1
    vertex 1.070402441430413 0.1980701958596517 1
    vertex 1.15668954167175 0.4099572956764539 1
  endloop
endfacet
facet normal 0 0 1
  outer loop
    vertex -0.5881910224584734 1.367857254836127 1
    vertex -0.6808242376493475 1.160900007119857 1
    vertex -0.4482087873466018 1.187438045590737 1
  endloop
endfacet
facet normal 0 0 1
  outer loop
    vertex -1.33196876445338 0.0682120299337086 1
    vertex -1.412068688570678 -0.1384490406702225 1
    vertex -1.191986532607808 -0.1122072458503294 1
  endloop
endfacet
facet normal 0 -0 1
  outer loop
    vertex 1.350365301810352 -0.1628599272064802 1
    vertex 1.436621802793507 0.04857784910077418 1
    vertex 1.210383066699996 0.01755928204067301 1
  endloop
endfacet
facet normal 0 -0 1
  outer loop
    vertex 0.1442509199648881 1.069055970474817 1
    vertex 0.2305074209353912 1.280493746772571 1
    vertex 0.004268684844605169 1.249475179714239 1
  endloop
endfacet
facet normal 0 0 1
  outer loop
    vertex 0.2305074209353912 1.280493746772571 1
    vertex 0.07407874665000432 1.450645851755428 1
    vertex 0.004268684844605169 1.249475179714239 1
  endloop
endfacet
facet normal 0 0 1
  outer loop
    vertex 1.657335746119595 0.08251326702706559 1
    vertex 1.525670897609545 0.2643199694694993 1
    vertex 1.436621802793507 0.04857784910077418 1
  endloop
endfacet
facet normal 0 0 1
  outer loop
    vertex 1.091549687052959 -0.7929631180934282 1
    vertex 0.9984995609198859 -1.004578731967531 1
    vertex 1.236842684585327 -0.9764794283264984 1
  endloop
endfacet
facet normal 0 -0 1
  outer loop
    vertex 0.4534420155955479 1.315769806998585 1
    vertex 0.5478157318793256 1.528958383823205 1
    vertex 0.2969390733353038 1.51747648208577 1
  endloop
endfacet
facet normal 0 0 1
  outer loop
    vertex 0.6919990742454868 -1.244904335048016 1
    vertex 0.9418663645397368 -1.244639651295212 1
    vertex 0.7791005617809201 -1.039629599494073 1
  endloop
endfacet
facet normal -0 0 1
  outer loop
    vertex 0.3953791934773096 -1.488539148415197 1
    vertex 0.5164808667953281 -1.6980496175369 1
    vertex 0.6319990448747693 -1.482851534123557 1
  endloop
endfacet
facet normal 0 0 1
  outer loop
    vertex -0.3622480273975206 1.392021611083362 1
    vertex -0.5019345214748856 1.579295031143168 1
    vertex -0.5881910224584734 1.367857254836127 1
  endloop
endfacet
facet normal 0 -0 1
  outer loop
    vertex 0.8642094213200165 -0.826818083443662 1
    vertex 0.9514146048820273 -0.6158234005874061 1
    vertex 0.7253748277013625 -0.6477726139597828 1
  endloop
endfacet
facet normal 0 0 1
  outer loop
    vertex 1.948023833884667 0.4529935348515279 1
    vertex 1.76800206451301 0.3047704088400291 1
    vertex 1.9869634706971 0.2279828197810808 1
  endloop
endfacet
facet normal 0 0 1
  outer loop
    vertex -1.970707671695384 0.3410443852652611 1
    vertex -1.786594749885863 0.4003254460115202 1
    vertex -1.918985947228991 0.5634651136828712 1
  endloop
endfacet
facet normal 0 0 1
  outer loop
    vertex 0.1979766543176326 0.6771989850815443 1
    vertex -0.02826208178322948 0.6461804180163426 1
    vertex 0.11172015426338 0.465761209435188 1
  endloop
endfacet
facet normal 0 -0 1
  outer loop
    vertex 0.3379588894722673 0.4967797758648069 1
    vertex 0.4242153901674718 0.7082175519690161 1
    vertex 0.1979766543176326 0.6771989850815443 1
  endloop
endfacet
facet normal 0 0 1
  outer loop
    vertex 0.1979766543176326 0.6771989850815443 1
    vertex 0.05799441904422872 0.8576181942124366 1
    vertex -0.02826208178322948 0.6461804180163426 1
  endloop
endfacet
facet normal 0 0 1
  outer loop
    vertex 0.05799441904422872 0.8576181942124366 1
    vertex -0.1682443170764228 0.8265996271329319 1
    vertex -0.02826208178322948 0.6461804180163426 1
  endloop
endfacet
facet normal -0 0 1
  outer loop
    vertex 0.2728973567551975 -0.7098097485968079 1
    vertex 0.4128795908158671 -0.8902289574075921 1
    vertex 0.499136091702611 -0.6787911810668212 1
  endloop
endfacet
facet normal 0 0 1
  outer loop
    vertex 0.2728973567551975 -0.7098097485968079 1
    vertex 0.1866408549391234 -0.9212475245549542 1
    vertex 0.4128795908158671 -0.8902289574075921 1
  endloop
endfacet
facet normal 0 0 1
  outer loop
    vertex 0.05799441904422872 0.8576181942124366 1
    vertex -0.08198781612340075 1.03803740341826 1
    vertex -0.1682443170764228 0.8265996271329319 1
  endloop
endfacet
facet normal -0 0 1
  outer loop
    vertex 0.4128795908158671 -0.8902289574075921 1
    vertex 0.5528618257539201 -1.070648166582111 1
    vertex 0.639118326716421 -0.8592103902669833 1
  endloop
endfacet
facet normal 0 0 1
  outer loop
    vertex 0.3266230897095204 -1.101666733662044 1
    vertex 0.5528618257539201 -1.070648166582111 1
    vertex 0.4128795908158671 -0.8902289574075921 1
  endloop
endfacet
facet normal 0 0 1
  outer loop
    vertex 0.639118326716421 -0.8592103902669833 1
    vertex 0.8642094213200165 -0.826818083443662 1
    vertex 0.7253748277013625 -0.6477726139597828 1
  endloop
endfacet
facet normal 0 0 1
  outer loop
    vertex 1.350365301810352 -0.1628599272064802 1
    vertex 1.583195330705907 -0.1298040058485282 1
    vertex 1.436621802793507 0.04857784910077418 1
  endloop
endfacet
facet normal 0 -0 1
  outer loop
    vertex 0.2305074209353912 1.280493746772571 1
    vertex 0.2969390733353038 1.51747648208577 1
    vertex 0.07407874665000432 1.450645851755428 1
  endloop
endfacet
facet normal 0 -0 1
  outer loop
    vertex 0.6778850657234838 1.340089908349449 1
    vertex 0.8058260665222143 1.560080607134605 1
    vertex 0.5478157318793256 1.528958383823205 1
  endloop
endfacet
facet normal 0 0 1
  outer loop
    vertex 1.393875137310589 1.434263609517925 1
    vertex 1.325380189549099 1.216422935302229 1
    vertex 1.548283221278167 1.266024907617739 1
  endloop
endfacet
facet normal 0 0 1
  outer loop
    vertex -0.05711210158738782 1.999184385656379 1
    vertex 0.07115159821520634 1.80236499717631 1
    vertex 0.1711500169576837 1.992663461725382 1
  endloop
endfacet
facet normal 0 -0 1
  outer loop
    vertex -1.128886437733555 -1.650943793925537 1
    vertex -1.092672603255692 -1.466404383067815 1
    vertex -1.309721467890584 -1.511499148708504 1
  endloop
endfacet
facet normal 0 -0 1
  outer loop
    vertex 0.811631328638949 -0.4363348376331587 1
    vertex 0.8978878296461316 -0.2248970613310404 1
    vertex 0.6716490936696468 -0.2559156284158142 1
  endloop
endfacet
facet normal 0 0 1
  outer loop
    vertex 0.5641976253253419 0.5277983427559322 1
    vertex 0.7904363613799998 0.5588169097888956 1
    vertex 0.6504541262688677 0.7392361190348213 1
  endloop
endfacet
facet normal 0 0 1
  outer loop
    vertex -0.08198781612340075 1.03803740341826 1
    vertex -0.2228197080715552 1.216929793242968 1
    vertex -0.3082265522264229 1.007018836351245 1
  endloop
endfacet
facet normal 0 0 1
  outer loop
    vertex -0.7607040244253482 0.9449817022222595 1
    vertex -0.846960525408886 0.7335439259152543 1
    vertex -0.6207217893140461 0.7645624929764651 1
  endloop
endfacet
facet normal 0 0 1
  outer loop
    vertex 0.01412785253969451 -1.344123077199852 1
    vertex 0.242871650280443 -1.312273748181969 1
    vertex 0.1003843535956818 -1.132685300713228 1
  endloop
endfacet
facet normal 0 0 1
  outer loop
    vertex 1.03787006473626 -0.4053162705740304 1
    vertex 0.9514146048820273 -0.6158234005874061 1
    vertex 1.177852299842616 -0.5857354798203751 1
  endloop
endfacet
facet normal 0 0 1
  outer loop
    vertex -0.846960525408886 0.7335439259152543 1
    vertex -0.9332170263927069 0.522106149608048 1
    vertex -0.7069782902990828 0.5531247166683955 1
  endloop
endfacet
facet normal 0 0 1
  outer loop
    vertex -0.1258543825507187 -1.163703869008639 1
    vertex -0.3520931185318462 -1.194722436109013 1
    vertex -0.2121108835657509 -1.375141644289731 1
  endloop
endfacet
facet normal -0 0 1
  outer loop
    vertex -1.01947352737638 0.3106683733009467 1
    vertex -0.8794912966176007 0.1302491475184281 1
    vertex -0.7932347912829507 0.3416869403611558 1
  endloop
endfacet
facet normal 0 0 1
  outer loop
    vertex -1.105730028359994 0.0992305969938878 1
    vertex -0.8794912966176007 0.1302491475184281 1
    vertex -1.01947352737638 0.3106683733009467 1
  endloop
endfacet
facet normal 0 -0 1
  outer loop
    vertex 1.102773748038471 0.8013376485677619 1
    vertex 1.19674963242571 1.008344958477206 1
    vertex 0.9629230549363023 0.9817031949661102 1
  endloop
endfacet
facet normal 0 0 1
  outer loop
    vertex 1.102773748038471 0.8013376485677619 1
    vertex 1.330188483231756 0.8287502362259337 1
    vertex 1.19674963242571 1.008344958477206 1
  endloop
endfacet
facet normal 0 0 1
  outer loop
    vertex -1.297236639012039 0.6642548281846481 1
    vertex -1.519247326717469 0.6387778549263168 1
    vertex -1.379148399930391 0.4651479509512423 1
  endloop
endfacet
facet normal 0 0 1
  outer loop
    vertex -1.484926492251057 -0.3349905506481466 1
    vertex -1.586042951744798 -0.5297373957272742 1
    vertex -1.356023412095709 -0.5277770962796461 1
  endloop
endfacet
facet normal 0 -0 1
  outer loop
    vertex 0.5853925926369085 -0.4673534047244367 1
    vertex 0.6716490936696468 -0.2559156284158142 1
    vertex 0.4454103581863622 -0.2869341955927998 1
  endloop
endfacet
facet normal -0 0 1
  outer loop
    vertex 0.5853925926369085 -0.4673534047244367 1
    vertex 0.7253748277013625 -0.6477726139597828 1
    vertex 0.811631328638949 -0.4363348376331587 1
  endloop
endfacet
facet normal 0 0 1
  outer loop
    vertex 0.4128795908158671 -0.8902289574075921 1
    vertex 0.639118326716421 -0.8592103902669833 1
    vertex 0.499136091702611 -0.6787911810668212 1
  endloop
endfacet
facet normal 0 0 1
  outer loop
    vertex -0.08198781612340075 1.03803740341826 1
    vertex -0.3082265522264229 1.007018836351245 1
    vertex -0.1682443170764228 0.8265996271329319 1
  endloop
endfacet
facet normal 0 0 1
  outer loop
    vertex -0.534465288332267 0.9760002692822213 1
    vertex -0.6207217893140461 0.7645624929764651 1
    vertex -0.3944830532116179 0.7955810600430636 1
  endloop
endfacet
facet normal 0 0 1
  outer loop
    vertex -1.159455762486183 0.4910875825478058 1
    vertex -1.245712263469786 0.2796498062407541 1
    vertex -1.01947352737638 0.3106683733009467 1
  endloop
endfacet
facet normal 0 0 1
  outer loop
    vertex -1.245712263469786 0.2796498062407541 1
    vertex -1.33196876445338 0.0682120299337086 1
    vertex -1.105730028359994 0.0992305969938878 1
  endloop
endfacet
facet normal 0 0 1
  outer loop
    vertex 1.070402441430413 0.1980701958596517 1
    vertex 1.297024908279328 0.2303022296027518 1
    vertex 1.15668954167175 0.4099572956764539 1
  endloop
endfacet
facet normal 0 0 1
  outer loop
    vertex -0.3317288969871059 -1.593189146091976 1
    vertex -0.07212864846696083 -1.55556085328777 1
    vertex -0.2121108835657509 -1.375141644289731 1
  endloop
endfacet
facet normal 0 0 1
  outer loop
    vertex 0.3379588894722673 0.4967797758648069 1
    vertex 0.5641976253253419 0.5277983427559322 1
    vertex 0.4242153901674718 0.7082175519690161 1
  endloop
endfacet
facet normal 0 0 1
  outer loop
    vertex 0.4242153901674718 0.7082175519690161 1
    vertex 0.2841413734088958 0.8887550249558556 1
    vertex 0.1979766543176326 0.6771989850815443 1
  endloop
endfacet
facet normal 0 -0 1
  outer loop
    vertex 1.03787006473626 -0.4053162705740304 1
    vertex 1.124126565720709 -0.1938784942671011 1
    vertex 0.8978878296461316 -0.2248970613310404 1
  endloop
endfacet
facet normal -0 0 1
  outer loop
    vertex 0.7904363613799998 0.5588169097888956 1
    vertex 0.9303960464237769 0.3784068998821727 1
    vertex 1.016539797114668 0.5898906729161997 1
  endloop
endfacet
facet normal 0 0 1
  outer loop
    vertex 0.004268684844605169 1.249475179714239 1
    vertex -0.2228197080715552 1.216929793242968 1
    vertex -0.08198781612340075 1.03803740341826 1
  endloop
endfacet
facet normal 0 0 1
  outer loop
    vertex -0.0395978823248395 -0.9522660926686588 1
    vertex -0.1258543825507187 -1.163703869008639 1
    vertex 0.1003843535956818 -1.132685300713228 1
  endloop
endfacet
facet normal 0 0 1
  outer loop
    vertex 1.350365301810352 -0.1628599272064802 1
    vertex 1.210383066699996 0.01755928204067301 1
    vertex 1.124126565720709 -0.1938784942671011 1
  endloop
endfacet
facet normal 0 0 1
  outer loop
    vertex 0.9303960464237769 0.3784068998821727 1
    vertex 1.15668954167175 0.4099572956764539 1
    vertex 1.016539797114668 0.5898906729161997 1
  endloop
endfacet
facet normal 0 -0 1
  outer loop
    vertex -0.9657478189124056 -0.0811887115278204 1
    vertex -0.8794912966176007 0.1302491475184281 1
    vertex -1.105730028359994 0.0992305969938878 1
  endloop
endfacet
facet normal -0 0 1
  outer loop
    vertex -0.4400301044603782 -1.393903334359439 1
    vertex -0.3317288969871059 -1.593189146091976 1
    vertex -0.2121108835657509 -1.375141644289731 1
  endloop
endfacet
facet normal 0 0 1
  outer loop
    vertex 0.4534420155955479 1.315769806998585 1
    vertex 0.6778850657234838 1.340089908349449 1
    vertex 0.5478157318793256 1.528958383823205 1
  endloop
endfacet
facet normal 0 0 1
  outer loop
    vertex 0.4666053247339964 -1.282085942873656 1
    vertex 0.3953791934773096 -1.488539148415197 1
    vertex 0.6319990448747693 -1.482851534123557 1
  endloop
endfacet
facet normal 0 0 1
  outer loop
    vertex 0.3591538572061022 -0.4983719721223628 1
    vertex 0.5853925926369085 -0.4673534047244367 1
    vertex 0.4454103581863622 -0.2869341955927998 1
  endloop
endfacet
facet normal -0 0 1
  outer loop
    vertex 0.3591538572061022 -0.4983719721223628 1
    vertex 0.499136091702611 -0.6787911810668212 1
    vertex 0.5853925926369085 -0.4673534047244367 1
  endloop
endfacet
facet normal 0 -0 1
  outer loop
    vertex 0.5641976253253419 0.5277983427559322 1
    vertex 0.6504541262688677 0.7392361190348213 1
    vertex 0.4242153901674718 0.7082175519690161 1
  endloop
endfacet
facet normal 0 0 1
  outer loop
    vertex 0.6504541262688677 0.7392361190348213 1
    vertex 0.5104718911523957 0.9196553282769954 1
    vertex 0.4242153901674718 0.7082175519690161 1
  endloop
endfacet
facet normal 0 -0 1
  outer loop
    vertex 0.7904363613799998 0.5588169097888956 1
    vertex 0.8766928623542384 0.7702546860893656 1
    vertex 0.6504541262688677 0.7392361190348213 1
  endloop
endfacet
facet normal 0 -0 1
  outer loop
    vertex 0.7791005617809201 -1.039629599494073 1
    vertex 0.8642094213200165 -0.826818083443662 1
    vertex 0.639118326716421 -0.8592103902669833 1
  endloop
endfacet
facet normal 0 0 1
  outer loop
    vertex 1.102773748038471 0.8013376485677619 1
    vertex 0.9629230549363023 0.9817031949661102 1
    vertex 0.8766928623542384 0.7702546860893656 1
  endloop
endfacet
facet normal 0 0 1
  outer loop
    vertex -0.7932347912829507 0.3416869403611558 1
    vertex -0.8794912966176007 0.1302491475184281 1
    vertex -0.6532525563095279 0.1612677310497496 1
  endloop
endfacet
facet normal 0 0 1
  outer loop
    vertex 0.07407874665000432 1.450645851755428 1
    vertex -0.1408114912124206 1.420733472487025 1
    vertex 0.004268684844605169 1.249475179714239 1
  endloop
endfacet
facet normal 0 -0 1
  outer loop
    vertex -1.473482275752824 -1.352349800548024 1
    vertex -1.392662771084199 -1.138774696950447 1
    vertex -1.618033988749906 -1.175570504584931 1
  endloop
endfacet
facet normal 0 0 1
  outer loop
    vertex 0.3379588894722673 0.4967797758648069 1
    vertex 0.1979766543176326 0.6771989850815443 1
    vertex 0.11172015426338 0.465761209435188 1
  endloop
endfacet
facet normal 0 0 1
  outer loop
    vertex 0.5853925926369085 -0.4673534047244367 1
    vertex 0.811631328638949 -0.4363348376331587 1
    vertex 0.6716490936696468 -0.2559156284158142 1
  endloop
endfacet
facet normal 0 0 1
  outer loop
    vertex 0.5104718911523957 0.9196553282769954 1
    vertex 0.2841413734088958 0.8887550249558556 1
    vertex 0.4242153901674718 0.7082175519690161 1
  endloop
endfacet
facet normal 0 0 1
  outer loop
    vertex 0.811631328638949 -0.4363348376331587 1
    vertex 1.03787006473626 -0.4053162705740304 1
    vertex 0.8978878296461316 -0.2248970613310404 1
  endloop
endfacet
facet normal 0 0 1
  outer loop
    vertex 1.03787006473626 -0.4053162705740304 1
    vertex 1.264108800825783 -0.3742977035132918 1
    vertex 1.124126565720709 -0.1938784942671011 1
  endloop
endfacet
facet normal 0 -0 1
  outer loop
    vertex 1.016539797114668 0.5898906729161997 1
    vertex 1.102773748038471 0.8013376485677619 1
    vertex 0.8766928623542384 0.7702546860893656 1
  endloop
endfacet
facet normal 0 0 1
  outer loop
    vertex 0.9303960464237769 0.3784068998821727 1
    vertex 0.8441586054652718 0.1669767415469877 1
    vertex 1.070402441430413 0.1980701958596517 1
  endloop
endfacet
facet normal 0 0 1
  outer loop
    vertex 1.177852299842616 -0.5857354798203751 1
    vertex 1.091549687052959 -0.7929631180934282 1
    vertex 1.317557864119761 -0.7408938608645501 1
  endloop
endfacet
facet normal -0 0 1
  outer loop
    vertex 1.091549687052959 -0.7929631180934282 1
    vertex 1.236842684585327 -0.9764794283264984 1
    vertex 1.317557864119761 -0.7408938608645501 1
  endloop
endfacet
facet normal -0 0 1
  outer loop
    vertex 0.7791005617809201 -1.039629599494073 1
    vertex 0.9418663645397368 -1.244639651295212 1
    vertex 0.9984995609198859 -1.004578731967531 1
  endloop
endfacet
facet normal -0 0 1
  outer loop
    vertex 0.4666053247339964 -1.282085942873656 1
    vertex 0.6319990448747693 -1.482851534123557 1
    vertex 0.6919990742454868 -1.244904335048016 1
  endloop
endfacet
facet normal 0 0 1
  outer loop
    vertex 0.242871650280443 -1.312273748181969 1
    vertex 0.1735262675088904 -1.551105619430624 1
    vertex 0.3953791934773096 -1.488539148415197 1
  endloop
endfacet
facet normal 0 0 1
  outer loop
    vertex -1.379148399930391 0.4651479509512423 1
    vertex -1.45916140929054 0.2541731683421585 1
    vertex -1.245712263469786 0.2796498062407541 1
  endloop
endfacet
facet normal -0 0 1
  outer loop
    vertex 1.177852299842616 -0.5857354798203751 1
    vertex 1.317557864119761 -0.7408938608645501 1
    vertex 1.399417007534182 -0.5409002997507241 1
  endloop
endfacet
facet normal 0 0 1
  outer loop
    vertex 0.9984995609198859 -1.004578731967531 1
    vertex 0.8642094213200165 -0.826818083443662 1
    vertex 0.7791005617809201 -1.039629599494073 1
  endloop
endfacet
facet normal 0 0 1
  outer loop
    vertex 0.4666053247339964 -1.282085942873656 1
    vertex 0.6919990742454868 -1.244904335048016 1
    vertex 0.5528618257539201 -1.070648166582111 1
  endloop
endfacet
facet normal 0 -0 1
  outer loop
    vertex 0.6919990742454868 -1.244904335048016 1
    vertex 0.7791005617809201 -1.039629599494073 1
    vertex 0.5528618257539201 -1.070648166582111 1
  endloop
endfacet
facet normal 0 0 1
  outer loop
    vertex 0.7253748277013625 -0.6477726139597828 1
    vertex 0.9514146048820273 -0.6158234005874061 1
    vertex 0.811631328638949 -0.4363348376331587 1
  endloop
endfacet
facet normal 0 0 1
  outer loop
    vertex 0.7904363613799998 0.5588169097888956 1
    vertex 1.016539797114668 0.5898906729161997 1
    vertex 0.8766928623542384 0.7702546860893656 1
  endloop
endfacet
facet normal 0 0 1
  outer loop
    vertex -0.07212864846696083 -1.55556085328777 1
    vertex 0.1735262675088904 -1.551105619430624 1
    vertex 0.01412785253969451 -1.344123077199852 1
  endloop
endfacet
facet normal 0 0 1
  outer loop
    vertex 1.091549687052959 -0.7929631180934282 1
    vertex 0.9514146048820273 -0.6158234005874061 1
    vertex 0.8642094213200165 -0.826818083443662 1
  endloop
endfacet
facet normal 0 -0 1
  outer loop
    vertex -0.5669960551894847 0.3727055074206515 1
    vertex -0.4807395539784111 0.5841432838919826 1
    vertex -0.7069782902990828 0.5531247166683955 1
  endloop
endfacet
facet normal -0 0 1
  outer loop
    vertex 1.350365301810352 -0.1628599272064802 1
    vertex 1.497135644499338 -0.3381840483196182 1
    vertex 1.583195330705907 -0.1298040058485282 1
  endloop
endfacet
facet normal -0 0 1
  outer loop
    vertex 0.01412785253969451 -1.344123077199852 1
    vertex 0.1735262675088904 -1.551105619430624 1
    vertex 0.242871650280443 -1.312273748181969 1
  endloop
endfacet
facet normal 0 0 1
  outer loop
    vertex 1.091549687052959 -0.7929631180934282 1
    vertex 0.8642094213200165 -0.826818083443662 1
    vertex 0.9984995609198859 -1.004578731967531 1
  endloop
endfacet
facet normal -0 0 1
  outer loop
    vertex 0.811631328638949 -0.4363348376331587 1
    vertex 0.9514146048820273 -0.6158234005874061 1
    vertex 1.03787006473626 -0.4053162705740304 1
  endloop
endfacet
facet normal 0 0 1
  outer loop
    vertex -1.191986532607808 -0.1122072458503294 1
    vertex -0.9657478189124056 -0.0811887115278204 1
    vertex -1.105730028359994 0.0992305969938878 1
  endloop
endfacet
facet normal 0 0 1
  outer loop
    vertex 1.177852299842616 -0.5857354798203751 1
    vertex 0.9514146048820273 -0.6158234005874061 1
    vertex 1.091549687052959 -0.7929631180934282 1
  endloop
endfacet
facet normal 0 -0 1
  outer loop
    vertex 0.2517023887576648 0.2853419997386882 1
    vertex 0.3379588894722673 0.4967797758648069 1
    vertex 0.11172015426338 0.465761209435188 1
  endloop
endfacet
facet normal -0 0 1
  outer loop
    vertex -0.6207217893140461 0.7645624929764651 1
    vertex -0.4807395539784111 0.5841432838919826 1
    vertex -0.3944830532116179 0.7955810600430636 1
  endloop
endfacet
facet normal 0 0 1
  outer loop
    vertex 1.177852299842616 -0.5857354798203751 1
    vertex 1.399417007534182 -0.5409002997507241 1
    vertex 1.264108800825783 -0.3742977035132918 1
  endloop
endfacet
facet normal 0 0 1
  outer loop
    vertex -0.7069782902990828 0.5531247166683955 1
    vertex -0.4807395539784111 0.5841432838919826 1
    vertex -0.6207217893140461 0.7645624929764651 1
  endloop
endfacet
facet normal 0 0 1
  outer loop
    vertex -1.245712263469786 0.2796498062407541 1
    vertex -1.45916140929054 0.2541731683421585 1
    vertex -1.33196876445338 0.0682120299337086 1
  endloop
endfacet
facet normal -0 0 1
  outer loop
    vertex 0.2191716238354298 -0.3179527644085638 1
    vertex 0.3591538572061022 -0.4983719721223628 1
    vertex 0.4454103581863622 -0.2869341955927998 1
  endloop
endfacet
facet normal 0 -0 1
  outer loop
    vertex 1.399417007534182 -0.5409002997507241 1
    vertex 1.497135644499338 -0.3381840483196182 1
    vertex 1.264108800825783 -0.3742977035132918 1
  endloop
endfacet
facet normal 0 0 1
  outer loop
    vertex 1.264108800825783 -0.3742977035132918 1
    vertex 1.497135644499338 -0.3381840483196182 1
    vertex 1.350365301810352 -0.1628599272064802 1
  endloop
endfacet
facet normal 0 0 1
  outer loop
    vertex -1.33196876445338 0.0682120299337086 1
    vertex -1.45916140929054 0.2541731683421585 1
    vertex -1.54639518797016 0.04268541175647769 1
  endloop
endfacet
facet normal 0 0 1
  outer loop
    vertex 0.02546365858685378 0.2543234369113605 1
    vertex -0.1145185751861772 0.4347426471697037 1
    vertex -0.2007750449751172 0.2233048933854775 1
  endloop
endfacet
facet normal 0 0 1
  outer loop
    vertex 0.2517023887576648 0.2853419997386882 1
    vertex 0.11172015426338 0.465761209435188 1
    vertex 0.02546365858685378 0.2543234369113605 1
  endloop
endfacet
facet normal 0 0 1
  outer loop
    vertex 0.2191716238354298 -0.3179527644085638 1
    vertex 0.4454103581863622 -0.2869341955927998 1
    vertex 0.3054281243360117 -0.106514985176889 1
  endloop
endfacet
facet normal 0 0 1
  outer loop
    vertex 0.3054281243360117 -0.106514985176889 1
    vertex 0.5316667622636492 -0.07549595166160399 1
    vertex 0.3916846247990876 0.1049227910471157 1
  endloop
endfacet
facet normal -0 0 1
  outer loop
    vertex 0.5641976253253419 0.5277983427559322 1
    vertex 0.704176691221975 0.3473825644337046 1
    vertex 0.7904363613799998 0.5588169097888956 1
  endloop
endfacet
facet normal 0 0 1
  outer loop
    vertex 0.9303960464237769 0.3784068998821727 1
    vertex 0.704176691221975 0.3473825644337046 1
    vertex 0.8441586054652718 0.1669767415469877 1
  endloop
endfacet
facet normal 0 0 1
  outer loop
    vertex 0.02546365858685378 0.2543234369113605 1
    vertex -0.2007750449751172 0.2233048933854775 1
    vertex -0.06079281636418725 0.04288567945832161 1
  endloop
endfacet
facet normal 0 -0 1
  outer loop
    vertex 0.1654458935838908 0.07390422727697007 1
    vertex 0.2517023887576648 0.2853419997386882 1
    vertex 0.02546365858685378 0.2543234369113605 1
  endloop
endfacet
facet normal 0 -0 1
  outer loop
    vertex 0.3054281243360117 -0.106514985176889 1
    vertex 0.3916846247990876 0.1049227910471157 1
    vertex 0.1654458935838908 0.07390422727697007 1
  endloop
endfacet
facet normal -0 0 1
  outer loop
    vertex 0.07918939192390183 -0.1375335513550302 1
    vertex 0.2191716238354298 -0.3179527644085638 1
    vertex 0.3054281243360117 -0.106514985176889 1
  endloop
endfacet
facet normal 0 0 1
  outer loop
    vertex 0.7904363613799998 0.5588169097888956 1
    vertex 0.704176691221975 0.3473825644337046 1
    vertex 0.9303960464237769 0.3784068998821727 1
  endloop
endfacet
facet normal 0 0 1
  outer loop
    vertex -0.1145185751861772 0.4347426471697037 1
    vertex -0.3407572936441356 0.4037240928269831 1
    vertex -0.2007750449751172 0.2233048933854775 1
  endloop
endfacet
facet normal 0 0 1
  outer loop
    vertex 0.1654458935838908 0.07390422727697007 1
    vertex 0.02546365858685378 0.2543234369113605 1
    vertex -0.06079281636418725 0.04288567945832161 1
  endloop
endfacet
facet normal 0 0 1
  outer loop
    vertex 0.07918939192390183 -0.1375335513550302 1
    vertex 0.3054281243360117 -0.106514985176889 1
    vertex 0.1654458935838908 0.07390422727697007 1
  endloop
endfacet
facet normal 0 -0 1
  outer loop
    vertex 0.07918939192390183 -0.1375335513550302 1
    vertex 0.1654458935838908 0.07390422727697007 1
    vertex -0.06079281636418725 0.04288567945832161 1
  endloop
endfacet
facet normal 0 0 1
  outer loop
    vertex -0.1470493498603229 -0.1685521203180626 1
    vertex 0.07918939192390183 -0.1375335513550302 1
    vertex -0.06079281636418725 0.04288567945832161 1
  endloop
endfacet
facet normal 0 -0 1
  outer loop
    vertex -0.1470493498603229 -0.1685521203180626 1
    vertex -0.06079281636418725 0.04288567945832161 1
    vertex -0.2870313898948761 0.01186722974977867 1
  endloop
endfacet
facet normal 0 0 1
  outer loop
    vertex -0.1470493498603229 -0.1685521203180626 1
    vertex -0.2870313898948761 0.01186722974977867 1
    vertex -0.3732869149920913 -0.1995698419355011 1
  endloop
endfacet
facet normal 0 -0 1
  outer loop
    vertex -0.2333046514883691 -0.3799890322475482 1
    vertex -0.1470493498603229 -0.1685521203180626 1
    vertex -0.3732869149920913 -0.1995698419355011 1
  endloop
endfacet
facet normal 0 0 1
  outer loop
    vertex -0.6532525563095279 0.1612677310497496 1
    vertex -0.7395030926831913 -0.05016575619779401 1
    vertex -0.5132699291886827 -0.01915119609424707 1
  endloop
endfacet
facet normal -0 0 1
  outer loop
    vertex -0.8794912966176007 0.1302491475184281 1
    vertex -0.7395030926831913 -0.05016575619779401 1
    vertex -0.6532525563095279 0.1612677310497496 1
  endloop
endfacet
facet normal 0 0 1
  outer loop
    vertex -0.4595385462709806 -0.4110040964579788 1
    vertex -0.2333046514883691 -0.3799890322475482 1
    vertex -0.3732869149920913 -0.1995698419355011 1
  endloop
endfacet
facet normal 0 0 1
  outer loop
    vertex -0.3732869149920913 -0.1995698419355011 1
    vertex -0.5132699291886827 -0.01915119609424707 1
    vertex -0.5995258363919482 -0.2305885485326001 1
  endloop
endfacet
facet normal 0 0 1
  outer loop
    vertex -0.9657478189124056 -0.0811887115278204 1
    vertex -0.7395030926831913 -0.05016575619779401 1
    vertex -0.8794912966176007 0.1302491475184281 1
  endloop
endfacet
facet normal 0 0 1
  outer loop
    vertex 0.1866408549391234 -0.9212475245549542 1
    vertex 0.04665909442529213 -0.7408279733369028 1
    vertex -0.0395978823248395 -0.9522660926686588 1
  endloop
endfacet
facet normal 0 -0 1
  outer loop
    vertex -0.4595385462709806 -0.4110040964579788 1
    vertex -0.3732869149920913 -0.1995698419355011 1
    vertex -0.5995258363919482 -0.2305885485326001 1
  endloop
endfacet
facet normal 0 0 1
  outer loop
    vertex 0.2728973567551975 -0.7098097485968079 1
    vertex 0.04665909442529213 -0.7408279733369028 1
    vertex 0.1866408549391234 -0.9212475245549542 1
  endloop
endfacet
facet normal 0 0 1
  outer loop
    vertex -0.1795786793577752 -0.7718458406724502 1
    vertex -0.2658433552939914 -0.9832156435954771 1
    vertex -0.0395978823248395 -0.9522660926686588 1
  endloop
endfacet
facet normal -0 0 1
  outer loop
    vertex -0.007067113117613228 -0.348971341613271 1
    vertex 0.1329154349437036 -0.5293903154165605 1
    vertex 0.2191716238354298 -0.3179527644085638 1
  endloop
endfacet
facet normal 0 0 1
  outer loop
    vertex 0.2191716238354298 -0.3179527644085638 1
    vertex 0.1329154349437036 -0.5293903154165605 1
    vertex 0.3591538572061022 -0.4983719721223628 1
  endloop
endfacet
facet normal 0 0 1
  outer loop
    vertex -0.0395978823248395 -0.9522660926686588 1
    vertex -0.2658433552939914 -0.9832156435954771 1
    vertex -0.1258543825507187 -1.163703869008639 1
  endloop
endfacet
facet normal 0 -0 1
  outer loop
    vertex -0.3520931185318462 -1.194722436109013 1
    vertex -0.2658433552939914 -0.9832156435954771 1
    vertex -0.4921236785792322 -1.013962759429719 1
  endloop
endfacet
facet normal 0 0 1
  outer loop
    vertex 0.2728973567551975 -0.7098097485968079 1
    vertex 0.1329154349437036 -0.5293903154165605 1
    vertex 0.04665909442529213 -0.7408279733369028 1
  endloop
endfacet
facet normal 0 0 1
  outer loop
    vertex -0.4595385462709806 -0.4110040964579788 1
    vertex -0.5995258363919482 -0.2305885485326001 1
    vertex -0.685783318150738 -0.4420270321308109 1
  endloop
endfacet
facet normal 0 0 1
  outer loop
    vertex -0.5457648392974062 -0.6224200285602147 1
    vertex -0.3195551108439276 -0.5914224342527006 1
    vertex -0.4595385462709806 -0.4110040964579788 1
  endloop
endfacet
facet normal -0 0 1
  outer loop
    vertex -0.5457648392974062 -0.6224200285602147 1
    vertex -0.4058123904195368 -0.8027928636843835 1
    vertex -0.3195551108439276 -0.5914224342527006 1
  endloop
endfacet
facet normal 0 0 1
  outer loop
    vertex 0.3591538572061022 -0.4983719721223628 1
    vertex 0.1329154349437036 -0.5293903154165605 1
    vertex 0.2728973567551975 -0.7098097485968079 1
  endloop
endfacet
facet normal 0 0 1
  outer loop
    vertex -0.1258543825507187 -1.163703869008639 1
    vertex -0.2658433552939914 -0.9832156435954771 1
    vertex -0.3520931185318462 -1.194722436109013 1
  endloop
endfacet
facet normal 0 -0 1
  outer loop
    vertex -0.5457648392974062 -0.6224200285602147 1
    vertex -0.4595385462709806 -0.4110040964579788 1
    vertex -0.685783318150738 -0.4420270321308109 1
  endloop
endfacet
facet normal 0 0 1
  outer loop
    vertex -0.685783318150738 -0.4420270321308109 1
    vertex -0.8257311186789825 -0.2615829596002741 1
    vertex -0.911816367335337 -0.4728966325600036 1
  endloop
endfacet
facet normal 0 0 1
  outer loop
    vertex -0.7718197676830795 -0.6533060259042274 1
    vertex -0.5457648392974062 -0.6224200285602147 1
    vertex -0.685783318150738 -0.4420270321308109 1
  endloop
endfacet
facet normal 0 0 1
  outer loop
    vertex -0.8257311186789825 -0.2615829596002741 1
    vertex -1.051368053717556 -0.2921190153513128 1
    vertex -0.911816367335337 -0.4728966325600036 1
  endloop
endfacet
facet normal 0 -0 1
  outer loop
    vertex -0.7718197676830795 -0.6533060259042274 1
    vertex -0.685783318150738 -0.4420270321308109 1
    vertex -0.911816367335337 -0.4728966325600036 1
  endloop
endfacet
facet normal 0 0 1
  outer loop
    vertex -0.911816367335337 -0.4728966325600036 1
    vertex -1.135709599191402 -0.5019894314373603 1
    vertex -0.9972646346550719 -0.6837466601464842 1
  endloop
endfacet
facet normal 0 0 1
  outer loop
    vertex -0.7718197676830795 -0.6533060259042274 1
    vertex -0.911816367335337 -0.4728966325600036 1
    vertex -0.9972646346550719 -0.6837466601464842 1
  endloop
endfacet
facet normal 0 0 1
  outer loop
    vertex -0.8579874789691256 -0.8646849008331301 1
    vertex -0.632015417609597 -0.8338214543365829 1
    vertex -0.7718197676830795 -0.6533060259042274 1
  endloop
endfacet
facet normal -0 0 1
  outer loop
    vertex -0.8579874789691256 -0.8646849008331301 1
    vertex -0.7176470157032576 -1.044518152357379 1
    vertex -0.632015417609597 -0.8338214543365829 1
  endloop
endfacet
facet normal 0 -0 1
  outer loop
    vertex -0.8579874789691256 -0.8646849008331301 1
    vertex -0.7718197676830795 -0.6533060259042274 1
    vertex -0.9972646346550719 -0.6837466601464842 1
  endloop
endfacet
facet normal 0 0 1
  outer loop
    vertex -1.083034457016438 -0.8949636997003678 1
    vertex -0.8579874789691256 -0.8646849008331301 1
    vertex -0.9972646346550719 -0.6837466601464842 1
  endloop
endfacet
facet normal 0 -0 1
  outer loop
    vertex -1.083034457016438 -0.8949636997003678 1
    vertex -0.9972646346550719 -0.6837466601464842 1
    vertex -1.219931981663775 -0.7120403007228804 1
  endloop
endfacet
facet normal 0 0 1
  outer loop
    vertex -1.083034457016438 -0.8949636997003678 1
    vertex -1.219931981663775 -0.7120403007228804 1
    vertex -1.310453745135807 -0.92703032806829 1
  endloop
endfacet
facet normal 0 0 1
  outer loop
    vertex -1.161481355297347 -1.101084733714629 1
    vertex -0.935868156755279 -1.069304342224704 1
    vertex -1.083034457016438 -0.8949636997003678 1
  endloop
endfacet
facet normal -0 0 1
  outer loop
    vertex 1.102773748038471 0.8013376485677619 1
    vertex 1.242832757217103 0.6211382357717854 1
    vertex 1.330188483231756 0.8287502362259337 1
  endloop
endfacet
facet normal 0 -0 1
  outer loop
    vertex 1.15668954167175 0.4099572956764539 1
    vertex 1.242832757217103 0.6211382357717854 1
    vertex 1.016539797114668 0.5898906729161997 1
  endloop
endfacet
facet normal -0 0 1
  outer loop
    vertex -0.1707985721412827 -1.772916910637307 1
    vertex 0.0451304621175775 -1.773977798985899 1
    vertex -0.07212864846696083 -1.55556085328777 1
  endloop
endfacet
facet normal 0 0 1
  outer loop
    vertex 1.242832757217103 0.6211382357717854 1
    vertex 1.468423273775211 0.6535647757749049 1
    vertex 1.330188483231756 0.8287502362259337 1
  endloop
endfacet
facet normal 0 0 1
  outer loop
    vertex 1.016539797114668 0.5898906729161997 1
    vertex 1.242832757217103 0.6211382357717854 1
    vertex 1.102773748038471 0.8013376485677619 1
  endloop
endfacet
facet normal 0 -0 1
  outer loop
    vertex -1.161481355297347 -1.101084733714629 1
    vertex -1.083034457016438 -0.8949636997003678 1
    vertex -1.310453745135807 -0.92703032806829 1
  endloop
endfacet
facet normal 0 0 1
  outer loop
    vertex 1.600739421523206 0.4820524432522729 1
    vertex 1.468423273775211 0.6535647757749049 1
    vertex 1.382381699470759 0.4433287854694586 1
  endloop
endfacet
facet normal 0 -0 1
  outer loop
    vertex 1.382381699470759 0.4433287854694586 1
    vertex 1.468423273775211 0.6535647757749049 1
    vertex 1.242832757217103 0.6211382357717854 1
  endloop
endfacet
facet normal 0 0 1
  outer loop
    vertex 1.468423273775211 0.6535647757749049 1
    vertex 1.679757636677207 0.6860690794260391 1
    vertex 1.560037610531296 0.8628849010834525 1
  endloop
endfacet
facet normal 0 0 1
  outer loop
    vertex 1.19674963242571 1.008344958477206 1
    vertex 1.432101577414466 1.038589400606106 1
    vertex 1.325380189549099 1.216422935302229 1
  endloop
endfacet
facet normal -0 0 1
  outer loop
    vertex 0.5164808667953281 -1.6980496175369 1
    vertex 0.6974289841896354 -1.699921178977223 1
    vertex 0.6319990448747693 -1.482851534123557 1
  endloop
endfacet
facet normal 0 0 1
  outer loop
    vertex -0.3317288969871059 -1.593189146091976 1
    vertex -0.3619785797946647 -1.786434663948803 1
    vertex -0.1707985721412827 -1.772916910637307 1
  endloop
endfacet
facet normal 0 0 1
  outer loop
    vertex 0.2969390733353038 1.51747648208577 1
    vertex 0.09641740980423665 1.625008972305855 1
    vertex 0.07407874665000432 1.450645851755428 1
  endloop
endfacet
facet normal 0 0 1
  outer loop
    vertex -1.161481355297347 -1.101084733714629 1
    vertex -1.310453745135807 -0.92703032806829 1
    vertex -1.392662771084199 -1.138774696950447 1
  endloop
endfacet
facet normal 0 0 1
  outer loop
    vertex -0.5303664609193867 -1.724309890724878 1
    vertex -0.7531116925116732 -1.630766766830049 1
    vertex -0.7256154107012979 -1.863728058422899 1
  endloop
endfacet
facet normal 0 0 1
  outer loop
    vertex 1.662074204729116 -0.5180444713146234 1
    vertex 1.511382019341362 -0.6739442113983912 1
    vertex 1.667117579608573 -0.7167263672715717 1
  endloop
endfacet
facet normal 0 0 1
  outer loop
    vertex -0.7380274275386437 1.625556844929086 1
    vertex -0.9463367023172614 1.569323200677283 1
    vertex -0.8526900437979512 1.363721859318891 1
  endloop
endfacet
facet normal 0 -0 1
  outer loop
    vertex 1.600739421523206 0.4820524432522729 1
    vertex 1.679757636677207 0.6860690794260391 1
    vertex 1.468423273775211 0.6535647757749049 1
  endloop
endfacet
facet normal 0 0 1
  outer loop
    vertex 0.2439927848814568 1.697007094060967 1
    vertex 0.09641740980423665 1.625008972305855 1
    vertex 0.2969390733353038 1.51747648208577 1
  endloop
endfacet
facet normal -0 0 1
  outer loop
    vertex -0.07212864846696083 -1.55556085328777 1
    vertex 0.0451304621175775 -1.773977798985899 1
    vertex 0.1735262675088904 -1.551105619430624 1
  endloop
endfacet
facet normal 0 0 1
  outer loop
    vertex -0.5019345214748856 1.579295031143168 1
    vertex -0.571233912891156 1.755400053088464 1
    vertex -0.7380274275386437 1.625556844929086 1
  endloop
endfacet
facet normal 0 0 1
  outer loop
    vertex 1.657335746119595 0.08251326702706559 1
    vertex 1.846968828018532 0.1056134987326083 1
    vertex 1.76800206451301 0.3047704088400291 1
  endloop
endfacet
facet normal 0 0 1
  outer loop
    vertex -0.5019345214748856 1.579295031143168 1
    vertex -0.2693519293487824 1.59535753103945 1
    vertex -0.3821555363540054 1.774126621543242 1
  endloop
endfacet
facet normal 0 0 1
  outer loop
    vertex 1.560037610531296 0.8628849010834525 1
    vertex 1.432101577414466 1.038589400606106 1
    vertex 1.330188483231756 0.8287502362259337 1
  endloop
endfacet
facet normal 0 0 1
  outer loop
    vertex 0.07407874665000432 1.450645851755428 1
    vertex -0.06777140732755901 1.627071299706596 1
    vertex -0.1408114912124206 1.420733472487025 1
  endloop
endfacet
facet normal 0 0 1
  outer loop
    vertex -1.310453745135807 -0.92703032806829 1
    vertex -1.522626112683605 -0.9548673446117426 1
    vertex -1.392662771084199 -1.138774696950447 1
  endloop
endfacet
facet normal 0 0 1
  outer loop
    vertex -0.7977942153973954 -1.247957620035535 1
    vertex -0.8789654420989746 -1.43845769691136 1
    vertex -0.6655785427058827 -1.41848124763369 1
  endloop
endfacet
facet normal 0 -0 1
  outer loop
    vertex -0.3622480273975206 1.392021611083362 1
    vertex -0.2693519293487824 1.59535753103945 1
    vertex -0.5019345214748856 1.579295031143168 1
  endloop
endfacet
facet normal 0 0 1
  outer loop
    vertex -1.648047651963743 -0.7777467104695627 1
    vertex -1.429089326963196 -0.7296313584446568 1
    vertex -1.586042951744798 -0.5297373957272742 1
  endloop
endfacet
facet normal 0 0 1
  outer loop
    vertex -1.219931981663775 -0.7120403007228804 1
    vertex -1.429089326963196 -0.7296313584446568 1
    vertex -1.310453745135807 -0.92703032806829 1
  endloop
endfacet
facet normal -0 0 1
  outer loop
    vertex -1.586042951744798 -0.5297373957272742 1
    vertex -1.429089326963196 -0.7296313584446568 1
    vertex -1.356023412095709 -0.5277770962796461 1
  endloop
endfacet
facet normal 0 -0 1
  outer loop
    vertex 0.6180339887498844 -1.902113032590311 1
    vertex 0.6974289841896354 -1.699921178977223 1
    vertex 0.5164808667953281 -1.6980496175369 1
  endloop
endfacet
facet normal 0 -0 1
  outer loop
    vertex 1.330188483231756 0.8287502362259337 1
    vertex 1.432101577414466 1.038589400606106 1
    vertex 1.19674963242571 1.008344958477206 1
  endloop
endfacet
facet normal 0 0 1
  outer loop
    vertex 0.6319990448747693 -1.482851534123557 1
    vertex 0.8248768951469679 -1.401759542260512 1
    vertex 0.6919990742454868 -1.244904335048016 1
  endloop
endfacet
facet normal 0 0 1
  outer loop
    vertex 1.236842684585327 -0.9764794283264984 1
    vertex 1.307625247393897 -1.202415305935363 1
    vertex 1.45278518276677 -1.067538970347309 1
  endloop
endfacet
facet normal -0 0 1
  outer loop
    vertex -1.161481355297347 -1.101084733714629 1
    vertex -1.017703541106407 -1.271578150079276 1
    vertex -0.935868156755279 -1.069304342224704 1
  endloop
endfacet
facet normal 0 0 1
  outer loop
    vertex 0.6778850657234838 1.340089908349449 1
    vertex 0.8771157324015241 1.34863782585135 1
    vertex 0.8058260665222143 1.560080607134605 1
  endloop
endfacet
facet normal 0 0 1
  outer loop
    vertex 1.057522602168179 1.222340526697138 1
    vertex 0.8771157324015241 1.34863782585135 1
    vertex 0.8229671282280332 1.162111671643273 1
  endloop
endfacet
facet normal -0 0 1
  outer loop
    vertex 1.560037610531296 0.8628849010834525 1
    vertex 1.679757636677207 0.6860690794260391 1
    vertex 1.794796857382718 0.8824422024864409 1
  endloop
endfacet
facet normal 0 0 1
  outer loop
    vertex 1.794796857382718 0.8824422024864409 1
    vertex 1.679757636677207 0.6860690794260391 1
    vertex 1.88368872727905 0.672098786430859 1
  endloop
endfacet
facet normal 0 0 1
  outer loop
    vertex -1.412068688570678 -0.1384490406702225 1
    vertex -1.607524537068381 -0.1455840126776713 1
    vertex -1.484926492251057 -0.3349905506481466 1
  endloop
endfacet
facet normal 0 0 1
  outer loop
    vertex -1.216433306039918 0.8616982208004464 1
    vertex -1.424709408432229 0.8176391769028605 1
    vertex -1.297236639012039 0.6642548281846481 1
  endloop
endfacet
facet normal 0 0 1
  outer loop
    vertex -1.379148399930391 0.4651479509512423 1
    vertex -1.583291863851894 0.4405946629919616 1
    vertex -1.45916140929054 0.2541731683421585 1
  endloop
endfacet
facet normal -0 0 1
  outer loop
    vertex 0.9984995609198859 -1.004578731967531 1
    vertex 1.121539252125871 -1.160358500012715 1
    vertex 1.236842684585327 -0.9764794283264984 1
  endloop
endfacet
facet normal 0 -0 1
  outer loop
    vertex -1.239439473833752 -1.306260124521614 1
    vertex -1.161481355297347 -1.101084733714629 1
    vertex -1.392662771084199 -1.138774696950447 1
  endloop
endfacet
facet normal 0 0 1
  outer loop
    vertex 1.583195330705907 -0.1298040058485282 1
    vertex 1.801705664885694 -0.08360125955483871 1
    vertex 1.657335746119595 0.08251326702706559 1
  endloop
endfacet
facet normal -0 0 1
  outer loop
    vertex 0.1735262675088904 -1.551105619430624 1
    vertex 0.3526238280958234 -1.669048550890516 1
    vertex 0.3953791934773096 -1.488539148415197 1
  endloop
endfacet
facet normal 0 0 1
  outer loop
    vertex -0.4400301044603782 -1.393903334359439 1
    vertex -0.5346890295613176 -1.544056725395901 1
    vertex -0.3317288969871059 -1.593189146091976 1
  endloop
endfacet
facet normal 0 0 1
  outer loop
    vertex -1.165506153567073 1.090257206271395 1
    vertex -1.34804633308123 0.9806219658511494 1
    vertex -1.216433306039918 0.8616982208004464 1
  endloop
endfacet
facet normal 0 0 1
  outer loop
    vertex -1.45916140929054 0.2541731683421585 1
    vertex -1.665622718236559 0.2304700988450405 1
    vertex -1.54639518797016 0.04268541175647769 1
  endloop
endfacet
facet normal -0 0 1
  outer loop
    vertex -1.246818223246458 1.301569656558078 1
    vertex -1.045746348695932 1.262160391314003 1
    vertex -1.087758981862953 1.448817544002741 1
  endloop
endfacet
facet normal 0 -0 1
  outer loop
    vertex 0.5478157318793256 1.528958383823205 1
    vertex 0.6472668298395915 1.70902666399915 1
    vertex 0.4338283360427421 1.7347173057386 1
  endloop
endfacet
facet normal 0 0 1
  outer loop
    vertex -1.665622718236559 0.2304700988450405 1
    vertex -1.780492364054491 0.0175991402022458 1
    vertex -1.54639518797016 0.04268541175647769 1
  endloop
endfacet
facet normal 0 0 1
  outer loop
    vertex -1.780492364054491 0.0175991402022458 1
    vertex -1.848373764722649 0.2155794679479806 1
    vertex -1.99673820785227 0.114177621725551 1
  endloop
endfacet
facet normal 0 -0 1
  outer loop
    vertex -1.309721467890584 -1.511499148708504 1
    vertex -1.239439473833752 -1.306260124521614 1
    vertex -1.473482275752824 -1.352349800548024 1
  endloop
endfacet
facet normal 0 0 1
  outer loop
    vertex 1.167811762552546 -1.354077154638448 1
    vertex 1.005174809674331 -1.480133665444096 1
    vertex 1.221295759270869 -1.583804491844556 1
  endloop
endfacet
facet normal 0 -0 1
  outer loop
    vertex -1.618033988749906 -1.175570504584931 1
    vertex -1.522626112683605 -0.9548673446117426 1
    vertex -1.741492154239564 -0.9834658492911907 1
  endloop
endfacet
facet normal 0 0 1
  outer loop
    vertex 1.221295759270869 -1.583804491844556 1
    vertex 1.005174809674331 -1.480133665444096 1
    vertex 1.032794923277917 -1.712698060503182 1
  endloop
endfacet
facet normal 0 -0 1
  outer loop
    vertex -0.5084366683869891 -1.93429370940391 1
    vertex -0.3619785797946647 -1.786434663948803 1
    vertex -0.5303664609193867 -1.724309890724878 1
  endloop
endfacet
facet normal 0 0 1
  outer loop
    vertex -0.2846296765465846 -1.979642883761863 1
    vertex -0.3619785797946647 -1.786434663948803 1
    vertex -0.5084366683869891 -1.93429370940391 1
  endloop
endfacet
facet normal 0 -0 1
  outer loop
    vertex -1.918985947229 -0.5634651136828427 1
    vertex -1.780979026367378 -0.4299068941956538 1
    vertex -1.970707671695389 -0.3410443852652308 1
  endloop
endfacet
facet normal -0 0 1
  outer loop
    vertex -1.970707671695389 -0.3410443852652308 1
    vertex -1.780979026367378 -0.4299068941956538 1
    vertex -1.797270310930448 -0.2170075174481425 1
  endloop
endfacet
facet normal 0 0 1
  outer loop
    vertex -1.473482275752824 -1.352349800548024 1
    vertex -1.239439473833752 -1.306260124521614 1
    vertex -1.392662771084199 -1.138774696950447 1
  endloop
endfacet
facet normal -0 0 1
  outer loop
    vertex -1.473482275752804 1.352349800548045 1
    vertex -1.246818223246458 1.301569656558078 1
    vertex -1.309721467890564 1.511499148708522 1
  endloop
endfacet
facet normal 0 0 1
  outer loop
    vertex -0.1707985721412827 -1.772916910637307 1
    vertex -0.3619785797946647 -1.786434663948803 1
    vertex -0.2846296765465846 -1.979642883761863 1
  endloop
endfacet
facet normal 0 0 1
  outer loop
    vertex -1.092672603255692 -1.466404383067815 1
    vertex -1.239439473833752 -1.306260124521614 1
    vertex -1.309721467890584 -1.511499148708504 1
  endloop
endfacet
facet normal 0 0 1
  outer loop
    vertex -1.741492154239564 -0.9834658492911907 1
    vertex -1.522626112683605 -0.9548673446117426 1
    vertex -1.648047651963743 -0.7777467104695627 1
  endloop
endfacet
facet normal 0 0 1
  outer loop
    vertex 1.032794923277917 -1.712698060503182 1
    vertex 1.005174809674331 -1.480133665444096 1
    vertex 0.8395236719046473 -1.591074293893983 1
  endloop
endfacet
facet normal -0 0 1
  outer loop
    vertex -1.618033988749889 1.175570504584954 1
    vertex -1.411058070974534 1.153816459028763 1
    vertex -1.473482275752804 1.352349800548045 1
  endloop
endfacet
facet normal 0 -0 1
  outer loop
    vertex -1.522524726392394 0.9796987662522826 1
    vertex -1.411058070974534 1.153816459028763 1
    vertex -1.618033988749889 1.175570504584954 1
  endloop
endfacet
facet normal 0 0 1
  outer loop
    vertex 1.393875137310589 1.434263609517925 1
    vertex 1.197558183748748 1.379778324381477 1
    vertex 1.325380189549099 1.216422935302229 1
  endloop
endfacet
facet normal 0 0 1
  outer loop
    vertex -0.05711210158738782 1.999184385656379 1
    vertex -0.1559809015925313 1.816052658687635 1
    vertex 0.07115159821520634 1.80236499717631 1
  endloop
endfacet
facet normal 0 0 1
  outer loop
    vertex -1.309721467890564 1.511499148708522 1
    vertex -1.246818223246458 1.301569656558078 1
    vertex -1.087758981862953 1.448817544002741 1
  endloop
endfacet
facet normal 0 0 1
  outer loop
    vertex -1.392662771084199 -1.138774696950447 1
    vertex -1.522626112683605 -0.9548673446117426 1
    vertex -1.618033988749906 -1.175570504584931 1
  endloop
endfacet
facet normal 0 0 1
  outer loop
    vertex -0.3821555363540054 1.774126621543242 1
    vertex -0.1559809015925313 1.816052658687635 1
    vertex -0.2846296765465656 1.979642883761866 1
  endloop
endfacet
facet normal 0 0 1
  outer loop
    vertex 1.221295759270879 1.583804491844548 1
    vertex 1.197558183748748 1.379778324381477 1
    vertex 1.393875137310589 1.434263609517925 1
  endloop
endfacet
facet normal -0 0 1
  outer loop
    vertex -0.2846296765465656 1.979642883761866 1
    vertex -0.1559809015925313 1.816052658687635 1
    vertex -0.05711210158738782 1.999184385656379 1
  endloop
endfacet
facet normal -0 0 1
  outer loop
    vertex 1.023882307287165 1.461628910677071 1
    vertex 1.197558183748748 1.379778324381477 1
    vertex 1.221295759270879 1.583804491844548 1
  endloop
endfacet
facet normal 0 0 1
  outer loop
    vertex -0.8789654420989746 -1.43845769691136 1
    vertex -1.017703541106407 -1.271578150079276 1
    vertex -1.092672603255692 -1.466404383067815 1
  endloop
endfacet
facet normal 0 0 1
  outer loop
    vertex -0.7977942153973954 -1.247957620035535 1
    vertex -1.017703541106407 -1.271578150079276 1
    vertex -0.8789654420989746 -1.43845769691136 1
  endloop
endfacet
facet normal -0 0 1
  outer loop
    vertex -1.780492364054491 0.0175991402022458 1
    vertex -1.607524537068381 -0.1455840126776713 1
    vertex -1.54639518797016 0.04268541175647769 1
  endloop
endfacet
facet normal 0 0 1
  outer loop
    vertex -1.797270310930448 -0.2170075174481425 1
    vertex -1.607524537068381 -0.1455840126776713 1
    vertex -1.780492364054491 0.0175991402022458 1
  endloop
endfacet
facet normal -0 0 1
  outer loop
    vertex -0.8789654420989746 -1.43845769691136 1
    vertex -0.7531116925116732 -1.630766766830049 1
    vertex -0.6655785427058827 -1.41848124763369 1
  endloop
endfacet
facet normal 0 0 1
  outer loop
    vertex -1.780979026367378 -0.4299068941956538 1
    vertex -1.75528790708542 -0.6188594308317829 1
    vertex -1.586042951744798 -0.5297373957272742 1
  endloop
endfacet
facet normal 0 0 1
  outer loop
    vertex -0.3821555363540054 1.774126621543242 1
    vertex -0.571233912891156 1.755400053088464 1
    vertex -0.5019345214748856 1.579295031143168 1
  endloop
endfacet
facet normal 0 0 1
  outer loop
    vertex -1.741492154239549 0.9834658492912166 1
    vertex -1.63054055923838 0.7998812220054476 1
    vertex -1.522524726392394 0.9796987662522826 1
  endloop
endfacet
facet normal 0 0 1
  outer loop
    vertex 0.8058260665222143 1.560080607134605 1
    vertex 0.6472668298395915 1.70902666399915 1
    vertex 0.5478157318793256 1.528958383823205 1
  endloop
endfacet
facet normal 0 -0 1
  outer loop
    vertex -1.786594749885863 0.4003254460115202 1
    vertex -1.715501109628339 0.609242903154132 1
    vertex -1.918985947228991 0.5634651136828712 1
  endloop
endfacet
facet normal 0 -0 1
  outer loop
    vertex 1.76800206451301 0.3047704088400291 1
    vertex 1.781926919376505 0.5227273472356451 1
    vertex 1.600739421523206 0.4820524432522729 1
  endloop
endfacet
facet normal 0 -0 1
  outer loop
    vertex -1.087758981862953 1.448817544002741 1
    vertex -0.9463367023172614 1.569323200677283 1
    vertex -1.128886437733532 1.650943793925552 1
  endloop
endfacet
facet normal 0 0 1
  outer loop
    vertex -0.9333346464513419 1.768865861995631 1
    vertex -0.9463367023172614 1.569323200677283 1
    vertex -0.7380274275386437 1.625556844929086 1
  endloop
endfacet
facet normal 0 0 1
  outer loop
    vertex 0.6180339887498983 1.902113032590306 1
    vertex 0.6472668298395915 1.70902666399915 1
    vertex 0.8308300260037765 1.819263990709035 1
  endloop
endfacet
facet normal 0 0 1
  outer loop
    vertex 1.005174809674331 -1.480133665444096 1
    vertex 0.8248768951469679 -1.401759542260512 1
    vertex 0.8395236719046473 -1.591074293893983 1
  endloop
endfacet
facet normal 0 0 1
  outer loop
    vertex 1.236842684585327 -0.9764794283264984 1
    vertex 1.121539252125871 -1.160358500012715 1
    vertex 1.307625247393897 -1.202415305935363 1
  endloop
endfacet
facet normal 0 0 1
  outer loop
    vertex -1.842247306229696 0.7785402126347939 1
    vertex -1.63054055923838 0.7998812220054476 1
    vertex -1.741492154239549 0.9834658492912166 1
  endloop
endfacet
facet normal 0 0 1
  outer loop
    vertex 2 0 1
    vertex 1.846968828018532 0.1056134987326083 1
    vertex 1.801705664885694 -0.08360125955483871 1
  endloop
endfacet
facet normal 0 0 1
  outer loop
    vertex -0.1408114912124206 1.420733472487025 1
    vertex -0.2693519293487824 1.59535753103945 1
    vertex -0.3622480273975206 1.392021611083362 1
  endloop
endfacet
facet normal 0 0 1
  outer loop
    vertex -0.5084366683869688 1.934293709403916 1
    vertex -0.571233912891156 1.755400053088464 1
    vertex -0.3821555363540054 1.774126621543242 1
  endloop
endfacet
facet normal 0 0 1
  outer loop
    vertex -0.7380274275386437 1.625556844929086 1
    vertex -0.571233912891156 1.755400053088464 1
    vertex -0.7256154107012767 1.863728058422907 1
  endloop
endfacet
facet normal 0 0 1
  outer loop
    vertex 1.76800206451301 0.3047704088400291 1
    vertex 1.846968828018532 0.1056134987326083 1
    vertex 1.9869634706971 0.2279828197810808 1
  endloop
endfacet
facet normal 0 0 1
  outer loop
    vertex -1.356023412095709 -0.5277770962796461 1
    vertex -1.429089326963196 -0.7296313584446568 1
    vertex -1.219931981663775 -0.7120403007228804 1
  endloop
endfacet
facet normal 0 0 1
  outer loop
    vertex -1.918985947228991 0.5634651136828712 1
    vertex -1.715501109628339 0.609242903154132 1
    vertex -1.842247306229696 0.7785402126347939 1
  endloop
endfacet
facet normal 0 0 1
  outer loop
    vertex 0.8308300260037623 -1.819263990709042 1
    vertex 0.6974289841896354 -1.699921178977223 1
    vertex 0.6180339887498844 -1.902113032590311 1
  endloop
endfacet
facet normal -0 0 1
  outer loop
    vertex -1.128886437733532 1.650943793925552 1
    vertex -0.9463367023172614 1.569323200677283 1
    vertex -0.9333346464513419 1.768865861995631 1
  endloop
endfacet
facet normal 0 0 1
  outer loop
    vertex 1.948023833884667 0.4529935348515279 1
    vertex 1.781926919376505 0.5227273472356451 1
    vertex 1.76800206451301 0.3047704088400291 1
  endloop
endfacet
facet normal 0 0 1
  outer loop
    vertex 1.600739421523206 0.4820524432522729 1
    vertex 1.781926919376505 0.5227273472356451 1
    vertex 1.679757636677207 0.6860690794260391 1
  endloop
endfacet
facet normal 0 0 1
  outer loop
    vertex -1.586042951744798 -0.5297373957272742 1
    vertex -1.75528790708542 -0.6188594308317829 1
    vertex -1.648047651963743 -0.7777467104695627 1
  endloop
endfacet
facet normal 0 0 1
  outer loop
    vertex -1.648047651963743 -0.7777467104695627 1
    vertex -1.75528790708542 -0.6188594308317829 1
    vertex -1.842247306229707 -0.7785402126347665 1
  endloop
endfacet
facet normal -0 0 1
  outer loop
    vertex -1.970707671695384 0.3410443852652611 1
    vertex -1.848373764722649 0.2155794679479806 1
    vertex -1.786594749885863 0.4003254460115202 1
  endloop
endfacet
facet normal 0 0 1
  outer loop
    vertex -0.5303664609193867 -1.724309890724878 1
    vertex -0.5346890295613176 -1.544056725395901 1
    vertex -0.7531116925116732 -1.630766766830049 1
  endloop
endfacet
facet normal 0 0 1
  outer loop
    vertex -0.7531116925116732 -1.630766766830049 1
    vertex -0.5346890295613176 -1.544056725395901 1
    vertex -0.6655785427058827 -1.41848124763369 1
  endloop
endfacet
facet normal 0 0 1
  outer loop
    vertex 0.07115159821520634 1.80236499717631 1
    vertex 0.2659424080568324 1.851482737860252 1
    vertex 0.1711500169576837 1.992663461725382 1
  endloop
endfacet
facet normal 0 0 1
  outer loop
    vertex 0.397180933291495 1.960165122184786 1
    vertex 0.2659424080568324 1.851482737860252 1
    vertex 0.4338283360427421 1.7347173057386 1
  endloop
endfacet
facet normal 0 0 1
  outer loop
    vertex -1.128886437733555 -1.650943793925537 1
    vertex -0.960437123138418 -1.595154521521422 1
    vertex -1.092672603255692 -1.466404383067815 1
  endloop
endfacet
facet normal 0 0 1
  outer loop
    vertex -1.216433306039918 0.8616982208004464 1
    vertex -1.34804633308123 0.9806219658511494 1
    vertex -1.424709408432229 0.8176391769028605 1
  endloop
endfacet
facet normal -0 0 1
  outer loop
    vertex 0.6919990742454868 -1.244904335048016 1
    vertex 0.8248768951469679 -1.401759542260512 1
    vertex 0.9418663645397368 -1.244639651295212 1
  endloop
endfacet
facet normal -0 0 1
  outer loop
    vertex 0.4338283360427421 1.7347173057386 1
    vertex 0.6472668298395915 1.70902666399915 1
    vertex 0.6180339887498983 1.902113032590306 1
  endloop
endfacet
facet normal 0 0 1
  outer loop
    vertex -0.1559809015925313 1.816052658687635 1
    vertex -0.06777140732755901 1.627071299706596 1
    vertex 0.07115159821520634 1.80236499717631 1
  endloop
endfacet
facet normal 0 0 1
  outer loop
    vertex -1.473482275752804 1.352349800548045 1
    vertex -1.411058070974534 1.153816459028763 1
    vertex -1.246818223246458 1.301569656558078 1
  endloop
endfacet
facet normal 0 -0 1
  outer loop
    vertex 0.8229671282280332 1.162111671643273 1
    vertex 0.8771157324015241 1.34863782585135 1
    vertex 0.6778850657234838 1.340089908349449 1
  endloop
endfacet
facet normal 0 0 1
  outer loop
    vertex -0.7531116925116732 -1.630766766830049 1
    vertex -0.960437123138418 -1.595154521521422 1
    vertex -0.9333346464513635 -1.76886586199562 1
  endloop
endfacet
facet normal 0 0 1
  outer loop
    vertex -0.935868156755279 -1.069304342224704 1
    vertex -1.017703541106407 -1.271578150079276 1
    vertex -0.7977942153973954 -1.247957620035535 1
  endloop
endfacet
facet normal -0 0 1
  outer loop
    vertex -1.092672603255692 -1.466404383067815 1
    vertex -0.960437123138418 -1.595154521521422 1
    vertex -0.8789654420989746 -1.43845769691136 1
  endloop
endfacet
facet normal 0 0 1
  outer loop
    vertex -0.06777140732755901 1.627071299706596 1
    vertex -0.2693519293487824 1.59535753103945 1
    vertex -0.1408114912124206 1.420733472487025 1
  endloop
endfacet
facet normal 0 -0 1
  outer loop
    vertex 0.2439927848814568 1.697007094060967 1
    vertex 0.2659424080568324 1.851482737860252 1
    vertex 0.07115159821520634 1.80236499717631 1
  endloop
endfacet
facet normal 0 0 1
  outer loop
    vertex 0.4338283360427421 1.7347173057386 1
    vertex 0.2659424080568324 1.851482737860252 1
    vertex 0.2439927848814568 1.697007094060967 1
  endloop
endfacet
facet normal 0 0 1
  outer loop
    vertex -1.786594749885863 0.4003254460115202 1
    vertex -1.583291863851894 0.4405946629919616 1
    vertex -1.715501109628339 0.609242903154132 1
  endloop
endfacet
facet normal 0 0 1
  outer loop
    vertex -1.54639518797016 0.04268541175647769 1
    vertex -1.607524537068381 -0.1455840126776713 1
    vertex -1.412068688570678 -0.1384490406702225 1
  endloop
endfacet
facet normal -0 0 1
  outer loop
    vertex -0.7256154107012767 1.863728058422907 1
    vertex -0.571233912891156 1.755400053088464 1
    vertex -0.5084366683869688 1.934293709403916 1
  endloop
endfacet
facet normal 0 0 1
  outer loop
    vertex -1.297236639012039 0.6642548281846481 1
    vertex -1.424709408432229 0.8176391769028605 1
    vertex -1.519247326717469 0.6387778549263168 1
  endloop
endfacet
facet normal 0 0 1
  outer loop
    vertex -1.665622718236559 0.2304700988450405 1
    vertex -1.848373764722649 0.2155794679479806 1
    vertex -1.780492364054491 0.0175991402022458 1
  endloop
endfacet
facet normal 0 0 1
  outer loop
    vertex -1.519247326717469 0.6387778549263168 1
    vertex -1.583291863851894 0.4405946629919616 1
    vertex -1.379148399930391 0.4651479509512423 1
  endloop
endfacet
facet normal 0 0 1
  outer loop
    vertex 0.9418663645397368 -1.244639651295212 1
    vertex 1.121539252125871 -1.160358500012715 1
    vertex 0.9984995609198859 -1.004578731967531 1
  endloop
endfacet
facet normal -0 0 1
  outer loop
    vertex -1.842247306229696 0.7785402126347939 1
    vertex -1.715501109628339 0.609242903154132 1
    vertex -1.63054055923838 0.7998812220054476 1
  endloop
endfacet
facet normal 0 0 1
  outer loop
    vertex -1.63054055923838 0.7998812220054476 1
    vertex -1.715501109628339 0.609242903154132 1
    vertex -1.519247326717469 0.6387778549263168 1
  endloop
endfacet
facet normal 0 0 1
  outer loop
    vertex 1.9869634706971 0.2279828197810808 1
    vertex 1.846968828018532 0.1056134987326083 1
    vertex 2 0 1
  endloop
endfacet
facet normal 0 0 1
  outer loop
    vertex -1.786594749885863 0.4003254460115202 1
    vertex -1.848373764722649 0.2155794679479806 1
    vertex -1.665622718236559 0.2304700988450405 1
  endloop
endfacet
facet normal 0 -0 1
  outer loop
    vertex 1.801705664885694 -0.08360125955483871 1
    vertex 1.846968828018532 0.1056134987326083 1
    vertex 1.657335746119595 0.08251326702706559 1
  endloop
endfacet
facet normal -0 0 1
  outer loop
    vertex -1.715501109628339 0.609242903154132 1
    vertex -1.583291863851894 0.4405946629919616 1
    vertex -1.519247326717469 0.6387778549263168 1
  endloop
endfacet
facet normal 0 0 1
  outer loop
    vertex -0.9006862595354443 1.12540091146891 1
    vertex -1.045746348695932 1.262160391314003 1
    vertex -1.165506153567073 1.090257206271395 1
  endloop
endfacet
facet normal 0 0 1
  outer loop
    vertex -1.63054055923838 0.7998812220054476 1
    vertex -1.424709408432229 0.8176391769028605 1
    vertex -1.522524726392394 0.9796987662522826 1
  endloop
endfacet
facet normal 0 0 1
  outer loop
    vertex -1.607524537068381 -0.1455840126776713 1
    vertex -1.655265278303091 -0.3126526790646272 1
    vertex -1.484926492251057 -0.3349905506481466 1
  endloop
endfacet
facet normal 0 0 1
  outer loop
    vertex -0.8789654420989746 -1.43845769691136 1
    vertex -0.960437123138418 -1.595154521521422 1
    vertex -0.7531116925116732 -1.630766766830049 1
  endloop
endfacet
facet normal 0 0 1
  outer loop
    vertex 1.679757636677207 0.6860690794260391 1
    vertex 1.781926919376505 0.5227273472356451 1
    vertex 1.88368872727905 0.672098786430859 1
  endloop
endfacet
facet normal 0 0 1
  outer loop
    vertex 0.8395236719046473 -1.591074293893983 1
    vertex 0.6974289841896354 -1.699921178977223 1
    vertex 0.8308300260037623 -1.819263990709042 1
  endloop
endfacet
facet normal 0 0 1
  outer loop
    vertex 1.88368872727905 0.672098786430859 1
    vertex 1.781926919376505 0.5227273472356451 1
    vertex 1.948023833884667 0.4529935348515279 1
  endloop
endfacet
facet normal -0 0 1
  outer loop
    vertex -1.918985947229 -0.5634651136828427 1
    vertex -1.75528790708542 -0.6188594308317829 1
    vertex -1.780979026367378 -0.4299068941956538 1
  endloop
endfacet
facet normal 0 0 1
  outer loop
    vertex 1.307625247393897 -1.202415305935363 1
    vertex 1.121539252125871 -1.160358500012715 1
    vertex 1.167811762552546 -1.354077154638448 1
  endloop
endfacet
facet normal 0 0 1
  outer loop
    vertex 1.317557864119761 -0.7408938608645501 1
    vertex 1.511382019341362 -0.6739442113983912 1
    vertex 1.399417007534182 -0.5409002997507241 1
  endloop
endfacet
facet normal 0 -0 1
  outer loop
    vertex -1.519247326717469 0.6387778549263168 1
    vertex -1.424709408432229 0.8176391769028605 1
    vertex -1.63054055923838 0.7998812220054476 1
  endloop
endfacet
facet normal 0 -0 1
  outer loop
    vertex -1.842247306229707 -0.7785402126347665 1
    vertex -1.75528790708542 -0.6188594308317829 1
    vertex -1.918985947229 -0.5634651136828427 1
  endloop
endfacet
facet normal 0 0 1
  outer loop
    vertex -1.99673820785227 0.114177621725551 1
    vertex -1.848373764722649 0.2155794679479806 1
    vertex -1.970707671695384 0.3410443852652611 1
  endloop
endfacet
facet normal 0 -0 1
  outer loop
    vertex 0.07407874665000432 1.450645851755428 1
    vertex 0.09641740980423665 1.625008972305855 1
    vertex -0.06777140732755901 1.627071299706596 1
  endloop
endfacet
facet normal -0 0 1
  outer loop
    vertex -0.6655785427058827 -1.41848124763369 1
    vertex -0.5346890295613176 -1.544056725395901 1
    vertex -0.4400301044603782 -1.393903334359439 1
  endloop
endfacet
facet normal 0 0 1
  outer loop
    vertex -0.9333346464513635 -1.76886586199562 1
    vertex -0.960437123138418 -1.595154521521422 1
    vertex -1.128886437733555 -1.650943793925537 1
  endloop
endfacet
facet normal 0 0 1
  outer loop
    vertex 0.1711500169576837 1.992663461725382 1
    vertex 0.2659424080568324 1.851482737860252 1
    vertex 0.397180933291495 1.960165122184786 1
  endloop
endfacet
facet normal 0 0 1
  outer loop
    vertex 0.3953791934773096 -1.488539148415197 1
    vertex 0.3526238280958234 -1.669048550890516 1
    vertex 0.5164808667953281 -1.6980496175369 1
  endloop
endfacet
facet normal 0 -0 1
  outer loop
    vertex -1.424709408432229 0.8176391769028605 1
    vertex -1.34804633308123 0.9806219658511494 1
    vertex -1.522524726392394 0.9796987662522826 1
  endloop
endfacet
facet normal 0 0 1
  outer loop
    vertex 0.07115159821520634 1.80236499717631 1
    vertex 0.09641740980423665 1.625008972305855 1
    vertex 0.2439927848814568 1.697007094060967 1
  endloop
endfacet
facet normal 0 -0 1
  outer loop
    vertex 1.510743440715178 -0.853156057790487 1
    vertex 1.511382019341362 -0.6739442113983912 1
    vertex 1.317557864119761 -0.7408938608645501 1
  endloop
endfacet
facet normal -0 0 1
  outer loop
    vertex -0.06777140732755901 1.627071299706596 1
    vertex 0.09641740980423665 1.625008972305855 1
    vertex 0.07115159821520634 1.80236499717631 1
  endloop
endfacet
facet normal 0 0 1
  outer loop
    vertex -1.522524726392394 0.9796987662522826 1
    vertex -1.34804633308123 0.9806219658511494 1
    vertex -1.411058070974534 1.153816459028763 1
  endloop
endfacet
facet normal 0 0 1
  outer loop
    vertex 1.667117579608573 -0.7167263672715717 1
    vertex 1.511382019341362 -0.6739442113983912 1
    vertex 1.510743440715178 -0.853156057790487 1
  endloop
endfacet
facet normal 0 -0 1
  outer loop
    vertex -1.780979026367378 -0.4299068941956538 1
    vertex -1.655265278303091 -0.3126526790646272 1
    vertex -1.797270310930448 -0.2170075174481425 1
  endloop
endfacet
facet normal -0 0 1
  outer loop
    vertex -1.797270310930448 -0.2170075174481425 1
    vertex -1.655265278303091 -0.3126526790646272 1
    vertex -1.607524537068381 -0.1455840126776713 1
  endloop
endfacet
endsolid Created by Gmsh
