# vtk DataFile Version 2.0
, Created by Gmsh 4.12.1 
ASCII
DATASET UNSTRUCTURED_GRID
POINTS 3247 double
-20.6 -5.6 3.6
-20.6 -5.6 2.4
-20.6 -4.4 3.6
-20.6 -4.4 2.4
-19.4 -5.6 3.6
-19.4 -5.6 2.4
-19.4 -4.4 3.6
-19.4 -4.4 2.4
-0.6 -5.6 3.6
-0.6 -5.6 2.4
-0.6 -4.4 3.6
-0.6 -4.4 2.4
0.6 -5.6 3.6
0.6 -5.6 2.4
0.6 -4.4 3.6
0.6 -4.4 2.4
19.4 -5.6 3.6
19.4 -5.6 2.4
19.4 -4.4 3.6
19.4 -4.4 2.4
20.6 -5.6 3.6
20.6 -5.6 2.4
20.6 -4.4 3.6
20.6 -4.4 2.4
-20.6 4.4 3.6
-20.6 4.4 2.4
-20.6 5.6 3.6
-20.6 5.6 2.4
-19.4 4.4 3.6
-19.4 4.4 2.4
-19.4 5.6 3.6
-19.4 5.6 2.4
-0.6 4.4 3.6
-0.6 4.4 2.4
-0.6 5.6 3.6
-0.6 5.6 2.4
0.6 4.4 3.6
0.6 4.4 2.4
0.6 5.6 3.6
0.6 5.6 2.4
19.4 4.4 3.6
19.4 4.4 2.4
19.4 5.6 3.6
19.4 5.6 2.4
20.6 4.4 3.6
20.6 4.4 2.4
20.6 5.6 3.6
20.6 5.6 2.4
-21.6 -6.1 1.35
-21.6 -6.1 0.15
-21.6 -3.9 1.35
-21.6 -3.9 0.15
-18.4 -6.1 1.35
-18.4 -6.1 0.15
-18.4 -3.9 1.35
-18.4 -3.9 0.15
-1.6 -6.1 1.35
-1.6 -6.1 0.15
-1.6 -3.9 1.35
-1.6 -3.9 0.15
1.6 -6.1 1.35
1.6 -6.1 0.15
1.6 -3.9 1.35
1.6 -3.9 0.15
18.4 -6.1 1.35
18.4 -6.1 0.15
18.4 -3.9 1.35
18.4 -3.9 0.15
21.6 -6.1 1.35
21.6 -6.1 0.15
21.6 -3.9 1.35
21.6 -3.9 0.15
-21.6 3.9 1.35
-21.6 3.9 0.15
-21.6 6.1 1.35
-21.6 6.1 0.15
-18.4 3.9 1.35
-18.4 3.9 0.15
-18.4 6.1 1.35
-18.4 6.1 0.15
-1.6 3.9 1.35
-1.6 3.9 0.15
-1.6 6.1 1.35
-1.6 6.1 0.15
1.6 3.9 1.35
1.6 3.9 0.15
1.6 6.1 1.35
1.6 6.1 0.15
18.4 3.9 1.35
18.4 3.9 0.15
18.4 6.1 1.35
18.4 6.1 0.15
21.6 3.9 1.35
21.6 3.9 0.15
21.6 6.1 1.35
21.6 6.1 0.15
25 10 0
25 10 4
-25 10 0
-25 10 4
25 -10 0
25 -10 4
-25 -10 0
-25 -10 4
-21.6 -4.999999999999999 1.35
-21.6 -4.999999999999999 0.15
-18.4 -4.999999999999999 1.35
-18.4 -4.999999999999999 0.15
-20.53333333333333 -6.1 0.15
-19.46666666666667 -6.1 0.15
-20.53333333333333 -6.1 1.35
-19.46666666666667 -6.1 1.35
-20.53333333333333 -3.9 0.15
-19.46666666666667 -3.9 0.15
-20.53333333333333 -3.9 1.35
-19.46666666666667 -3.9 1.35
-1.6 -4.999999999999999 1.35
-1.6 -4.999999999999999 0.15
1.6 -4.999999999999999 1.35
1.6 -4.999999999999999 0.15
-0.5333333333333319 -6.1 0.15
0.5333333333333368 -6.1 0.15
-0.5333333333333319 -6.1 1.35
0.5333333333333368 -6.1 1.35
-0.5333333333333319 -3.9 0.15
0.5333333333333368 -3.9 0.15
-0.5333333333333319 -3.9 1.35
0.5333333333333368 -3.9 1.35
18.4 -4.999999999999999 1.35
18.4 -4.999999999999999 0.15
21.6 -4.999999999999999 1.35
21.6 -4.999999999999999 0.15
19.46666666666667 -6.1 0.15
20.53333333333333 -6.1 0.15
19.46666666666667 -6.1 1.35
20.53333333333333 -6.1 1.35
19.46666666666667 -3.9 0.15
20.53333333333333 -3.9 0.15
19.46666666666667 -3.9 1.35
20.53333333333333 -3.9 1.35
-21.6 5.000000000000001 1.35
-21.6 5.000000000000001 0.15
-18.4 5.000000000000001 1.35
-18.4 5.000000000000001 0.15
-20.53333333333333 3.9 0.15
-19.46666666666667 3.9 0.15
-20.53333333333333 3.9 1.35
-19.46666666666667 3.9 1.35
-20.53333333333333 6.1 0.15
-19.46666666666667 6.1 0.15
-20.53333333333333 6.1 1.35
-19.46666666666667 6.1 1.35
-1.6 5.000000000000001 1.35
-1.6 5.000000000000001 0.15
1.6 5.000000000000001 1.35
1.6 5.000000000000001 0.15
-0.5333333333333319 3.9 0.15
0.5333333333333368 3.9 0.15
-0.5333333333333319 3.9 1.35
0.5333333333333368 3.9 1.35
-0.5333333333333319 6.1 0.15
0.5333333333333368 6.1 0.15
-0.5333333333333319 6.1 1.35
0.5333333333333368 6.1 1.35
18.4 5.000000000000001 1.35
18.4 5.000000000000001 0.15
21.6 5.000000000000001 1.35
21.6 5.000000000000001 0.15
19.46666666666667 3.9 0.15
20.53333333333333 3.9 0.15
19.46666666666667 3.9 1.35
20.53333333333333 3.9 1.35
19.46666666666667 6.1 0.15
20.53333333333333 6.1 0.15
19.46666666666667 6.1 1.35
20.53333333333333 6.1 1.35
25 10 0.9999999999999976
25 10 1.999999999999994
25 10 2.999999999999995
-25 10 0.9999999999999976
-25 10 1.999999999999994
-25 10 2.999999999999995
23.78048780487805 10 0
22.5609756097561 10 0
21.34146341463414 10 0
20.12195121951219 10 0
18.90243902439024 10 0
17.68292682926829 10 0
16.46341463414634 10 0
15.24390243902439 10 0
14.02439024390244 10 0
12.80487804878048 10 0
11.58536585365853 10 0
10.36585365853657 10 0
9.146341463414618 10 0
7.926829268292664 10 0
6.707317073170707 10 0
5.487804878048752 10 0
4.268292682926798 10 0
3.048780487804844 10 0
1.829268292682887 10 0
0.6097560975609362 10 0
-0.6097560975610214 10 0
-1.829268292682976 10 0
-3.048780487804933 10 0
-4.268292682926884 10 0
-5.487804878048841 10 0
-6.707317073170795 10 0
-7.926829268292749 10 0
-9.146341463414707 10 0
-10.36585365853666 10 0
-11.58536585365862 10 0
-12.80487804878057 10 0
-14.02439024390252 10 0
-15.24390243902447 10 0
-16.46341463414641 10 0
-17.68292682926835 10 0
-18.90243902439029 10 0
-20.12195121951223 10 0
-21.34146341463418 10 0
-22.56097560975611 10 0
-23.78048780487806 10 0
23.78048780487805 10 4
22.5609756097561 10 4
21.34146341463414 10 4
20.12195121951219 10 4
18.90243902439024 10 4
17.68292682926829 10 4
16.46341463414634 10 4
15.24390243902439 10 4
14.02439024390244 10 4
12.80487804878048 10 4
11.58536585365853 10 4
10.36585365853657 10 4
9.146341463414618 10 4
7.926829268292664 10 4
6.707317073170707 10 4
5.487804878048752 10 4
4.268292682926798 10 4
3.048780487804844 10 4
1.829268292682887 10 4
0.6097560975609362 10 4
-0.6097560975610214 10 4
-1.829268292682976 10 4
-3.048780487804933 10 4
-4.268292682926884 10 4
-5.487804878048841 10 4
-6.707317073170795 10 4
-7.926829268292749 10 4
-9.146341463414707 10 4
-10.36585365853666 10 4
-11.58536585365862 10 4
-12.80487804878057 10 4
-14.02439024390252 10 4
-15.24390243902447 10 4
-16.46341463414641 10 4
-17.68292682926835 10 4
-18.90243902439029 10 4
-20.12195121951223 10 4
-21.34146341463418 10 4
-22.56097560975611 10 4
-23.78048780487806 10 4
25 -10 0.9999999999999976
25 -10 1.999999999999994
25 -10 2.999999999999995
25 -8.823529411764707 0
25 -7.647058823529411 0
25 -6.470588235294118 0
25 -5.294117647058823 0
25 -4.11764705882353 0
25 -2.941176470588236 0
25 -1.76470588235294 0
25 -0.5882352941176467 0
25 0.5882352941176467 0
25 1.76470588235294 0
25 2.941176470588236 0
25 4.117647058823529 0
25 5.294117647058824 0
25 6.47058823529412 0
25 7.647058823529413 0
25 8.823529411764707 0
25 -8.823529411764707 4
25 -7.647058823529411 4
25 -6.470588235294118 4
25 -5.294117647058823 4
25 -4.11764705882353 4
25 -2.941176470588236 4
25 -1.76470588235294 4
25 -0.5882352941176467 4
25 0.5882352941176467 4
25 1.76470588235294 4
25 2.941176470588236 4
25 4.117647058823529 4
25 5.294117647058824 4
25 6.47058823529412 4
25 7.647058823529413 4
25 8.823529411764707 4
-25 -10 0.9999999999999976
-25 -10 1.999999999999994
-25 -10 2.999999999999995
-25 8.823529411764707 0
-25 7.647058823529411 0
-25 6.470588235294118 0
-25 5.294117647058823 0
-25 4.11764705882353 0
-25 2.941176470588236 0
-25 1.76470588235294 0
-25 0.5882352941176467 0
-25 -0.5882352941176467 0
-25 -1.76470588235294 0
-25 -2.941176470588236 0
-25 -4.117647058823529 0
-25 -5.294117647058824 0
-25 -6.47058823529412 0
-25 -7.647058823529413 0
-25 -8.823529411764707 0
-25 8.823529411764707 4
-25 7.647058823529411 4
-25 6.470588235294118 4
-25 5.294117647058823 4
-25 4.11764705882353 4
-25 2.941176470588236 4
-25 1.76470588235294 4
-25 0.5882352941176467 4
-25 -0.5882352941176467 4
-25 -1.76470588235294 4
-25 -2.941176470588236 4
-25 -4.117647058823529 4
-25 -5.294117647058824 4
-25 -6.47058823529412 4
-25 -7.647058823529413 4
-25 -8.823529411764707 4
-23.78048780487805 -10 0
-22.5609756097561 -10 0
-21.34146341463414 -10 0
-20.12195121951219 -10 0
-18.90243902439024 -10 0
-17.68292682926829 -10 0
-16.46341463414634 -10 0
-15.24390243902439 -10 0
-14.02439024390244 -10 0
-12.80487804878048 -10 0
-11.58536585365853 -10 0
-10.36585365853657 -10 0
-9.146341463414618 -10 0
-7.926829268292664 -10 0
-6.707317073170707 -10 0
-5.487804878048752 -10 0
-4.268292682926798 -10 0
-3.048780487804844 -10 0
-1.829268292682887 -10 0
-0.6097560975609362 -10 0
0.6097560975610214 -10 0
1.829268292682976 -10 0
3.048780487804933 -10 0
4.268292682926884 -10 0
5.487804878048841 -10 0
6.707317073170795 -10 0
7.926829268292749 -10 0
9.146341463414707 -10 0
10.36585365853666 -10 0
11.58536585365862 -10 0
12.80487804878057 -10 0
14.02439024390252 -10 0
15.24390243902447 -10 0
16.46341463414641 -10 0
17.68292682926835 -10 0
18.90243902439029 -10 0
20.12195121951223 -10 0
21.34146341463418 -10 0
22.56097560975611 -10 0
23.78048780487806 -10 0
-23.78048780487805 -10 4
-22.5609756097561 -10 4
-21.34146341463414 -10 4
-20.12195121951219 -10 4
-18.90243902439024 -10 4
-17.68292682926829 -10 4
-16.46341463414634 -10 4
-15.24390243902439 -10 4
-14.02439024390244 -10 4
-12.80487804878048 -10 4
-11.58536585365853 -10 4
-10.36585365853657 -10 4
-9.146341463414618 -10 4
-7.926829268292664 -10 4
-6.707317073170707 -10 4
-5.487804878048752 -10 4
-4.268292682926798 -10 4
-3.048780487804844 -10 4
-1.829268292682887 -10 4
-0.6097560975609362 -10 4
0.6097560975610214 -10 4
1.829268292682976 -10 4
3.048780487804933 -10 4
4.268292682926884 -10 4
5.487804878048841 -10 4
6.707317073170795 -10 4
7.926829268292749 -10 4
9.146341463414707 -10 4
10.36585365853666 -10 4
11.58536585365862 -10 4
12.80487804878057 -10 4
14.02439024390252 -10 4
15.24390243902447 -10 4
16.46341463414641 -10 4
17.68292682926835 -10 4
18.90243902439029 -10 4
20.12195121951223 -10 4
21.34146341463418 -10 4
22.56097560975611 -10 4
23.78048780487806 -10 4
-20.6 -5 3
-19.4 -5 3
-20 -5.6 3
-20 -4.4 3
-20 -5 2.4
-20 -5 3.6
-0.6 -5 3
0.6 -5 3
0 -5.6 3
0 -4.4 3
0 -5 2.4
0 -5 3.6
19.4 -5 3
20.6 -5 3
20 -5.6 3
20 -4.4 3
20 -5 2.4
20 -5 3.6
-20.6 5 3
-19.4 5 3
-20 4.4 3
-20 5.6 3
-20 5 2.4
-20 5 3.6
-0.6 5 3
0.6 5 3
0 4.4 3
0 5.6 3
0 5 2.4
0 5 3.6
19.4 5 3
20.6 5 3
20 4.4 3
20 5.6 3
20 5 2.4
20 5 3.6
-21.6 -4.507267805081216 0.7500000000000001
-21.6 -5.495713650826802 0.75
-18.4 -4.507267805081216 0.7500000000000001
-18.4 -5.495713650826802 0.75
-20 -6.1 0.7500000000000001
-19.01107871720117 -6.1 0.7500000000000002
-20.98892128279883 -6.1 0.7500000000000001
-20 -3.9 0.7500000000000001
-19.01107871720117 -3.9 0.7500000000000002
-20.98892128279883 -3.9 0.7500000000000001
-20 -5.05666093212332 0.15
-19.189971054354 -4.725014079969366 0.15
-20.810028945646 -4.725014079969367 0.15
-20.90867245579587 -5.396335002418537 0.15
-19.09132754420413 -5.396335002418537 0.15
-20 -4.94333906787668 1.35
-20.810028945646 -5.274985920030632 1.35
-19.189971054354 -5.274985920030633 1.35
-19.09132754420413 -4.603664997581462 1.35
-20.90867245579587 -4.603664997581462 1.35
-1.6 -4.507267805081216 0.7500000000000001
-1.6 -5.495713650826802 0.75
1.6 -4.507267805081216 0.7500000000000001
1.6 -5.495713650826802 0.75
2.220446049250313e-15 -6.1 0.7500000000000001
0.9889212827988358 -6.1 0.7500000000000001
-0.9889212827988331 -6.1 0.7500000000000001
2.220446049250313e-15 -3.9 0.7500000000000001
0.9889212827988358 -3.9 0.7500000000000001
-0.9889212827988331 -3.9 0.7500000000000001
1.332267629550188e-15 -5.05666093212332 0.15
-0.8100289456459944 -4.725014079969366 0.15
0.810028945645997 -4.725014079969366 0.15
0.9086724557958674 -5.396335002418537 0.15
-0.908672455795865 -5.396335002418537 0.15
1.554312234475219e-15 -5.05666093212332 1.35
-0.8100289456459945 -4.725014079969366 1.35
0.8100289456459966 -4.725014079969366 1.35
0.908672455795867 -5.396335002418537 1.35
-0.908672455795865 -5.396335002418537 1.35
18.4 -5.492732194918784 0.7500000000000001
18.4 -4.504286349173197 0.75
21.6 -4.507267805081216 0.7500000000000001
21.6 -5.495713650826802 0.75
20 -6.1 0.7500000000000001
20.98892128279883 -6.1 0.7500000000000002
19.01107871720117 -6.1 0.75
20 -3.9 0.7500000000000001
20.98892128279883 -3.9 0.7500000000000002
19.01107871720117 -3.9 0.7500000000000001
20 -5.05666093212332 0.15
20.810028945646 -4.725014079969366 0.15
19.189971054354 -4.725014079969367 0.15
19.09132754420413 -5.396335002418537 0.15
20.90867245579587 -5.396335002418537 0.15
20 -5.05666093212332 1.35
20.810028945646 -4.725014079969366 1.35
19.189971054354 -4.725014079969367 1.35
19.09132754420413 -5.396335002418537 1.35
20.90867245579587 -5.396335002418537 1.35
-21.6 4.507267805081216 0.75
-21.6 5.495713650826803 0.75
-18.4 4.507267805081216 0.75
-18.4 5.495713650826803 0.75
-20 3.9 0.7500000000000001
-19.01107871720117 3.9 0.7500000000000002
-20.98892128279883 3.9 0.7500000000000001
-20 6.1 0.7500000000000001
-19.01107871720117 6.1 0.7500000000000002
-20.98892128279883 6.1 0.7500000000000001
-20 4.94333906787668 0.15
-19.189971054354 5.274985920030634 0.15
-20.810028945646 5.274985920030633 0.15
-20.90867245579587 4.603664997581463 0.15
-19.09132754420413 4.603664997581463 0.15
-20 4.94333906787668 1.35
-19.189971054354 5.274985920030634 1.35
-20.810028945646 5.274985920030632 1.35
-20.90867245579587 4.603664997581463 1.35
-19.09132754420413 4.603664997581463 1.35
-1.6 4.507267805081216 0.75
-1.6 5.495713650826803 0.75
1.6 4.507267805081216 0.75
1.6 5.495713650826803 0.75
2.220446049250313e-15 3.9 0.75
0.9889212827988358 3.9 0.7500000000000001
-0.9889212827988331 3.9 0.7500000000000001
2.442490654175344e-15 6.1 0.7500000000000001
0.9889212827988358 6.1 0.7500000000000001
-0.9889212827988331 6.1 0.7500000000000001
1.77635683940025e-15 5.05666093212332 0.15
0.8100289456459975 4.725014079969366 0.15
-0.8100289456459947 4.725014079969367 0.15
-0.9086724557958651 5.396335002418537 0.15
0.9086724557958674 5.396335002418537 0.15
1.77635683940025e-15 5.05666093212332 1.35
0.8100289456459975 4.725014079969366 1.35
-0.8100289456459947 4.725014079969367 1.35
-0.9086724557958651 5.396335002418537 1.35
0.9086724557958674 5.396335002418537 1.35
18.4 4.507267805081216 0.75
18.4 5.495713650826803 0.75
21.6 4.507267805081216 0.75
21.6 5.495713650826803 0.75
20.98892128279883 3.9 0.7500000000000001
20 3.9 0.7500000000000001
19.01107871720117 3.9 0.7500000000000001
20 6.1 0.7500000000000001
20.98892128279883 6.1 0.7500000000000002
19.01107871720117 6.1 0.7500000000000001
20 4.94333906787668 0.15
20.810028945646 5.274985920030634 0.15
19.189971054354 5.274985920030633 0.15
19.09132754420413 4.603664997581463 0.15
20.90867245579587 4.603664997581463 0.15
20 4.94333906787668 1.35
20.810028945646 5.274985920030634 1.35
19.189971054354 5.274985920030633 1.35
19.09132754420413 4.603664997581463 1.35
20.90867245579587 4.603664997581463 1.35
-17.07317073170738 10 2.962609639368096
-21.94806416930127 10 1.044594041667631
-19.51219512195127 10 1.056128541200525
-14.63414634146348 10 2.943871458799472
-10.96031628784844 10 1.047298853190002
21.95121951219512 10 1.056128541200534
18.29268292682927 10 2.943871458799466
15.85365853658536 10 2.943871458799466
1.219512195121901 10 1.056128541200534
-3.658536585365905 10 1.056128541200534
-8.536585365853753 10 2.943871458799464
13.41463414634146 10 1.037390360631914
7.317073170731682 10 1.056128541200537
10.97560975609755 10 1.056128541200537
4.878048780487781 10 1.056128541200537
-1.219512195122 10 1.056128541200537
-6.097560975609824 10 1.056128541200537
-20.73170731707319 10 2.943871458799475
-15.85365853658546 10 1.056128541200522
-23.23658777031605 10 2.965993940205803
2.43902439024388 10 2.943871458799464
17.07317073170732 10 1.056128541200534
23.23634754935723 10 2.965866164169753
19.51219512195122 10 1.056128541200534
-13.41463414634158 10 1.056128541200534
20.73170731707317 10 2.943871458799466
-4.878048780487873 10 2.943871458799464
-2.439024390243965 10 2.943871458799464
12.19512195121951 10 2.943871458799463
8.536585365853639 10 2.943871458799463
-2.842170943040401e-14 10 2.943871458799464
6.097560975609735 10 2.943871458799463
-12.18419804532728 10 2.991040768627028
-24.14954484369924 10 1.532773069431569
24.14953733468611 10 1.532773069431596
-8.536585365853767 10 1.056128541200536
-21.96245429211971 10 2.985233450125925
21.96215548586848 10 2.985054321021439
-18.2926829268293 10 2.965732669462874
-17.68292682926835 10 1.989164522854508
-7.317073170731817 10 2.943871458799415
-6.097560975609841 10 2.943871458799438
-7.317073170731817 10 1.056128541200579
-1.219512195121961 10 2.943871458799416
-20.73170731707325 10 1.056128541200582
2.439024390243887 10 1.056128541200536
-13.41370524277924 10 2.966973795077448
-4.87804878048788 10 1.056128541200522
8.536585365853643 10 1.056128541200537
4.878048780487788 10 2.943871458799463
12.1951219512195 10 1.045567648760696
-12.17727957159552 10 1.027117724788048
15.85365853658537 10 1.056128541200537
-14.63414634146355 10 1.056128541200563
9.756097560975594 10 2.943871458799463
10.97560975609754 10 2.943871458799463
17.07317073170731 10 2.943871458799463
-3.65853658536594 10 2.943871458799445
1.219512195121933 10 2.943871458799444
14.63414634146342 10 1.034267330537143
14.02439024390244 10 2.010835477145521
-15.85365853658542 10 2.9544323512393
3.658536585365841 10 2.943871458799439
18.29268292682927 10 1.056128541200531
20.73170731707317 10 1.056128541200534
-9.75354864960083 10 1.035918745963503
-10.33229299210086 10 2.032579113592441
19.51219512195122 10 2.943871458799466
-2.439024390243944 10 1.056128541200557
7.317073170731685 10 2.943871458799465
9.756097560975594 10 1.056128541200537
6.097560975609742 10 1.056128541200526
-5.684341886080801e-14 10 1.056128541200554
-19.51219512195124 10 2.954567842965625
3.658536585365841 10 1.056128541200549
23.23857079771017 10 1.038983789508877
-23.23813923442339 10 1.037335554044951
-24.1754962301323 10 2.46922839947779
24.17544743279051 10 2.469207103471788
22.52611629874962 10 2.007672135983432
-22.52586095789332 10 2.005684522224916
-18.38444373632476 10 1.003150413137378
-9.750504116569722 10 3.005429852265416
-16.981409922212 10 1.003150413137292
13.32287333684605 10 2.9968495868627
14.72590715095883 10 2.996849586862701
-11.57242911695839 10 2.025722833734775
-21.34293419438816 10 2.00095014730529
21.34146341463415 10 2
-20.12195121951221 10 1.999999999999954
17.68292682926829 10 1.999999999999999
18.90243902439024 10 2
20.12195121951219 10 2
6.707317073170707 10 1.999999999999997
16.46341463414634 10 1.999971333164889
7.926829268292664 10 1.999999999999997
-5.487804878048848 10 1.999999999999997
11.58536585365852 10 1.999999999999999
5.487804878048763 10 1.999999999999997
-14.02439024390259 10 1.999999999999981
10.36585365853657 10 2
9.146341463414618 10 2
-3.048780487804933 10 1.999999999999998
-4.268292682926887 10 1.999999999999987
0.6097560975609468 10 1.999999999999999
1.829268292682897 10 1.999999999999985
3.048780487804859 10 1.999999999999995
4.26829268292682 10 1.999999999999995
-1.829268292682968 10 2.000000000000007
-7.926829268292764 10 1.999971333164897
-6.707317073170817 10 1.999995222194143
-15.24390243902454 10 1.999999999999967
-0.6097560975610072 10 1.999999999999996
-12.79777272781742 10 2.011163943904636
-10.96510729719191 10 3.009128761369943
-16.46341463414645 10 2.000172001010689
-9.146341463414686 10 1.999827998989397
15.2439024390244 10 1.999827998989334
12.80487804878048 10 1.999827998989336
-18.90243902439027 10 2.000172001010721
23.45427163982269 10 2.002071751795062
-23.45422874429815 10 2.00157364076926
-24.23851436106528 10 3.287044467936718
24.23845655740516 10 3.287014653528307
-24.23363437660014 10 0.7140217246953035
24.23371918745487 10 0.7143513717880942
25 2.352941176470592 2.981146583783014
25 -7.046744459942056 3.000728964209588
25 -4.705882352941178 1.018853416216986
25 -1.176470588235292 1.018853416216986
25 7.058823529411775 1.018853416216986
25 4.705986399945099 2.987396876142498
25 1.176470588235292 1.018853416216986
25 -8.290256538361932 1.030462365513359
25 -2.352941176470589 2.981146583783014
25 -1.77635683940025e-15 2.981146583783014
25 3.529411764705877 1.018853416216986
25 8.290256538361923 2.96953763448664
25 9.169481944689455 1.528525242991007
25 -9.169481944689458 2.471474757008984
25 -4.705882352941178 2.981146583783014
25 -7.063816261902226 1.013304791497529
25 7.063816261902218 2.986695208502477
25 -5.883043615872536 1.014032075308835
25 5.883356467559572 2.989433299050811
25 5.294448313996613 1.996296401552696
25 1.176470588235299 2.981146583783009
25 -2.352941176470589 1.018853416216986
25 -3.529411764705883 2.981146583783014
25 -3.529411764705884 1.018853416216987
25 -5.882352941176471 2.981146583783014
25 -1.176470588235295 2.981146583783013
25 2.352941176470583 1.01885341621699
25 0 1.018853416216984
25 3.52941627875402 2.9846898450404
25 4.673857934644881 1.000364109692994
25 5.914433016114481 1.000331976315921
25 -7.584800859482491 2.011286458721049
25 7.586814037727443 1.991977271350044
25 -5.29422706987834 1.999934396790974
25 4.117647058823533 2.00000679745082
25 -0.5882352941176467 1.999999999999999
25 -2.941176470588236 2
25 0.5882352941176467 2
25 -1.76470588235294 1.999999999999998
25 -4.117665295960116 1.999989066131829
25 2.941176470588244 2.000000000000001
25 1.764705882352947 2.000000000000004
25 6.471409006892117 2.00024535066314
25 -6.465161657138833 2.001617351232253
25 -9.133974596215561 1.499999999999996
25 9.133974596215555 2.499999999999995
25 -8.284648752177324 2.969838677174939
25 8.286661930422273 1.033425052896153
25 9.249552109268436 3.293907526897327
25 -9.249552109268439 0.7060924731026705
25 -9.255532021726298 3.288262686836784
25 9.255934657375288 0.7123900591774316
25 8.493437809483328 2.004693040344768
25 -8.492632538185353 1.996612451683665
-25 -2.356755392550056 2.996900869939016
-25 5.88235294117647 1.018853416216986
-25 1.181810490746553 1.015770422064664
-25 -7.046606394151937 0.9992309057413338
-25 3.529411764705882 2.981146583783014
-25 -4.705882352941176 1.012567837663242
-25 8.290191308148033 2.968210794852156
-25 -1.176470588235292 1.018853416216986
-25 0.003814216079472743 2.996900869939019
-25 -5.882352941176471 2.981146583783013
-25 -8.290195243960472 2.969503877723993
-25 9.166702940067502 1.532927377443728
-25 -9.169481237596017 1.528525242991007
-25 5.88235294117647 2.981146583783014
-25 3.529411764705882 1.018853416216986
-25 7.061205227597458 2.983468175092423
-25 7.580116861956519 1.993668123009644
-25 -7.063491992533656 2.986569284362
-25 -5.881314069130577 1.010237056286222
-25 -1.176470588235292 2.998966956646338
-25 -2.358281078981843 1.009485949992331
-25 -3.535641650969012 1.013161581268262
-25 -4.129365178223233 2.010572708560908
-25 2.353831160222466 1.01205400530452
-25 1.776424001752654 2.010921876633857
-25 4.705882352941176 1.018853416216988
-25 4.705882352941177 2.981146583783016
-25 0.006229886263138695 1.008972117633614
-25 7.032675694809117 1.002591969897523
-25 6.462874961655526 1.998318068878898
-25 8.281568243530376 1.031972415723703
-25 9.133974596215563 2.499999999999995
-25 -4.707835372841124 3.001762118093483
-25 2.354894196370541 3.001820312772308
-25 0.5927523148265799 2.008570890229439
-25 -2.945693491297158 2.008163527477664
-25 -7.584576085529363 1.988639347676389
-25 -6.467504872364458 1.998516960769828
-25 -0.5858084402757218 2.005377375110898
-25 5.294117647058824 2
-25 4.117647058823531 1.999998893518584
-25 -1.766579929929225 2.006291349230539
-25 -3.533078827387223 3.002899870678512
-25 1.18013765091664 3.003035658262437
-25 2.941176470588237 1.9999933611115
-25 -5.294117647058822 1.999993361111502
-25 -9.133974596215555 2.499999999999995
-25 -8.284596210834845 1.030144990874823
-25 8.490510789983599 2.005355742205845
-25 9.24953906322566 3.293642158970429
-25 9.254360119072517 0.7129799586334856
-25 -9.249539850388146 3.293900775544797
-25 -9.255521372039112 0.7117340467731657
-25 -8.49256467482725 2.003362691853241
23.95551653176242 -0.01019783255122853 0
-24.13447192968085 -0.05833805423037632 0
-13.45421365364943 8.949891990299616 0
13.56518551839802 -8.973983871541275 0
1.625856846006653e-06 -8.943867702387585 0
4.878043531977267 -8.943871162912513 0
-4.878013237834806 -8.94385761985531 0
9.74705154276938 8.90425271562613 0
-8.544209332552441 8.943903867993424 0
2.439024390243866 8.943871458799464 0
-2.439024390243954 8.943871458799464 0
-10.97595748305607 -8.943858087478025 0
14.59268966941631 8.848074595081005 0
-15.762965506796 -8.763259179018997 0
9.892940770558738 -9.016875372448769 0
6.09756097560973 8.943871458799462 0
-17.07699931961017 8.945751121652565 0
17.1901245092624 -8.958700975171325 0
23.98114658378302 3.529411764705882 0
-24.18977848106045 -3.510471350512862 0
23.93805374933399 -3.657843039053601 0
-23.92318930304529 3.601585618780986 0
18.22735267269571 8.844131811945218 0
-19.47301903310789 -8.970403040329346 0
-20.73683561646818 8.944281364788072 0
20.79546464728754 -8.965250908698795 0
20.6924799851076 8.861096423697397 0
-13.37886322557605 -8.974124283581476 0
-10.97560975609763 8.949585681399867 0
7.385608724407756 -8.990413782255741 0
-6.128156959503525 8.944024402068376 0
-2.439008135047369 -8.943873414824951 0
-0.008130937058615076 8.939365111749396 0
2.439035694136352 -8.943867666939296 0
-8.536917874101185 -8.943465734988997 0
12.19512195121951 8.943871458799462 0
-23.9450001212116 -5.952459964744667 0
23.93755262275658 -5.860451112309569 0
-23.92955713023085 5.828250206703676 0
23.91553477254261 5.894985932290397 0
-21.90491494559752 -8.934866493684599 0
23.12090992239662 -8.975353345010699 0
-23.12098138103178 8.975311661741333 0
23.1192081760727 8.974657515741605 0
-23.98114658378302 -8.235294117647062 0
-21.9445638563552 8.952330709274388 0
-21.34579685003826 7.897414007943711 0
-20.13634535624117 7.890393779324524 0
-20.75849531303789 6.84059736465439 0
-19.54149369354021 6.839530906701665 0
-20.16316235330378 5.791713850396186 0
-18.94677238427263 5.791208201230322 0
-19.55394303416148 4.751766358235924 0
-18.34893081498061 4.745579915221274 0
-18.95544965382163 3.706888531108953 0
-17.75139349634281 3.700357122223703 0
-18.35943352956779 2.659645063383902 0
-17.15446586221815 2.653239690767293 0
-17.76316005732543 1.613231471582205 0
-16.55639290987753 1.605681671844661 0
-17.1666361273542 0.562366324772429 0
-15.95812600952174 0.5558569640451764 0
-15.34731146780839 1.599582261769144 0
-14.74807188641246 0.5483093538516699 0
-14.13660611807086 1.59354960482953 0
-13.53657519523806 0.540690739571671 0
-12.92395039187052 1.587407688811461 0
-12.32301889422564 0.533182619931124 0
-11.71004229595998 1.581141483007049 0
-11.10831510300562 0.5256461160308119 0
-10.49472175519556 1.574713201404939 0
-9.892729055516826 0.5184185254054091 0
-9.278699789486076 1.568223078290783 0
-8.676383611408898 0.5113076711494283 0
-8.061908786058659 1.561624230864014 0
-7.459274612741643 0.5041806119276538 0
-6.844585378924382 1.554653101193934 0
-6.243340850614023 0.4979806548578871 0
-5.627013046716647 1.547784399788907 0
-5.025679529767281 0.4937245623618516 0
-4.408780949038563 1.541516760180131 0
-3.805818361038748 0.4862564168435821 0
-3.190345848022003 1.535323089551097 0
-2.587020423094967 0.4766232470222367 0
-1.971658086770295 1.52817155870045 0
-1.368234169383012 0.4691543824575922 0
-0.7528758884593898 1.521121156420805 0
-0.1493793635273409 0.4620816645215157 0
0.4661089869816693 1.514282083069679 0
1.069659803200565 0.4551329108144038 0
1.685173014967172 1.505359201892459 0
2.288782511579618 0.4478376434499692 0
2.904323599068666 1.50056338199774 0
3.507974632738533 0.4411945059859024 0
4.123550813755703 1.491430233932105 0
4.727225257949931 0.4339427671827583 0
5.3428754533867 1.486385873297468 0
5.946529370389468 0.4272838454960704 0
6.562212022395312 1.479821461774664 0
7.165832403794217 0.4204970171741212 0
7.781468764425084 1.472942358849523 0
8.385068977481687 0.4136646107352665 0
9.000759928039381 1.4659836559091 0
9.604217424113761 0.4067935654953221 0
10.21983466630313 1.458891420040666 0
10.82300174390364 0.400056529074492 0
11.43833425762476 1.451773885133759 0
12.0413950947237 0.3936099542506607 0
12.65617911584443 1.442750899325264 0
13.25866007822227 0.3874619102738485 0
13.87327200160584 1.434829947999434 0
14.47379580234085 0.3820418968894729 0
15.08686081308788 1.427355978586454 0
15.68527031039297 0.3759889740985667 0
-6.85722095201593 -0.5522405168116291 0
15.07592039270611 -0.6688187089649138 0
11.42649434398632 -0.6583509142601955 0
-16.5693362070157 -0.4867497003271268 0
-11.72232683199007 -0.5216532505692124 0
16.28514042478736 -0.6742244803596512 0
-3.203087312466476 -0.5693281787264527 0
1.673193091697628 -0.6041476970467584 0
6.553119241364449 -0.6300044892207359 0
16.29630969863761 1.420817818405471 0
15.67568343372324 -1.717843004162646 0
16.88337776878677 -1.72316865111562 0
-17.77678803758291 -0.4804082195793554 0
-17.17992392724253 -1.528547983302289 0
15.69930549236261 2.470714265764493 0
16.9061495029068 2.462720284692558 0
8.397622279242357 2.524481991336962 0
4.739797438363617 2.538834653481764 0
-3.793675497991793 2.592433216450846 0
1.083983239701409 2.55955524252895 0
-7.446487894299738 2.612009086591252 0
-12.3126226714425 2.640644158812825 0
12.0551749650582 2.497761316129415 0
16.27456958517561 -2.766994054575273 0
17.48137038858522 -2.771155316814687 0
18.08855859162955 -1.730237906349211 0
15.06555942838786 -2.762142524155856 0
-18.38579186625599 -1.519922519327898 0
-17.79032941371673 -2.568750657535575 0
-16.58283682390634 -2.578010116208969 0
16.309706251746 3.512526345027472 0
17.51609076035961 3.503291386254943 0
18.11098104259382 2.456723502382754 0
18.71943161951167 3.493904453846659 0
-17.14428335946203 4.748431101576769 0
18.684842821019 -2.775525037803514 0
-17.19442406169045 -3.619548786898405 0
-15.98528325229499 -3.629219042137908 0
-18.40082248892535 -3.607960244215178 0
15.66572793888469 -3.812906875810723 0
14.45471415279011 -3.807971149948044 0
19.31310325345409 2.451008693508949 0
-18.98137716366736 -0.4754633212979592 0
18.08045191808336 -3.81558577139772 0
8.991549073173442 -0.644249568021251 0
4.111587035530563 -0.6181216514154078 0
-0.7648606237652977 -0.5900826046310481 0
-1.35637360648212 2.579320853687827 0
-9.290938774394201 -0.5387792468745256 0
-9.880702004102414 2.626628260902275 0
-19.56434331799841 2.653789499472349 0
19.28176115710924 -3.81940298126273 0
19.29292438696397 -1.730139317401345 0
-19.58826342659668 -1.51028426170163 0
-17.80607839459966 -4.660374251701239 0
-19.01208467620418 -4.649274514261959 0
16.92086744871784 4.552718290419984 0
15.71247949282683 4.562730087232089 0
18.67773605754537 -4.858508542113688 0
15.05666387532096 -4.860379204649416 0
13.84337253003917 -4.855899016704536 0
19.91929486448208 3.486212013209652 0
19.32774855741913 4.528161484236112 0
19.86698150080574 -4.870023668478649 0
20.51050320320245 2.445258149335163 0
-20.18158999224629 -0.4702469589252387 0
16.32528184235364 5.604829528497463 0
15.11470258317122 5.614586669599259 0
-15.37353644526111 -2.586150078208144 0
-14.77420585365264 -3.637946946649154 0
-15.38781411057852 -4.682895069574554 0
-14.17547933532334 -4.692249582729052 0
-14.73985870153025 2.654884599707129 0
-13.56123052209183 -3.645727758690287 0
-12.96167823425427 -4.701337276979598 0
13.24085997789591 -3.802016532956592 0
12.62710849434701 -4.856134259543048 0
-12.34686220736588 -3.653590896432692 0
-11.74650271583063 -4.697951515029773 0
-11.13120992530071 -3.659553048854994 0
-10.53035029636434 -4.704385601540044 0
-9.9146857796937 -3.66695060566903 0
-9.313416464665234 -4.71074207690179 0
-8.697452720337729 -3.674635125107081 0
-8.096049974905272 -4.72810799534752 0
-7.479757275124186 -3.684261205075676 0
-6.877975767118594 -4.728386641449966 0
-6.261620357409056 -3.691406654001681 0
-5.659665098631985 -4.733867447635752 0
-5.043203996176315 -3.699034289172595 0
-4.441116902106167 -4.741772272963765 0
-3.824554057115313 -3.707154975778898 0
-3.222358986151079 -4.748572270048318 0
-2.605741479584481 -3.715208834042737 0
-2.003458030464431 -4.756728049409825 0
-1.386772474559393 -3.723495036619581 0
-0.7844248704965842 -4.763582885312982 0
-0.1676977645339437 -3.731601976974675 0
0.4346971013508426 -4.771735139539333 0
1.051459201662083 -3.739903833592429 0
1.653903688067454 -4.778588105011302 0
2.270687486695932 -3.748029287644228 0
2.873159783696583 -4.786727844229745 0
3.489963554600751 -3.756345738657139 0
4.092468766437877 -4.7935753802917 0
4.709281684806738 -3.764486193491508 0
5.311800156446608 -4.801700497094563 0
5.928642784347243 -3.772843248088058 0
6.530969499367687 -4.832924661976795 0
7.147925922037443 -3.785113117475753 0
7.75019396228451 -4.84570633760441 0
8.367039637790345 -3.795058905928011 0
8.970167252326744 -4.854536016002488 0
9.589099235765307 -3.800321030400763 0
-20.78614427407417 -1.501006073461882 0
20.52616553049309 4.519921200196833 0
20.46480217112119 -3.795464305239836 0
-6.417488170523926 -5.773150439921996 0
19.27353319752655 -5.904338883553231 0
20.47754337079523 -5.905724157833895 0
18.07173669755213 -5.898228389567398 0
19.93454243593794 5.561888186699701 0
-20.75465671921069 4.760740711860069 0
-18.41818961420859 -5.698116196231369 0
-19.62382038037716 -5.685721156031052 0
-20.21527340836839 -4.634952170975605 0
-14.79006921870515 -5.73818479894708 0
-12.36230777086679 -5.758724939483916 0
-10.07285538723592 -5.759130704859151 0
-20.83332055780092 -5.673542969942018 0
-3.979504397742358 -5.782254104971824 0
-1.541278806320744 -5.791394003565636 0
0.8972372880887961 -5.800514722385952 0
3.335947492144235 -5.80962587628373 0
5.774535214435206 -5.84716037818178 0
19.90603653966583 1.412650958557423 0
14.44611902576614 -5.909548252306827 0
21.13115764475747 1.410664928262624 0
8.352551436604577 -5.906404835762006 0
9.572436762477009 -5.914342972344761 0
14.50166460459752 4.57030427981497 0
13.90208294240998 5.624071817069908 0
21.18560663924569 5.580102593503764 0
-21.42231081017976 -4.608333507697258 0
18.67116927250342 -6.945422406437698 0
-21.37831940860541 -0.4634087910231893 0
-21.97955789836498 -1.492946776702921 0
15.72784349883192 6.658917471910807 0
16.93762649625857 6.64689067769362 0
20.5028289662624 0.3682715331973792 0
19.30077987547671 0.3605444544581731 0
-20.77506507243157 0.567079781564489 0
-18.33311719875171 6.833337503435433 0
21.70411988950539 2.435713019252574 0
12.0257090835403 -3.795852685219594 0
-16.00168205425135 -5.727164939592688 0
15.65864721970126 -5.910227650351283 0
15.04820919477733 -6.962477571121284 0
-14.14921922746909 -0.5038508978737408 0
12.63888836852915 -2.747722770326459 0
7.76488031075097 -2.736254712170295 0
-5.645318035815061 -2.643538473745042 0
-12.94797354615542 -2.600937335651852 0
5.324854686746876 -2.719608307226557 0
13.28930509338275 4.578296204385671 0
12.68920747898583 5.634200695880116 0
13.32651555101605 6.700359462014198 0
12.10815047053639 6.719076432121279 0
11.47642232297218 5.650017587604825 0
10.87019421279004 6.699745741702926 0
10.25438144890879 5.653821949922644 0
9.675175312208481 6.72522710727055 0
9.040828374872348 5.662548121689719 0
8.454102783330679 6.741226246235467 0
7.82243001370672 5.675224185032018 0
7.227295428364586 6.752369073019857 0
6.597235643456978 5.675493910642214 0
6.021581132404649 6.775457826843011 0
5.382372047931495 5.690828887694312 0
4.796831074083526 6.76753302195038 0
4.162884220018039 5.697898220995443 0
3.560843218819039 6.762134990222934 0
2.940763209209323 5.704033413821556 0
2.338272154118753 6.768111344320566 0
1.720039014334505 5.710504709604844 0
1.118150072287573 6.77186276142932 0
0.5007691336480686 5.719480038952509 0
-0.1012690120435796 6.779826055633814 0
-0.7185454256143025 5.728117631017322 0
-1.320552616420364 6.787647789490351 0
-1.937759148038833 5.736807674188309 0
-2.539765428790966 6.794717890214018 0
-3.157038232465093 5.74532330412161 0
-3.758913476322895 6.803945062455772 0
-4.376207168735513 5.754208253743229 0
2.323480799508832 4.651212899446912 0
-2.557318261582587 4.686991457518785 0
5.981336295845216 4.630971265382879 0
-4.977983651097408 6.81136704408268 0
-5.595133307456924 5.762870840412171 0
-6.19691945733879 6.819874991899921 0
-6.813852432747294 5.77157410368017 0
-6.212188243809348 4.712423403766905 0
-7.430868354036624 4.721370739314028 0
-8.032394020540972 5.775867244451729 0
-8.649235367574551 4.729453517647793 0
-9.250619936357655 5.783587413124843 0
-9.867084603318611 4.737917288434424 0
-10.46853743624658 5.79074098230514 0
-11.08485293738037 4.746532223678138 0
-11.68614487514601 5.798998970638443 0
-12.30216329346572 4.755394454905322 0
-12.90308617432602 5.813246898833325 0
-13.5186484145553 4.76568557622223 0
-14.11891017680371 5.822488547600568 0
9.639969345691497 4.606924333673017 0
-0.1189962047308424 4.670017778093791 0
2.88478087354555 -2.702532975009593 0
-10.51662611934438 -2.61323227565245 0
0.4463936591017357 -2.686373165609908 0
-1.991643809340148 -2.670272984007494 0
-14.73211465305071 4.77432183792893 0
-15.33160807830995 5.8299833488714 0
-14.71870684118294 6.878486674827774 0
-8.082547164690734 -2.629139460068362 0
21.80197659860888 4.538543772682171 0
11.42219115606045 -2.74608826048551 0
-9.822626700042798 6.835743395003011 0
-15.93069580857683 6.872371757143612 0
-12.27335477189191 6.845537407645549 0
21.71996035713402 0.3694267481447812 0
21.09551947763963 -0.6673362491762017 0
-20.27609625019384 -6.763331517578237 0
-21.449782690276 -6.715523757979384 0
-21.95373582944443 0.5812172406414017 0
-21.36531504271028 1.603215293500862 0
-22.54074146868447 1.617528091634634 0
-21.95537209832247 2.636719510149964 0
20.57202507581614 6.627208145331601 0
21.90029926922368 6.742287689017656 0
19.34811330790898 6.643313145050952 0
16.34856976118576 7.699647268190377 0
17.46923839952695 -6.927359015511788 0
-21.95634274377064 6.853388459481786 0
13.83667333104503 -6.942239976983366 0
-15.34311078144644 -6.749433392554948 0
-16.59750829619684 -6.908496772213484 0
-14.21745957190507 -6.804921976400248 0
7.890767537762263 7.85317216474016 0
4.222799745810624 7.857305431881102 0
8.954997625394075 -6.940802599888503 0
10.17368427262437 -6.944781251272595 0
7.597291965958647 -6.937530273832185 0
-21.39055767269782 -2.529147288968138 0
-4.360840402384271 7.866108979099092 0
10.79207293546924 -5.913449519954112 0
11.39207981329409 -6.976261868630378 0
13.88951377778086 3.52804986618718 0
22.23903929953853 -0.6568822122540228 0
21.67969704029163 -1.692903887493547 0
22.94043563987461 -1.727026898890003 0
22.23107683960083 -2.745967946172034 0
-15.31253478086079 7.922196608000277 0
-22.58363500676625 -2.47538053108173 0
-23.11321012845312 -1.434727476154238 0
-20.89907338987746 -7.788629277770996 0
-14.80656448651192 -7.841177719638251 0
20.00471961788215 7.72416779461959 0
17.56082432640248 7.732877195340293 0
14.39900781192731 -7.948794952142183 0
15.61367146814159 -7.954643502847993 0
18.02533509145684 -7.934991658024314 0
19.20806701519727 -7.948619805815156 0
8.123255452879921 -7.953741841655536 0
11.54425529878007 7.807623395615979 0
10.66432737558337 -7.992400233808738 0
11.84701159001713 -8.006350155812662 0
17.01150215058099 8.835115887912577 0
15.15510171758845 7.717489965585889 0
1.742802776696812 7.829528664515498 0
-0.6962329915486423 7.843709733345051 0
21.07997669334053 -2.719110701883657 0
-16.54172965284355 5.808303900952495 0
18.69445034964116 -0.6863662348061812 0
-20.17033881941602 1.605284335200803 0
-23.1479854860413 2.640706538371872 0
-22.65382213475171 3.661971943954543 0
-23.2545664913376 4.748240028134248 0
-22.05145137027418 4.76465684318981 0
-23.67464687548327 1.670640228151283 0
-21.390336079921 3.694503858554204 0
-21.96772881171764 -3.532350532699322 0
12.00940420941247 -5.923244416815525 0
-20.79924812356621 -3.572608854548894 0
-22.58069849255725 -4.567433638274358 0
-21.99897001841957 -5.625030316275856 0
-22.80002846264949 -6.604139104439253 0
11.41086311696997 -4.857229297890757 0
-21.37434640807537 5.815336102568136 0
-14.13375293227789 3.717398817557617 0
-15.34613617069818 3.724104832212762 0
-19.521276503619 8.942134266979672 0
-18.29923783691977 8.942651778401972 0
-17.71775102596608 7.892230769502669 0
21.95591945113953 -8.94658496981415 0
22.55247617306738 -7.906771854495585 0
23.868902748748 -8.0434361992459 0
23.17219932476798 -6.912505622936459 0
21.97623296412214 -6.86296595430712 0
22.67225675801585 -5.831614582572088 0
23.30091645308755 -4.789511890707859 0
22.1636484660073 -4.798546034166973 0
21.92561976531052 8.91963381891194 0
22.52507284274557 7.8622776686463 0
23.86407762285495 8.036247873777839 0
23.15885061836969 6.85895679872355 0
22.64572187561797 5.705409622514389 0
23.02892799167486 4.417189211885026 0
21.27003609268094 7.789445256704079 0
22.33579689146976 3.443307937413965 0
23.19687769937197 2.472215248887214 0
22.47562895956956 1.426266630716684 0
23.77205734398367 1.301764028891818 0
19.45071565925057 8.876209715494392 0
-14.0977127642145 7.908350178079525 0
-22.54832570024169 7.90438417147646 0
-23.15508728502357 6.852397797298243 0
-23.86671354070237 8.041165556970304 0
-11.69964651572586 3.694738269794302 0
-18.37433792576157 0.5656874638332191 0
21.13297616296028 3.478159348681726 0
-20.16477690547474 3.699596159579038 0
-22.48509814151757 -0.472599947249115 0
-18.96829063126058 1.610044355321858 0
-18.99599575271559 -2.556196787056969 0
16.89352495148149 0.369090472799101 0
17.50207234771189 1.415085418155345 0
18.0984378487534 0.3664417122784561 0
17.49058165584662 -0.6797441812588511 0
21.41772058356346 -7.90473983699166 0
-9.265600664442296 3.678723886791918 0
-18.28789224343501 -8.949068394688325 0
-18.75657125431184 -7.882102146063389 0
-17.50128899752974 -7.889906003226947 0
-17.04162303926863 -8.928581973968306 0
13.86258319887612 -0.6639149320346488 0
12.64658674658018 -0.6587700069911426 0
-12.91535879194052 3.702265984342358 0
13.39681277731843 8.896254496719235 0
12.7918844745575 7.864385956748286 0
10.97560975609755 8.859997812467784 0
10.19410113352344 -4.860321277617294 0
16.87370948419736 -3.814591086722957 0
19.8857164910156 -2.756217970428856 0
16.26760279771694 -4.85858934329177 0
-10.48247850021116 3.685727470239886 0
19.89941579542059 -0.6754485487850387 0
-12.18931966660368 -8.949163236719901 0
-11.55000334470685 -7.90937535485773 0
-10.36095905213332 -7.904766793732318 0
-10.81230596680777 -6.855723135791607 0
-12.64867218672542 -7.923441658565565 0
8.984163882005719 -2.745256835715667 0
10.20413521769142 -2.747527132090807 0
18.12641824940688 4.539772253033036 0
17.53276511735499 5.590557897801778 0
-4.994285394503028 4.703857004271223 0
-5.611516318349647 3.653413944802524 0
-3.776736423207801 4.695900889173 0
10.20963946199447 -0.6491455709099272 0
10.83805772500919 2.50815875761956 0
11.45523529873719 3.555708623775802 0
9.620640519976718 2.513729196452811 0
-7.408116572711909 6.821175842911773 0
-6.767134137312149 7.878994992132265 0
-9.755636238925071 -8.946412480892636 0
-9.146243319790948 -7.904288338465024 0
-7.927529534887147 -7.890002456569045 0
-8.39275045542691 -6.823989241731701 0
-7.173025156026796 -6.834379335938448 0
-6.683367920405979 -7.904607141617647 0
-1.338944976591001 4.679125772846341 0
7.773401136511733 -0.636587663175143 0
6.545480913825549 -2.72884521438515 0
1.102460414151934 4.661377386851363 0
7.180322278095513 2.530805815450418 0
7.802478694432985 3.574707658262867 0
5.962765389560126 2.534543757304895 0
3.540476370585712 4.644007023333257 0
2.921164483569052 3.595499320878106 0
4.760160334947769 4.640006223957758 0
-3.211950437512131 -2.661983330158761 0
1.66461783696919 -2.694878051890885 0
4.103363855836792 -2.711013462710294 0
-9.757368222092133 8.950543453365594 0
-9.172390320426633 7.887984548430401 0
3.658539962601909 -8.943872144677007 0
4.268292520109407 -7.909918032473421 0
5.487791099194159 -7.915132682444939 0
4.997042772289134 -6.892507204672921 0
3.048792528537821 -7.913612091421486 0
1.829281907314729 -7.912694662277767 0
2.558164931973642 -6.882119081291628 0
1.219514251351585 -8.948026245517013 0
0.6097573286383133 -7.913248922551734 0
-0.6097624114610896 -7.911123231918524 0
0.1192799468428617 -6.875926806977267 0
-1.2195102672709 -8.947771577564147 0
-1.829256314106416 -7.911429179309728 0
-3.04875303422054 -7.909284229368838 0
-2.319497441226847 -6.869435054298657 0
-3.658523376370465 -8.947456573500414 0
-4.268265471920977 -7.909542599165012 0
-5.483775451664103 -7.910241902866922 0
-4.7574678626177 -6.863364472662248 0
-6.092872731262746 -8.950422048273271 0
-7.312472400353404 -8.948082896908158 0
6.108975020009296 -8.956193794081717 0
6.800075919889502 -7.954460319513112 0
-3.658536585365908 8.943871458799466 0
-12.21609002835164 8.944990723126789 0
-11.63203245452744 7.894111685398054 0
3.641926054579252 8.934405838533191 0
4.867696364461484 8.937222532941341 0
5.444946051208065 7.86496606554405 0
1.211337546785282 8.938695738395086 0
2.967944306869925 7.842512484094732 0
8.529067407730871 8.921764161650575 0
9.101290355516824 7.813251876461651 0
7.306633915142935 8.922872683184092 0
-0.7735551747628799 -2.678944906236126 0
-4.429667612623554 -2.652031255066485 0
-5.037049407850779 -1.601382063772441 0
5.332840664632101 -0.6217385160820665 0
-6.865892561236767 -2.638984398349581 0
2.892389995762701 -0.611146514002779 0
-9.299948346594913 -2.62148929941798 0
0.4541107603802328 -0.5970402902603726 0
12.59377509418519 -6.937348587643627 0
-0.1370775560791866 2.568535711480554 0
0.5233522746190733 7.836197713474687 0
-6.829940401185153 3.662419040282447 0
-11.73363686962161 -2.608757764595676 0
-1.983688763554025 -0.5797862171716259 0
-22.05685683744797 -7.746212107245888 0
-2.575081718570358 2.585373768028239 0
7.017179222589644 -5.890579338360955 0
-8.074103195985549 -0.5446846140744228 0
-19.60329168198715 -3.593314990080953 0
-1.227666159166902 8.94023205268827 0
-8.663660626920224 2.619742337651129 0
-8.04763221807643 3.670619768046428 0
-10.50664301268924 -0.5309084288238612 0
13.85374023360266 -2.756779267175402 0
-14.16178758821588 -2.594358630047135 0
-12.93645016307407 -0.511702790904248 0
-11.09670229043958 2.633932140693545 0
-16.59767806338068 -4.671843916119606 0
-13.52702493452209 2.64935847567682 0
-15.94895569245665 2.654948382953695 0
-13.58099552604654 -5.739491600028476 0
13.22607544746583 -5.904069084999488 0
-15.36009132174868 -0.4943033791806802 0
-23.86084439698431 -2.391091713238012 0
24.01798487718904 -1.171890396416669 0
-13.50047962211401 6.85847224274151 0
24.01652019427424 -2.359990701311502 0
18.70523515127596 1.410409123223517 0
14.5308608651453 6.668637707876266 0
-23.97676308414124 -7.076141377431608 0
-23.90048615041756 -4.66357390647285 0
-6.229002499068908 2.604255919804946 0
-15.97167087438851 -1.536248174168502 0
15.10307443891273 3.521169249805658 0
-19.57516660079723 0.5670642759495284 0
19.85162349153898 -6.934300031408654 0
14.4646061186525 -1.712987974911484 0
-18.92487026917298 7.890046500724321 0
-20.19569860648004 -2.54016307639191 0
-17.20959990023815 -5.718793429281828 0
-20.76841371064049 2.64885144274287 0
17.47420348746752 -4.857444101598145 0
-5.011400714998257 2.597119365198004 0
18.77905496064996 7.766234917227598 0
-1.922606071286199 7.843919759089117 0
-4.395975183288067 3.646698259409483 0
-14.76191730343297 -1.544228538507012 0
18.7348467178584 5.58208286309883 0
14.48723691955341 2.477723678465021 0
16.25675363812967 -6.920049764186942 0
-3.177096064766622 3.639286655457824 0
-16.54792786449951 3.704837296448741 0
9.597254845761706 -1.696284370242597 0
-15.94063329647732 4.764997052998517 0
1.704472908222337 3.604235466223453 0
-13.54947864097763 -1.551661873299574 0
-1.958792093469911 3.631263179726703 0
8.379897643395772 -1.691568225637528 0
13.27139499357058 2.484222762446911 0
-3.134383104386549 7.85291596485917 0
10.81028306819245 -3.799266237068173 0
13.25150029337856 -1.707547879735866 0
18.14887182107223 6.660326116035513 0
-0.7394029008578872 3.62340200444846 0
-17.74597108282703 5.794153815078833 0
7.160768427969018 -1.684202924984198 0
12.67516892349894 3.538041930168603 0
0.4825733167346273 3.614520598271096 0
5.938724236904132 -1.674962242038337 0
-12.33593089578001 -1.559780052104493 0
-5.639651549400527 -0.5518633792940717 0
12.07764415597877 4.591975022393999 0
8.42093349350694 4.619326194661913 0
10.81599212742467 -1.700065482531686 0
4.716616725557184 -1.666303740044786 0
2.300616677107043 2.547346016638083 0
3.496020848434028 -1.65773356154566 0
-11.12075969034207 -1.567324698730807 0
2.276807591706609 -1.650054104741615 0
-4.887389698352126 8.951685166022934 0
3.519936668496785 2.541620145610139 0
12.0348964636827 -1.703044728079003 0
16.86636370668241 -5.895316377417886 0
-20.68536820062166 -8.95897372852985 0
1.057578209103232 -1.642374944747541 0
-9.903931002735703 -1.575543164395726 0
-0.1613179236761812 -1.634760712577953 0
4.140756453337991 3.591311074928213 0
-8.687278111015466 -1.583093912860386 0
-1.380292735569349 -1.627165561627147 0
-2.599114793817073 -1.619444905168337 0
5.363003424065014 3.58789908230826 0
-3.818956840290479 -1.609085633664482 0
-7.470159056272387 -1.590795967839968 0
-6.252548593765241 -1.596467466635455 0
-4.421707166802381 -0.5586130460420022 0
6.583498381122598 3.5823468354482 0
10.24079112939331 3.559732870994243 0
10.85681109608507 4.604295534034757 0
9.020441462678027 3.565832536345054 0
7.201318753678572 4.626345008238347 0
22.81372221379041 -3.763977660823396 0
-5.553070717664711 7.878675929217544 0
-7.334189934413446 8.946579528291945 0
20.48887498077865 -1.70685944586144 0
-19.1018479946175 -6.772415487798912 0
-8.609786769760833 6.828345028783493 0
-10.40503449353475 7.889628843524894 0
-17.90032348118035 -6.785256294510871 0
-11.04795512189825 6.842460214085848 0
-14.67093154121132 8.957821497994297 0
-12.86231388245815 7.900225704548507 0
-15.88294849348916 8.959409102216902 0
-16.51365375252578 7.905003604428789 0
-17.13048642024849 6.850900225090304 0
-16.49735779405333 -7.998649986322501 0
22.86126619062473 0.3261222223970018 0
10.31892941302706 7.801683108190835 0
6.664797506748705 7.852118212021772 0
-7.972637844529567 7.884497301423882 0
15.80253006199037 8.850054619461641 0
13.96372266784431 7.757924315548927 0
-14.50430679726932 -8.931762075425233 0
-23.08341045603397 -8.863424465225217 0
-13.0659348302767 -6.830084605547125 0
-22.6202252381187 5.81037823956265 0
-11.17345083550682 -5.717877031643006 0
21.62658819532612 -3.78887280585175 0
-9.582825326389754 -6.824729795069128 0
21.0158810032715 -4.852804082934526 0
-8.741375757345098 -5.715597322198636 0
-7.616444213557765 -5.767268496098044 0
-5.928737447716779 -6.833156629050112 0
-23.19572851461263 0.5050891572637587 0
-5.197329979889817 -5.78792756120095 0
24.0517642240142 4.751215608027831 0
-3.498864887390778 -6.84249653742493 0
-2.760827091549372 -5.798480003286532 0
-1.060347926636126 -6.848036931329782 0
-0.3224728778618257 -5.808531748185158 0
1.378436742764094 -6.85353562612786 0
18.45127348556301 -8.98231508473326 0
2.1161416544558 -5.818518542555035 0
3.817301218048858 -6.858708828562706 0
4.554849269966986 -5.833879694181232 0
16.82166063832846 -7.91393543528449 0
6.278986032392714 -6.906228366167648 0
14.81725986642573 -8.989820827580242 0
8.672123316993702 -8.972354593676609 0
9.413554802339029 -7.970159315458457 0
13.07279588279871 -7.985723890930534 0
11.05858150169148 -9.043390379500437 0
12.32230306589075 -9.001574716297483 0
-23.17964108481114 -7.705042234397805 0
-24.1191357305185 -1.162293249110442 0
21.53720249287363 -5.851064983080666 0
20.92515077639277 -6.881224930903985 0
20.31612915963048 -7.947618930534503 0
19.63255409193013 -8.973967454963617 0
24.19001632542773 2.401854679085218 0
-23.0450366490511 -5.482527386041397 0
-23.05727318775362 -3.467025261636459 0
16.03426162815645 -8.995798461233818 0
-24.17655535397186 6.969702080267991 0
24.18186035842968 -6.984508115652594 0
24.18769260275345 6.981567532723064 0
-11.93544582248173 -6.832537787648158 0
-13.78140152554723 -7.920754686655753 0
-24.14916433291397 2.523762947649063 0
-19.87903560020448 -7.96277288848552 0
23.23081050771422 -0.5882352941176067 0
24.25516746568661 -4.705882352941177 0
23.19729516022704 -2.880413666588901 0
-24.10033565769645 9.111250061941883 0
24.10033565769645 -9.111250061941883 0
24.10033565769647 9.111250061941901 0
-24.26171359544446 4.710286784048711 0
-24.13431379939609 -9.146471306386625 0
-24.20096946395535 0.8940665015310506 0
-23.41052843168447 -0.5618383959858577 0
23.39799192459374 5.222441043748267 0
-15.72779365505579 -7.637093026910165 0
23.15749557289008 3.354358798262616 0
23.98114658378302 0 4
-24.13447192968085 -0.05833805423037632 4
-13.42919682405051 8.933779294373082 4
13.55237532019693 -8.961647985596628 4
-0.00745581255603143 8.948179618034551 4
-4.878041155296658 -8.943863926249064 4
8.67851628198021 -9.010688451400085 4
3.65852990218056 -8.943873197913007 4
-8.536585365853728 8.943871458799464 4
6.065299499478912 8.932209518484544 4
-10.9759573506537 -8.943858141240479 4
10.9508696448536 8.876914233816478 4
15.85365853658537 8.943871458799466 4
-15.7629655061667 -8.763259187199743 4
-5.6924226163139e-06 -8.943881317726156 4
-3.658536585365908 8.943871458799466 4
-17.08189464940007 8.930564326828318 4
17.19039544606678 -8.958693564722667 4
23.98322369348491 3.571619157939622 4
-24.18977848106045 -3.510471350512862 4
23.98114658378301 -3.529411764705883 4
-23.92318930304529 3.601585618780986 4
19.45791619768039 8.825510416419132 4
-19.47301903310789 -8.970403040329346 4
-20.73683561646818 8.944281364788072 4
20.83558203261446 -8.980563046182777 4
13.41463414634146 8.943871458799464 4
-13.37886326557422 -8.974124287724258 4
-10.97560975609764 8.943871458799466 4
11.08230829971354 -8.98503536917087 4
-6.097560975609818 8.943871458799462 4
6.166146567660967 -8.988358663078925 4
-2.438996768334547 -8.943862084977518 4
2.439024390243866 8.943871458799464 4
8.519308118009466 8.900294369965714 4
-8.537069362773433 -8.943287367034079 4
23.98024184892025 5.819896232512408 4
-23.9450001212116 -5.952459964744667 4
23.87023113716332 -5.884273198140569 4
-23.92955713023085 5.828250206703676 4
21.8784228769231 8.822477075397199 4
-21.90491494559752 -8.934866493684599 4
-23.12098138103178 8.975311661741333 4
23.18382645113477 -8.997866466764513 4
24.08717453807711 8.215721572243822 4
-23.98114658378302 -8.235294117647062 4
-21.9445638563552 8.952330709274388 4
-21.34579685003826 7.897414007943711 4
-20.13634535624117 7.890393779324524 4
-20.75849531303789 6.84059736465439 4
-19.54149369354021 6.839530906701665 4
-20.16316235330378 5.791713850396186 4
-18.94585187175667 5.791732409607128 4
-19.55378961540882 4.751853726298725 4
-18.34725776892388 4.746438025250985 4
-18.95522928877763 3.707369582372657 4
-17.75100261895444 3.700285099456141 4
-18.35933165582906 2.659713234799925 4
-17.15407864070887 2.653413026725064 4
-17.76316005732543 1.613231471582205 4
-16.55620358709882 1.605689819899718 4
-17.16660457355774 0.5623676827816051 4
-15.95816112358157 0.5559323989784157 4
-15.34728537323179 1.599676629282343 4
-14.74807338965967 0.5483376542594095 4
-14.13660203206024 1.593796580294029 4
-13.53644172441994 0.5406959198162018 4
-12.93037290448577 1.58383141533893 4
-12.3240670678585 0.5325874377264572 4
-11.7106080683047 1.578239943872653 4
-11.10858409400188 0.5250633291409683 4
-10.48872157986841 1.570729083034681 4
-9.891695751364738 0.5176076204150296 4
-9.277422690211026 1.567521530860845 4
-8.676319526914211 0.5112529861358133 4
-8.0616189190361 1.561603767926993 4
-7.459185774854751 0.5041593332973784 4
-6.844477441868468 1.55499809592047 4
-6.243260714257644 0.4980242209489133 4
-5.626995566323544 1.548438102399841 4
-5.025603008228334 0.4938372692338309 4
-4.409011737933018 1.533567643951562 4
-3.805769651797855 0.4849517408408706 4
-3.182985374902715 1.520804742976599 4
-2.585715860092145 0.4739910215730545 4
-1.962780544284564 1.521002789151134 4
-1.366473949263407 0.4675271144443945 4
-0.7509940587555285 1.519734660398167 4
-0.1492902847600577 0.4620889187226188 4
0.4665025040255834 1.514068374127068 4
1.069793051523044 0.4551034131613506 4
1.67838840052696 1.503436953516063 4
2.288251630161253 0.4481970094770676 4
2.896182248154171 1.486993406964822 4
3.506193662168558 0.441654159085638 4
4.121903680620335 1.482553234834481 4
4.72727821572161 0.4343438574227475 4
5.342635685204817 1.484963596734048 4
5.946562514593521 0.4271152276771552 4
6.562198685124604 1.479568720593975 4
7.165934861710337 0.4204118964954635 4
7.781540086962928 1.472948407613317 4
8.385294661572471 0.4135692394003819 4
9.000803722639652 1.466013838569801 4
9.604458952685048 0.4067763961403623 4
10.21994065396841 1.459083724384157 4
10.82326609517176 0.4001461718181278 4
11.43870091226345 1.451739398054522 4
12.04166269792346 0.3936467068627978 4
12.65672691798744 1.444833900617718 4
13.25891770707493 0.3870876030782304 4
13.87243109104618 1.436840235037716 4
14.47361471207083 0.3817558612473698 4
15.08582239237091 1.423346229578753 4
15.68618029235291 0.3760010684601514 4
-6.857175725815023 -0.552285973584222 4
1.673469187392436 -0.5996871238081423 4
15.07529986883788 -0.6694050110942986 4
-16.56933680039293 -0.4867369015033909 4
-11.72238397602373 -0.5217042476760236 4
16.28493097897237 -0.6756223869886814 4
-3.202845765645698 -0.5697919699281663 4
5.332076590791183 -0.6196466212776426 4
10.20820787178321 -0.651967360261827 4
16.30054845880929 1.407898647496764 4
15.67602133703568 -1.71815396704922 4
16.88382263790099 -1.725114605819632 4
-17.77678287751304 -0.4804058601072034 4
-17.17992316612709 -1.528545456919641 4
14.48899135400381 2.472431090513903 4
4.73518674950403 2.523241242610977 4
-1.353917713346935 2.574050401090715 4
9.616488092085271 2.518173287113199 4
-5.006560057733392 2.577516066481781 4
-9.878673436730468 2.617730201856942 4
-13.53724406753678 2.624881785947712 4
16.27544073326469 -2.766701887911895 4
15.06634772778337 -2.762174617341009 4
17.48202646691209 -2.771394242313645 4
18.08916492269343 -1.732201343950107 4
-18.38579087939177 -1.519921705018765 4
-17.79032912238678 -2.568750100753611 4
-16.58283664849878 -2.5780096023482 4
-17.143975221195 4.738882593644409 4
18.68645689236983 -2.77608372436141 4
-17.19442398390087 -3.619548608457949 4
-15.98528321009547 -3.62921892675437 4
-18.40082242740543 -3.607960121678108 4
15.66649423468464 -3.812795400236868 4
14.45568961100352 -3.807993035110174 4
-18.98137613917834 -0.4754627923344115 4
18.081224469024 -3.815592344247376 4
12.05461445835946 2.49467223913367 4
7.772749976387009 -0.637316026950859 4
7.17787019447081 2.532454639010285 4
1.076701133290212 2.551055027044971 4
-0.7647668324879496 -0.5900666102758931 4
-9.290938774394201 -0.5387792468745256 4
-7.447571000036521 2.612765719002138 4
-19.56428961153463 2.653881036585637 4
19.28399157580512 -3.819633541477467 4
19.2906791818221 -1.738179678090058 4
-19.58826309137114 -1.510284037822849 4
-17.80607837138141 -4.660374201538318 4
-19.01208466208114 -4.649274485478627 4
18.67879227971288 -4.858488274146698 4
15.05749434952089 -4.860176080721105 4
13.84455291543108 -4.855732795090608 4
13.24207826441639 -3.802192255248939 4
12.63002460478162 -4.8511905401991 4
19.88053372024319 -4.861322289891899 4
-20.1815897656272 -0.4702468334515174 4
18.6961296301553 -0.6960584934612557 4
19.89511712050365 -0.7026826542903508 4
19.30253238140316 0.337328520017759 4
20.48774823808982 -1.742445940532781 4
20.49814335835898 0.3304717339535115 4
19.90698645374744 1.369288647659821 4
-15.37353640887875 -2.586149973138488 4
-14.77420584044115 -3.63794690971135 4
-15.38781410134335 -4.682895044187664 4
-14.17547933158223 -4.692249572341603 4
-13.56123051784594 -3.645727547465902 4
-12.96167805929225 -4.701337556229216 4
12.02747920590888 -3.79751218112724 4
11.4143488481976 -4.846564683137536 4
-12.34686136264818 -3.653590130271324 4
-11.7465009558788 -4.697951594359219 4
-11.13120639893874 -3.659550305428179 4
-10.5303439517432 -4.704386678502253 4
-9.914675607811716 -3.666945390403162 4
-9.313401090845954 -4.710742363526435 4
-8.697431266286053 -3.67462699262053 4
-8.09602168454596 -4.72811089973529 4
-7.479721570525415 -3.684251443568594 4
-6.877931665483032 -4.728386038734446 4
-6.261569656383242 -3.691397481708196 4
-5.659607991131342 -4.733864932132388 4
-5.043142409064525 -3.699027357326711 4
-4.44105134893034 -4.741768117302456 4
-3.824486058511618 -3.707149763669928 4
-3.222288575985536 -4.74856855629788 4
-2.605668916357326 -3.715203658297054 4
-2.003382911986645 -4.756725513074392 4
-1.386693897249343 -3.723489476869083 4
-0.7843429434617735 -4.763581904730335 4
-0.1676123079176317 -3.731596940277168 4
0.4346810591089442 -4.784641657763951 4
1.051531663242101 -3.742050222141493 4
1.653970230140243 -4.78186506343443 4
2.270773678472372 -3.748928512220412 4
2.873255609978799 -4.786654262470507 4
3.490077628504964 -3.756470662818132 4
4.092567442674895 -4.794344917950641 4
4.709413694504295 -3.764631274117173 4
5.311742472373002 -4.824730524029937 4
5.928696347384265 -3.776701506355666 4
6.531020574945836 -4.837378212177193 4
7.147928986508177 -3.786526921119797 4
7.752861962623928 -4.843848151206267 4
8.368854270874337 -3.79118137218384 4
-20.7861441804334 -1.501006015236465 4
21.10034825538103 1.362164708172626 4
20.51532662430299 2.403842328059418 4
19.31522039493958 2.408248858280153 4
19.92576977073563 3.444956284802564 4
18.72109749806621 3.449361598529344 4
19.32941859133628 4.486179640250318 4
18.12527712038968 4.492253355929273 4
20.53467609194875 4.480029305468003 4
-6.417453480915892 -5.773148792041835 4
19.27639912914899 -5.901012258194815 4
20.47769095848593 -5.904047171540221 4
18.07406378875351 -5.899818011160873 4
18.73497829361211 5.532378610630616 4
17.53310694835132 5.536734964298658 4
2.116607389135013 -5.80561762746341 4
-20.75465671921069 4.760740711860069 4
-18.41818961258855 -5.698116192806309 4
-19.62382037775331 -5.685721150662987 4
-20.21527340557724 -4.634952165283705 4
-14.79006921870515 -5.73818479894708 4
-12.36230778028273 -5.758726219643963 4
-10.07284801288482 -5.75913107946125 4
-20.83332055689842 -5.67354296809869 4
-3.979471110857857 -5.782250066712761 4
-1.541217771207238 -5.791389055557528 4
4.55520314081035 -5.841783653331564 4
12.01824142206103 -5.877418808470669 4
10.80138210138509 -5.893511974243676 4
7.133716119405528 -5.897793319287949 4
14.44717268745591 -5.909196956099784 4
21.07994973815909 -4.86650142867745 4
12.63968198530555 -2.753089190557168 4
16.91948409812111 4.497872966850349 4
16.33740537845848 5.565287347980524 4
18.14385154701925 6.577498920272179 4
19.34728629117022 6.572223556893029 4
-21.42231080956415 -4.608333506441387 4
18.67228694137791 -6.94511006666953 4
-21.37831940860541 -0.4634087910231893 4
-21.97955788275819 -1.492946766998685 4
21.50103382051288 2.275837976009619 4
-20.77506503466172 0.5670798024767758 4
-18.32928722301705 6.834051815571238 4
8.357617147409568 -5.899519767809622 4
10.81123554129422 -3.794694588973418 4
-16.00168205271216 -5.72716493536154 4
15.65950146250836 -5.909890870790701 4
15.04925721454431 -6.962002617922135 4
-14.14920800573644 -0.5038480508126445 4
2.887688532661534 -2.702168084137716 4
-5.645258027418513 -2.643522672388825 4
6.545650131610344 -2.727707378091784 4
-12.94797312752065 -2.600936599395501 4
-10.516622191889 -2.613222980297714 4
0.4464773778913081 -2.686723322893092 4
-1.991557698456155 -2.670268225613148 4
-8.082527227359011 -2.629120315119596 4
15.71793342798752 4.509115109606086 4
15.11091989006547 5.554413438887041 4
21.6689100958812 -5.902911606922864 4
14.51104255978808 4.522477513053458 4
13.90565364225303 5.567549548562803 4
14.56235603958763 6.708018293190925 4
13.29700505010404 6.616793142354055 4
12.68339039482368 5.568181154610128 4
12.08153985925058 6.645099920258752 4
11.46007622877057 5.581473787219373 4
10.8633388436705 6.657052582784502 4
10.24774241982159 5.586016477242362 4
9.646072670473973 6.663703356855544 4
9.030352229440206 5.592206198527464 4
8.427713616730623 6.670557535656528 4
7.811750538442034 5.598809220395099 4
7.208891306074812 6.677046176668673 4
6.592717681675385 5.605463832998858 4
5.99101873009884 6.721597890199467 4
5.373699609209443 5.618504918528803 4
4.771280774397783 6.716677980499401 4
4.154341067578189 5.624393358305843 4
3.550688937473572 6.699968144878122 4
2.934804871478857 5.627143982304212 4
2.331111043814325 6.702187489328221 4
1.715416669585531 5.632520830551025 4
1.121173952516481 6.719478947591758 4
0.4976547747256639 5.640861457808382 4
-0.07935623486950644 6.750679843372376 4
-0.723259173006231 5.641534688703477 4
-1.305292161793743 6.732703584863388 4
-1.938970674378589 5.653723639879026 4
-2.541906203539513 6.72506482135297 4
-3.161691434023368 5.655246049770689 4
-3.764543375838162 6.72857341048989 4
-4.380630299869528 5.664495960631443 4
-4.984162044001407 6.733194799264298 4
-5.599708368995035 5.671434024302116 4
-6.203209696896445 6.739640293815798 4
-6.818612740619767 5.678298327373081 4
-7.42204477952702 6.744393597481388 4
-8.03736008915077 5.684897227628683 4
-8.640696865904479 6.750794836133324 4
-9.255887723267634 5.691739610227615 4
-9.859104108875712 6.755627336001955 4
-10.47417209965651 5.69845513402449 4
-11.07719965643075 6.762032787251465 4
-11.69287217788888 5.705351427829419 4
-12.29470128805043 6.762457132681238 4
-12.91087166500725 5.711696422035402 4
-13.50988445983725 6.770755579250435 4
-14.12673027375628 5.71830243642883 4
-14.72617309745375 6.777775602393118 4
-11.09032472065526 4.654429629050336 4
2.319196496291203 4.579236713627674 4
-3.770209366882919 4.607377849455966 4
-8.652770175265275 4.631296187998798 4
10.85042093795925 4.528603029285663 4
-6.215266545571746 4.617062410027669 4
8.415423136921767 4.534941747729396 4
-0.1195348561765758 4.582240603828406 4
5.977130823641314 4.548121323315678 4
21.68751517093691 0.3268862295762444 4
-20.27609624960611 -6.763331516376338 4
-21.44978269009859 -6.715523757616857 4
-21.95373582314945 0.5812172441267828 4
-21.36531503536614 1.60321529756714 4
-22.54074146641128 1.617528092893244 4
-21.95537209671959 2.636719511037446 4
17.47034504484948 -6.927424299758044 4
-21.95634274377064 6.853388459481786 4
4.190054855593777 7.818969285888222 4
13.76645802846925 -6.91463689035253 4
-1.877492095480974 7.832422651814732 4
22.21180186535871 -4.899244713035923 4
21.68348930475905 -3.837340837050091 4
-15.34311078045573 -6.749433398312995 4
-16.59750829516594 -6.908496773045053 4
-14.21745975839496 -6.804922051987703 4
7.736619275139806 -6.932252003212011 4
8.965172477770764 -6.926044514612834 4
6.378176051277185 -6.931194192138735 4
-21.39055765448989 -2.529147277646529 4
18.10295434716131 0.3467991427710154 4
18.11535832738447 2.41246651680641 4
12.64515474831299 -0.6625374400050177 4
-15.34202068863055 5.739296124983494 4
-15.93324553228474 6.79118884693299 4
-14.74233960888587 4.680128008393777 4
-15.29402240228171 7.851606715300442 4
21.07423693946166 -6.925142573281001 4
22.19306446381808 -6.891235217645233 4
16.31878629962647 3.467218937436974 4
11.37059722811309 -6.900761932113704 4
-22.58363500113046 -2.475380527577423 4
-23.11321012491269 -1.434727473952814 4
-20.89907338984427 -7.788629277703123 4
-14.8065644867932 -7.841177754123584 4
18.74967847453287 7.622002426770824 4
17.56620127303409 7.631291175660847 4
19.98890294130513 7.644602415948505 4
20.55888843390798 6.569779988708118 4
21.18308116305545 7.62244058657434 4
21.76198135777856 6.561406230709043 4
22.36174237831768 7.695516815329322 4
12.73404606361985 7.75180077732009 4
10.28236074509881 7.748161337872868 4
7.834950334733172 7.734476044556626 4
14.37476360397191 -7.978466667343696 4
15.61034474182161 -7.95937825242243 4
6.904065987117768 -7.949576135839697 4
18.0261905206124 -7.934868845829198 4
19.236505210312 -7.943963345245323 4
18.22413212093791 8.789568139616097 4
1.749267034765823 7.792134359035527 4
21.58483341495586 -7.954687509740544 4
-4.337062936029316 7.836481563131973 4
-6.775466671220089 7.84065407856502 4
-9.232924368427609 7.816661818706818 4
-11.67237565314847 7.821567076458274 4
20.66195630218506 8.819171749056528 4
-20.17032986081973 1.605299595549444 4
-23.1479854860413 2.640706538371872 4
-22.65382213448456 3.661971944102457 4
-23.25456649129308 4.7482400281589 4
-22.05145137023707 4.764656843210354 4
-23.67464687510441 1.670640228361052 4
-21.39033607960314 3.694503858730194 4
22.99245614898413 6.546375570777917 4
22.35371814834735 5.517334645289198 4
23.33622842133279 4.717668101688812 4
-21.96772880764109 -3.532350530019024 4
-20.79924811928434 -3.572608851057281 4
-22.58069849177522 -4.56743363761833 4
-21.99897001800665 -5.625030315589564 4
-22.80002846256516 -6.604139104289422 4
-21.37434640806919 5.815336102571561 4
-19.521276503619 8.942134266979672 4
10.18345624333091 -6.914840868091962 4
-18.30005372521808 8.940120645931264 4
-17.71454113509147 7.869382747930855 4
9.582352663173385 -5.887478984654212 4
9.452601338495878 -7.946160891611052 4
21.15035652081757 5.52303471040152 4
21.75059686129874 4.48378211631093 4
22.7020249659182 3.623655101525193 4
23.30641874314268 2.79762258811537 4
-22.54832570024169 7.90438417147646 4
-23.15508728502357 6.852397797298243 4
-23.86671354070237 8.041165556970304 4
16.89777650334237 0.3582392032835736 4
-18.37433563358741 0.5656877217562557 4
22.12918547313679 1.45629290863617 4
-20.16470565704502 3.699706152348335 4
21.08885561612663 -0.707136186403363 4
21.68083412405565 -1.744605674676396 4
21.08264774378559 -2.783714128020483 4
22.23232773902756 -2.818907580429264 4
22.90834896787584 -1.757204727405688 4
22.24263178285669 -0.689554103268285 4
20.48283133990957 -3.82496350085137 4
-22.4850981372772 -0.4725999446839415 4
-18.96826282609842 1.610073559788689 4
-18.99599575271559 -2.556196787056969 4
21.33996087183109 3.359909759154116 4
-18.28789224343501 -8.949068394688325 4
-18.75657125431184 -7.882102146063389 4
-17.50128899735792 -7.889906003365543 4
-17.04162303917325 -8.928581974958707 4
13.86292884555233 -0.664377156136877 4
14.6349708863184 8.94477007538951 4
15.24390356512592 7.89105553478851 4
-13.52707546615882 4.667056739181624 4
-12.30915025015081 4.664474062273609 4
-11.70407268073797 3.638342573349597 4
13.99391546880713 7.832482708225802 4
15.79083151210953 6.728070816530568 4
12.17146139303223 8.867637477096975 4
11.51393609158759 7.757777721524944 4
9.71851399133088 8.890074700558589 4
9.064304790446457 7.781363711135408 4
7.277070222497828 8.898985051188509 4
6.628344357669343 7.818373880976477 4
5.412720657767193 7.866311645479636 4
19.88572582863033 -2.780836752222261 4
13.27169382095238 2.483326026907471 4
12.67022505588356 3.511164134654685 4
16.874387320072 -3.814630774611213 4
-15.85479065056795 8.944525085112023 4
-14.65864092731418 8.928317197426775 4
-14.10554300405793 7.839992089775108 4
19.94227823162405 5.525875975923827 4
10.83692388535276 2.503878933206781 4
16.26836546472843 -4.858470616233276 4
11.42697895519239 -0.6557172882534101 4
10.81580250423137 -1.702299492584528 4
9.595980365615063 -1.698691062041281 4
-9.87095953267216 4.643040481087854 4
-12.18931967853035 -8.949163230590203 4
-11.55000338976332 -7.909375055203819 4
-10.36095860064314 -7.904767539704094 4
-10.81230430873805 -6.855724064834579 4
-12.64867245448728 -7.923441615121504 4
-7.433860717677626 4.623944985427405 4
-4.988762522087012 4.623685189609432 4
7.763472129541516 -2.738920134336908 4
8.397099888563796 2.52553197676739 4
8.991576357999648 -0.6436172632866987 4
-9.755661171696289 -8.94638279162761 4
-9.146271816226978 -7.904254386550877 4
-7.927576067774049 -7.889950739243154 4
-8.392752356336729 -6.823974519542524 4
-7.173020301301094 -6.834369837778582 4
-6.683416181709994 -7.904598654198975 4
-2.557302761903974 4.605964761070212 4
-3.160522704564563 3.579449304377005 4
-1.339627220375771 4.59883710130579 4
1.099633541890374 4.58075016911617 4
6.553900761650849 -0.6288959805908747 4
9.633980350528223 4.528536200030523 4
5.959403887297041 2.528785750078252 4
5.324560089702011 -2.720168169854775 4
4.107077669176459 -2.70984541422599 4
3.500197174863022 -1.655090278113294 4
3.53094119816246 4.570612565018222 4
2.904927784050307 3.547274778063587 4
4.749127657490329 4.573304569400377 4
-3.211869557941432 -2.661977625346087 4
-9.767202600672722 8.936582295624598 4
-8.005989723653764 7.83846098193964 4
1.197480204153746 8.932959425528997 4
2.975191494148892 7.820898488986447 4
-1.219505518452552 -8.943873864065568 4
-0.6097556246398217 -7.90687815494301 4
0.6097191049073691 -7.890969692098098 4
0.1426849953936674 -6.839597894854956 4
1.32160102226403 -6.846777238642793 4
1.846266744948392 -7.912225659039718 4
-1.829239419310808 -7.910063959014474 4
-3.048747054103701 -7.909044149986042 4
-2.319472136410916 -6.869166137443878 4
-3.65853082993499 -8.947412517311367 4
-4.268288345147844 -7.909500669612381 4
-5.483819644207591 -7.910248942695363 4
-4.757463827228658 -6.863359089075066 4
-6.092912016988945 -8.950406741136216 4
-7.312519995118298 -8.948040583602072 4
-12.2066477999499 8.934942847327704 4
12.2494950866593 -8.965479648478196 4
12.98769773537294 -7.925222849353335 4
-7.317073170731774 8.943871458799464 4
-5.557834742654951 7.838394315602342 4
-1.228792131014329 8.923242135622441 4
-0.6555612022482641 7.850133158501988 4
-2.457855911138122 8.907641694954675 4
3.640461963819513 8.934284684446087 4
2.441856351757299 -8.947960165948841 4
3.052069408389154 -7.913925126057702 4
4.268821947361695 -7.915043212891203 4
3.778229482022426 -6.890101279902571 4
4.889560278194659 -8.95583589303738 4
5.580796264279206 -7.951534178102883 4
-4.878048780487864 8.943871458799464 4
-3.118583900773033 7.830448191108689 4
-0.7734684723623825 -2.678998148661844 4
1.666554907567027 -2.696186427714185 4
-4.429598054351708 -2.652019072220565 4
-5.036979648952981 -1.601382472926897 4
1.22281014990574 -8.949172805802135 4
-6.865857295385847 -2.638975881231865 4
7.196276486477642 4.541440179147283 4
0.4542191472502485 -0.5956182439246461 4
-9.299936660834181 -2.621476511144262 4
-0.137374994254789 2.567771117687368 4
-11.7336354138415 -2.608755090032239 4
-1.983331477727704 -0.5801786009929562 4
-22.05685683744797 -7.746212107245888 4
5.797977518812477 -5.883679478766123 4
-6.229513609187233 2.59576171962013 4
-19.60329166820116 -3.5933149633303 4
-8.074092545609721 -0.5446904351235808 4
-10.50664301268924 -0.5309084288238612 4
-8.664403800281695 2.618915764177034 4
-10.45067260262291 7.839024865233831 4
13.85473060425436 -2.758102174717472 4
10.19772302337516 -4.841205925423695 4
9.59052232491112 -3.793832840996557 4
-14.74649602145836 2.63364437944918 4
-14.16178750946931 -2.594358448334732 4
-12.93652661532647 -0.5121485198219414 4
-16.59767803771706 -4.671843853852113 4
-15.95363891489547 2.643499701059761 4
-13.58099570285097 -5.739491922834596 4
13.22177513417999 -5.869820409506749 4
17.49246317003763 -0.6873264140275147 4
-15.36009132174868 -0.4943033791806802 4
-23.86084439567342 -2.391091712422907 4
24.01671076711372 -1.175220395744076 4
24.03971800381625 1.111914281516102 4
23.97684084585453 -4.621613324227717 4
24.02115173844826 -2.351482618564171 4
-23.97676308413407 -7.076141377418868 4
-23.90048615036056 -4.663573906425034 4
19.86883215824497 -6.914881355443981 4
-15.97167081113382 -1.536245516812367 4
-17.74321066975911 5.783101560541881 4
-19.57515987666213 0.5670718422975393 4
23.96540690157508 -7.139980257882404 4
18.71029787585812 1.376066740604601 4
17.52149620579472 3.457326643614812 4
-18.92997896088628 7.879891222301787 4
-20.19569858629999 -2.540163062349668 4
-17.20959989701463 -5.718793422038445 4
-20.76839139018137 2.648887575303033 4
17.47524362861412 -4.857677465522415 4
-16.55326740176374 3.689750940207186 4
14.46507655329455 -1.71387784392871 4
-14.76191594627568 -1.544227848984927 4
-12.89306714507758 7.817010263894954 4
16.25690020973778 -6.920669510789878 4
8.974988565394582 -4.842844507045698 4
2.894172579350311 -0.6041742736844293 4
-13.54947864097266 -1.55166187251335 4
8.376568649640728 -1.692095809205801 4
12.03503323026889 -1.705558550508636 4
7.161001011311978 -1.684842554684103 4
5.938405865954911 -1.674223571471822 4
11.42269666259181 -2.750483599399499 4
13.25043432783145 -1.709590392642313 4
-12.33594657406065 -1.559838380027099 4
-5.639575648888387 -0.5518485578531982 4
4.716185712218934 -1.664057306889759 4
8.980611156348669 -2.745236591206756 4
4.112683989185602 -0.6111617439094564 4
-11.12076541511936 -1.567331486179263 4
2.279957143540027 -1.649945017588578 4
16.86740326653194 -5.895658462375864 4
-20.68536820061964 -8.958973728525727 4
17.51200883868649 1.386154971014378 4
1.059265896858369 -1.64340280291931 4
-9.903929337924076 -1.575538621427042 4
-0.1608428891714688 -1.635334397938319 4
-1.380194927837735 -1.62716092110189 4
-8.687274790131612 -1.583085973865918 4
-2.5989731931121 -1.619477105127157 4
-3.818848925231825 -1.609138694615871 4
-7.47012844671027 -1.590801873337443 4
-6.252495798861837 -1.596469571887075 4
-4.421603774790846 -0.5588954475415717 4
10.20280809249871 -2.747539695867006 4
-17.13771169756994 6.819180896036094 4
22.92297140780016 -3.956853632421736 4
22.92644610782212 0.4642766178687128 4
16.91626159954937 2.427566519369765 4
24.05751917021122 7.055892030959832 4
-19.10184799404231 -6.772415486609029 4
15.69886196708037 2.441005479609025 4
-16.54916233256516 5.76665898514959 4
-15.95013277587274 4.715008315810229 4
15.11149213232317 3.482501579341098 4
16.96116595736674 6.596289920400532 4
-17.90032348039209 -6.785256293214664 4
-15.3587050942475 3.672773494357043 4
13.88850924546353 3.499716801245382 4
13.32039516976897 4.53421806880301 4
-16.50270101119931 7.867741436356786 4
-11.10319704902847 2.609038483721522 4
-14.14111630882474 3.659865472017064 4
22.79720063509262 -5.886513511456152 4
12.04116080807642 4.54014194460262 4
-12.31886681569878 2.614482057191307 4
-16.4973577931085 -7.998649988384701 4
-12.92526469931276 3.648625644697727 4
-10.48665632005335 3.636211740746067 4
-4.38929743161739 3.589431458040018 4
-9.267858906084943 3.628424754076009 4
2.296620506355658 2.526269429275699 4
11.45634906447625 3.514766311461924 4
-8.049950781695124 3.621593596407557 4
10.23641388084483 3.520628995586803 4
-6.832002162619357 3.613046761996661 4
-5.610233721469355 3.602750600962615 4
-2.56903079701622 2.553856070326013 4
0.5573331994169339 7.855492384951887 4
-3.786234683961216 2.559104214358829 4
9.017445334208068 3.527651774229802 4
4.133623586067165 3.543841208915137 4
-1.960098828109982 3.586420987539759 4
-0.7388040020913509 3.580295229174304 4
7.798397822770768 3.534564762213629 4
0.4798859950952197 3.572088762373249 4
1.701060880450448 3.565868138508266 4
6.578497394427473 3.539112501092837 4
5.355495016404558 3.542734432568877 4
3.514740759125277 2.51836221677745 4
-14.50430681654848 -8.931762100069097 4
17.01924140687521 8.789030853163379 4
4.84410575627249 8.925295855716413 4
23.15547992751914 8.787985502965467 4
-23.08341045603397 -8.863424465225217 4
-13.06593526017377 -6.830084857119015 4
-22.62022523810406 5.810378239570753 4
24.00562211648776 -8.250458265236464 4
-11.1734484882389 -5.717876511422456 4
-9.582825483478796 -6.824721531347414 4
-8.741357269234765 -5.715594129633541 4
16.40583370851614 7.763268293223883 4
-7.616422792969577 -5.76726403624437 4
-5.928734844048863 -6.833151552812593 4
-23.19572851272871 0.5050891583378919 4
-5.197297100518825 -5.787923758346182 4
-3.498845133471537 -6.842401393511659 4
-2.760779606653288 -5.798416787099683 4
-1.056414329330338 -6.841001189604182 4
22.01869025066222 -9.001713542471027 4
-0.2108994619160654 -5.745379017532962 4
20.40968528517847 -7.935612774511284 4
0.9463315170386229 -5.781267314499371 4
18.45628777015335 -8.981567451539858 4
22.87106918401967 -7.851668145167938 4
2.598514403153557 -6.851538703442024 4
3.335729577962507 -5.828340074093452 4
5.059867400760556 -6.902222665855512 4
16.82189734518146 -7.914327283543699 4
10.60712019075166 -7.975008588418728 4
7.453581724188393 -8.969664213897687 4
14.81062082269731 -8.993551879985944 4
12.52707167034619 -6.916362027254785 4
9.888790205482108 -8.986148883433456 4
8.198426180782135 -7.95573103509556 4
-23.17964108479283 -7.705042234365291 4
-24.11913573010597 -1.162293248853934 4
19.66040842369346 -8.973617769579874 4
-23.04503664878384 -5.482527385733404 4
-23.05727318703312 -3.467025261168556 4
16.03329190933066 -8.996942271381158 4
-24.17655535397186 6.969702080267991 4
-11.93544528028067 -6.83253805389089 4
11.80404836849278 -7.944645069131601 4
-13.78140165961473 -7.920754756836422 4
24.17126816058938 2.33484251420304 4
-24.1491643328382 2.523762947691017 4
-19.87903560013171 -7.962772888335873 4
23.22070411191698 -2.941176470588208 4
23.22962246724048 -0.5882352941175962 4
-24.10033565769645 9.111250061941883 4
-24.26171359544121 4.710286784050508 4
24.1095319215859 -9.12078277451022 4
23.17055574276795 1.828702352040414 4
24.30266923999441 4.705882352941177 4
24.20462845409486 9.165447297394801 4
-24.13431379939609 -9.146471306386625 4
23.33087443262185 7.660298298455271 4
23.13939446433375 -6.730734066058459 4
23.15448940390128 -5.050280736915076 4
-24.20096946350279 0.894066501787831 4
-23.41052843024486 -0.5618383951148237 4
22.3845112786608 2.62850680595813 4
-15.72779365242221 -7.637093034249915 4
23.16566114189613 5.650318637567083 4
17.07317073170738 -10 2.962609639368096
21.94806416930127 -10 1.044594041667631
19.51219512195127 -10 1.056128541200525
14.63414634146348 -10 2.943871458799472
-17.07317073170732 -10 2.943871458799466
10.96031628784844 -10 1.047298853190002
-21.92346814493812 -10 0.9830895550903733
-19.51219512195122 -10 2.962646371476978
-14.63414634146341 -10 2.943871458799466
-1.219512195121901 -10 1.056128541200534
3.658536585365905 -10 1.056128541200534
8.536585365853753 -10 2.943871458799464
-12.19512195121951 -10 2.943871458799463
-7.317073170731682 -10 1.056128541200537
-9.756097560975599 -10 1.056128541200537
-4.878048780487781 -10 1.056128541200537
1.219512195122 -10 1.056128541200537
6.097560975609824 -10 1.056128541200537
20.73170731707319 -10 2.943871458799475
15.85365853658546 -10 1.056128541200522
23.23658777031605 -10 2.965993940205803
-2.43902439024388 -10 2.943871458799464
-23.23634754935723 -10 2.965866164169753
-18.29268292682927 -10 1.056128541200534
-15.85365853658537 -10 1.056128541200534
13.41463414634158 -10 1.056128541200534
4.878048780487873 -10 2.943871458799464
-13.41463414634146 -10 1.056128541200536
2.439024390243965 -10 2.943871458799464
-8.536585365853639 -10 2.943871458799463
2.842170943040401e-14 -10 2.943871458799464
-6.097560975609735 -10 2.943871458799463
12.18419804532728 -10 2.991040768627028
24.14954484369924 -10 1.532773069431569
-24.14953733468611 -10 1.532773069431596
8.536585365853767 -10 1.056128541200536
21.96245429211971 -10 2.985233450125925
-21.94686350394575 -10 2.97517545548922
-20.71568933377554 -10 2.961084911214526
-20.08863096750899 -10 1.968635265357987
18.2926829268293 -10 2.965732669462874
17.68292682926835 -10 1.989164522854508
7.317073170731817 -10 2.943871458799415
6.097560975609841 -10 2.943871458799438
7.317073170731817 -10 1.056128541200579
1.219512195121961 -10 2.943871458799416
20.73170731707325 -10 1.056128541200582
-2.439024390243887 -10 1.056128541200536
13.41370524277924 -10 2.966973795077448
4.87804878048788 -10 1.056128541200522
-4.878048780487788 -10 2.943871458799463
12.17727957159552 -10 1.027117724788048
-8.536585365853636 -10 1.056128541200545
-12.19512195121951 -10 1.056128541200535
-17.07317073170731 -10 1.056128541200537
14.63414634146355 -10 1.056128541200563
-9.756097560975594 -10 2.943871458799463
-10.97560975609754 -10 2.943871458799463
-15.85365853658537 -10 2.943871458799463
3.65853658536594 -10 2.943871458799445
-1.219512195121933 -10 2.943871458799444
15.85365853658542 -10 2.9544323512393
-14.63414634146342 -10 1.056128541200536
-10.97560975609756 -10 1.056128541200545
-13.41463414634146 -10 2.943871458799464
-3.658536585365841 -10 2.943871458799439
9.75354864960083 -10 1.035918745963503
10.33229299210086 -10 2.032579113592441
-18.29268292682927 -10 2.954434052303403
2.439024390243944 -10 1.056128541200557
-7.317073170731685 -10 2.943871458799465
-6.097560975609742 -10 1.056128541200526
5.684341886080801e-14 -10 1.056128541200554
19.51219512195124 -10 2.954567842965625
-3.658536585365841 -10 1.056128541200549
-23.23460631667346 -10 1.028549648635997
23.23813923442339 -10 1.037335554044951
24.1754962301323 -10 2.46922839947779
-24.17544743279051 -10 2.469207103471788
22.52586095789332 -10 2.005684522224916
-22.50298967845748 -10 1.982234605032004
-21.31814577363485 -10 1.969033368156875
-19.50656269596903 -10 0.9948197835107196
18.38444373632476 -10 1.003150413137378
9.750504116569722 -10 3.005429852265416
16.981409922212 -10 1.003150413137292
11.57242911695839 -10 2.025722833734775
21.34293419438816 -10 2.00095014730529
20.12195121951221 -10 1.999999999999954
-14.02439024390244 -10 2
-17.68292682926829 -10 2
-15.24390243902439 -10 2.000000000000003
-12.80487804878048 -10 2
-6.707317073170699 -10 2.000000000000001
-16.46341463414634 -10 2
5.487804878048848 -10 1.999999999999997
-5.487804878048763 -10 1.999999999999997
14.02439024390259 -10 1.999999999999981
-9.14634146341462 -10 2.000000000000003
3.048780487804933 -10 1.999999999999998
4.268292682926887 -10 1.999999999999987
-10.36585365853658 -10 2.000000000000001
-0.6097560975609468 -10 1.999999999999999
-7.926829268292661 -10 2.000000000000002
-11.58536585365853 -10 2.000000000000001
-1.829268292682897 -10 1.999999999999985
-3.048780487804859 -10 1.999999999999995
-4.268292682926823 -10 1.999999999999995
1.829268292682968 -10 2.000000000000007
7.926829268292764 -10 1.999971333164897
6.707317073170817 -10 1.999995222194143
15.24390243902454 -10 1.999999999999967
0.6097560975610072 -10 1.999999999999996
12.79777272781742 -10 2.011163943904636
-20.71670370269955 -10 0.9859296620193257
-18.90243902439024 -10 2.000174477748661
10.96510729719191 -10 3.009128761369943
16.46341463414645 -10 2.000172001010689
9.146341463414686 -10 1.999827998989397
18.90243902439027 -10 2.000172001010721
23.45422874429815 -10 2.00157364076926
-23.44369849684502 -10 1.997819448034807
24.23851436106528 -10 3.287044467936718
-24.23845655740516 -10 3.287014653528307
24.23363437660014 -10 0.7140217246953035
-24.23292629124752 -10 0.712264543613518
23.05027194135133 8.039347788690829 2.053815529190369
-23.05140088862863 -8.038003503094119 2.030960327772123
-22.9422342729695 -0.8894107534065439 1.999999999902792
-16.03059230547534 -7.992370980830082 1.999999999892984
0.8522057205007518 -0.8189722522035602 2.000298724552908
-23.04470245261242 8.034560225620709 2.058212782685919
23.0482852716172 -8.037654066498002 1.938207950860357
16.46140069417478 -5.438565206434299 2.000144457461721
-16.48701783194018 4.449999999999999 1.9950894708608
-20.78192025492773 -0.81081429437032 2
20.95994895173591 1.968431603634065 2.009776256092793
-20.76835155459109 1.907246434518562 1.999999998594886
20.49327593459683 -0.3592500933105275 2.002886070333953
-18.38050677386184 -0.8248677995669722 1.999999892309446
18.09178490842836 -1.03788700095469 2.000339885736714
18.11402951086233 1.722742953428214 2.003580478610655
3.579469474713362 5.253191107027757 2.011955343705081
-15.96689201711945 -0.8385927332771708 2.000001215183927
-14.69269512156654 -6.372968767882426 2
-16.43450472536952 -5.230621505657362 2.000000007651516
-17.16196426587073 1.259759379724502 1.999999726504402
15.6721991051486 -2.415946869817581 2.000105652934527
-15.37723174889057 -3.284908208996094 1.999999983653181
16.40596453568903 4.910258022573089 2.005100513158776
15.68969537150252 1.074490304038253 1.999804917827084
-14.74364087477181 1.247294274650556 2.000004374201455
-3.564010507173431 5.277964653307967 1.990018918483195
-13.54507365573238 -0.8535968871114017 1.999998554063783
14.45230514277184 -4.508123914883078 2.000107679582507
-12.95178897889814 -3.301073098733068 2.000000129269258
-11.11186407655441 -0.1763560603012674 2.000013124098754
13.24863617112758 -2.409021820464376 2.000265173428241
-8.680818904298661 -0.1910081709436883 2
14.49826037861879 3.871408175871918 1.99194841413902
-10.5208266502634 -3.314421287665114 1.999999225183472
13.26245074025689 1.089253447582331 2.000045859025764
-8.057425470230065 2.264477551079514 2.000003281274657
-8.085820562947394 -3.330761467036984 2.000003374540554
-6.248544212598351 -0.2035024457030604 1.999997081606638
-1.401744162932681 1.900226913201972 1.999137299339161
-4.431513895271974 -3.354168299898121 2.000002171236262
-1.991505534723545 -1.928096100334227 2.000015295651782
10.8270297129542 1.103566084332375 1.999983977408319
10.20770168250902 -1.350648204328537 1.999505684801346
8.389106069132449 1.117576378101211 1.99998970346299
5.950649311000036 1.131214701183279 1.999975942041572
4.102077891245443 -3.412075623550149 2.000032825993149
-3.809342202388644 -0.2165247007855998 2.00000833445912
7.151357590701628 -3.081251519676558 1.999555257605184
-5.622255628483373 2.25024119887023 1.999334812222998
2.900296996423553 0.7965978675368369 1.999689018331367
23.00148767682744 -2.352941176470588 2.005876117182841
11.41854837215824 -4.145317475087707 2.000124439249455
12.06017408732256 3.199676450150616 1.997059614406062
-10.490820512663 2.277600118861376 1.999543409688326
4.721201438748349 -0.9617761655069808 2.000436976673552
1.068674274887619 1.857754045083819 1.999959095895635
7.161037656925878 -0.9642652360297258 1.999840765526931
7.190816288293297 3.231902303755388 1.996139184329299
9.625140203642982 3.213547219145686 1.997273651727906
8.984129328926704 -4.143112351989078 2.000776770505195
-12.89888348152935 2.276892192319345 1.99679612736674
-8.042364764405916 4.376773908333157 1.992336985052506
-14.13098998484071 5.01922127939491 2.008425750762184
-11.70191760124138 4.39490920975976 1.993894024576356
-5.605656838539818 4.364081010400553 1.994841269867507
4.750909228209492 3.241876319952882 1.99520606531828
-14.10527152856168 7.131530456703461 2.005538779436102
-9.866915316697021 5.440316383931247 1.99383123010915
2.331468351712829e-15 -8.008914266738792 1.988712902696771
-6.252020662161394 -2.30479292074241 1.983149255338093
14.46908911327605 -0.7066192114886684 1.999900412148008
10.85284491417632 5.299679882732983 1.99557031887702
14.51112779032696 5.968986232735637 1.977449848270304
-11.6880216429312 6.503710358959406 1.996943685205129
-17.11288083430584 7.632628733355149 1.998098301878515
-3.574585841804868 -5.266859077761429 2.000006681906191
-3.371142532332792 3.006581900664714 2.002810566797565
8.419126403327084 5.240248454164656 2.013990443300465
-5.589894191755548 6.465663728639834 1.98069513146036
10.19023000202597 -6.221345500103286 2.002995857262623
-23.01111999955433 1.184658226014904 1.974468772963887
22.71155074812085 -0.2848623922256491 1.999845951027324
-8.011055097764268 6.472192513145666 1.976533567430915
12.62223100225918 -6.225683701217452 2.002383206215941
2.471068906405229 -2.140322260674273 1.999861652916466
1.066666666666669 7.985705101067598 2.002556181068313
-6.274197208890396 -4.416853339046789 1.999993296396192
7.148996315582131 -5.197936866940513 2.002416938929801
5.979386167033699 5.254677443673345 2.013776679743577
12.14454484174699 -0.6433508063422826 1.999836822438267
-12.09000032843671 -5.207674540805503 2.00000014102619
16.00409820283802 -7.480164535304679 1.999922526417834
-9.813415484564311 7.528704259933489 1.970906414075958
22.87801950501672 2.53559911254669 2.063161994733859
20.8704325868828 -8.016294839972547 1.961612277943784
-3.717352536120131 7.441188384127787 2.012780089155014
-1.219512195121988 8.022256755605476 2.016099103945532
-4.878048780487793 -7.999237959466834 2.000006535771639
-1.061794103458527 -0.1117227354686924 2.038365922419406
6.097560975609735 8.009846343695468 1.996469657108808
3.65853658536591 -7.998698968714594 1.999495181203038
-18.07343246601965 -7.994829853787176 2.041288798880458
23.17402394064248 5.55 2.152374037684999
10.92721642427982 7.417131122760008 1.992798344462284
-20.7402759207983 8.030898644493178 2.03599602530756
8.467251141252818 8.043151519638233 2.103064171984343
3.511377171567319 -5.3804058891575 2.002061467675284
16.33620097037801 7.001548520437371 1.972792902114504
-17.20693486688416 -2.455398186371177 2.079324283405892
3.176360573434403 7.294693857304496 1.996727215604638
-7.31707317073168 -7.996922301651058 2.000008484581355
-10.97560975609755 -8.008050613533079 2.000000013862154
18.29268292682927 8.047509213333237 1.967087446399695
-2.438989127336932 -7.901517661702599 1.999998629446189
18.84226565450036 -7.971962502662064 1.995550742051727
16.49829882751997 2.908379697525675 1.913000366217657
6.097560921521533 -8.011514740914212 1.986191830184252
-9.682873177838173 -5.242362759501792 2.000001381925843
11.31586740952424 -7.951844049846598 1.994160927245467
8.352619259118567 -7.270231010254841 2.004181953880495
13.41467867470113 8.002277612703878 2.000398466624478
23.16421335437382 -5.548879368483718 2.203427013484233
-14.94252654980018 3.215066088039408 2.11619969162635
-13.21483541827609 -7.837179319009353 1.999999961163883
20.73170731707317 8.045214643379483 1.959443109790781
-23.04859048311349 -2.840232007468245 2.133071248460914
13.73568889970174 -7.959611930492008 1.951605738499297
-18.85560424002396 2.193697225397758 2.15316304866644
21.06939405283065 -2.208844323784021 2.144641652788262
-6.796252123564543 8.028191531588979 1.968207577750871
2.896134941235293 2.722987854374178 2.171753267841614
-23.17341925888487 -5.549999999999999 2.154789902645757
12.79513737302009 5.019363490938206 2.115392254012649
-19.58957630435676 -2.246846994649779 2.241040288153477
-15.79919782129634 6.238277872034322 1.820988891005321
-23.48503687094805 5.500699421546722 2.448136962570241
-23.11110825623233 3.073315373335606 2.150783905688739
-7.528543905101129 -5.993391128143539 1.999999781459227
5.372726904618695 -6.137126917638172 1.947984434573952
-21.06666666666667 -7.89607425605853 2.020151840016832
-11.72867265423409 -1.917219348800717 1.733203697471007
-9.294001372372126 -1.933463652034329 1.734682296193846
16.3005132932182 -0.6529154938341277 1.839069043639345
-12.54988096175821 8.155137783653288 1.826592222504429
-0.2037305332540937 -2.311795563155481 2.279020714946735
-9.148851180619797 -7.177339119312476 1.928615396737683
-19.57325422173296 0.5422162141942186 1.822736013384626
-18.89384222350196 8.146563381451317 1.84214797131198
-5.323560777181395 -6.109615910105086 1.912433991323015
-14.17347426274649 -4.637970442830575 1.819214810705599
1.829318945504197 -7.859911032930192 1.840588114702831
19.27391766077897 -2.374499865369262 2.305354997980684
17.42508170846255 -2.680506103997974 2.217240060686956
14.57251160699794 -6.33651310376849 2.210224394222677
8.573832363538541 -2.029275119228898 2.255571627150339
-21.31846103254809 -2.445390414462728 2.263124509150001
-15.46347895297554 8.252115036653139 1.742921344478184
5.723419017792302 -4.138348475280734 1.745131293010838
7.207141412726681 6.583267125560787 2.185294946947162
-17.31060850358615 2.955437556697634 2.30457516470215
-3.024593246047888 1.318366313812561 1.724295444834544
4.874735031284517 6.680961298008773 1.811589304858823
5.54280303303702 -2.472787307797594 2.287723671870268
11.53490987247 -2.435319840827506 1.707105574713643
-12.6363168359166 0.5910618393526649 2.297010130217483
23.35230942760978 -3.968301641555976 1.601340132484782
-9.629084831606015 3.751065271333671 2.307888889885435
-4.679033684313236 -1.674579717857025 2.312800164424698
19.00014776687118 0.3347948363801513 2.345574790468306
-7.743930567258092 -1.569421568522296 2.324410366985906
4.353637327318993 1.619032936323014 1.679794061687753
14.48298920069048 2.213613168798303 2.328288483558026
-5.133798777880613 8.351067727761571 1.611338746640931
9.674554881432304 -8.387326548499777 1.6593645962136
-0.007406850698413486 2.914696240528841 2.465533319930816
-2.800000773094604 -3.345227141672694 2.378183530873993
8.812982124660294 -0.474130163576868 1.663091730132477
-0.08106595539815757 7.057991744833661 2.481065955398158
-8.408657315963422 8.407692746995926 2.357612331011826
19.47154164805897 2.594667421666509 2.364673831971607
16.41848002476851 -3.835438081062243 1.591077117713066
9.452088222083987 6.580459192057885 1.700258030122766
-17.05389866032571 -6.731620652647928 2.002472169511382
15.13374803197684 8.264442505329871 1.681142773032453
10.10301280391525 -2.968912263641204 2.357218296302087
-6.833788336936314 3.310578550970181 1.616952778298903
4.467097543283318 8.346258007028087 2.395100023605869
23.406926957333 4.021550204291299 1.561927209489409
19.89676829790019 -7.011752171746864 2.503231702099805
-17.2381846648193 5.818460813829571 2.453721199254335
-6.818227635111763 5.403548024059974 1.602821502660247
-14.76215507101486 -1.842426594741721 2.407462502175402
-7.45952942690962 0.8058097727963587 1.598553446231678
-9.890294511680654 0.8199786073661396 1.598495275183369
17.54068942248611 -7.051225784712614 2.368779240945786
-5.023602229024907 0.7907519633266408 2.399783828057086
12.97952139796555 -3.958023761717154 2.40540118107869
17.39188397021931 0.3563546107921384 2.464737400141128
-21.57443108183523 0.5522061933284312 2.414703866799932
23.49673305736615 1.092825404180472 1.635613083544322
3.173072725464631 -0.7431180029284817 1.587168905594717
-22.01012009209417 -4.92684100833908 2.726587934602527
-20 3.068717909038124 2.416465953490131
18.0070094512947 -5.245234745701758 2.716206393154728
12.41580126595567 6.664482995828211 2.331229921587335
-13.14375768801243 3.813083840766572 2.413070103451357
-17.28577195903576 -3.984637810898159 2.46612582867831
17.34148288231028 -8.458037474561348 1.552771158153103
-11.05763629817363 8.496134426528359 2.387037102994468
18.00330832325615 5.113209610838906 2.718449501056878
-1.966526023506344 4.699832713026458 2.700167286973542
8.679614097779524 -5.708509305799091 2.399397440144258
-19.83457522179209 6.997350690685083 2.565424778207908
-10.90275109345983 -6.357136885014897 1.618513990977229
2.719842002575149 -4.069559398013471 2.490409438575605
19.78498227240949 7.054002634880932 2.615017727590513
-15.94816949871717 2.152192440214729 1.504242519247617
0.2698364573295904 0.5751799853010313 1.523641493651427
21.91914046271256 5.271448765280337 2.671448765280338
22.30564754528942 6.772052016081819 2.559972113178357
-14.58735264704699 -8.556359699019175 2.305209098043876
-3.452162482840634 -2.22012941101942 1.491470254718638
-19.86048882609964 -7.073175953618521 2.539511173900358
-18.03227054930176 -5.156007788612984 2.700896636786813
1.990108321297164 5.090287763512871 2.714459588664948
1.962519236348999 -5.250191907811578 2.697738931120606
1.195920358264536 -2.960666872137006 2.53270183066289
-19.48710401402045 -8.577077764009887 1.667315062426854
-21.50134438344371 3.079442175770214 2.619825593166849
-2.653044096365064 8.527756436732009 1.586760216890789
21.91285117371358 -5.15959338410106 2.672302532045965
16.8100195645539 8.498791129772451 1.555006990540464
2.646872476956442 -6.63517164876625 2.396403619225267
-3.701263405560534 -6.883521928323602 1.646750613873587
-1.950107975826704 -5.290216955046487 2.690216955046488
-12.72673192142772 5.456820078179272 1.503432852918235
-10.50887114015025 -1.47885908059408 2.578800527692363
22.31605745299443 -3.719328962459007 2.650224333002156
-23.60294144651231 4.3248889190276 1.457340704529927
-13.19675505268593 -6.224946144981896 2.530889823116758
-17.17123056023479 -0.1348397528896738 1.363092526331289
-17.84340430153295 4.450000000000001 2.623951895823499
18.06164114112248 3.118638506082181 2.614896925303239
-14.75190582489782 -0.1503758647430061 1.365414928483458
14.4583862345467 -3.108811038245476 1.366174509239602
-11.49130970431536 1.225139110054314 1.483399905188735
7.17380203382875 1.826680864084958 2.628666543859591
12.04883823008935 1.796439104722534 2.628663413495742
-2.290391808335583 6.963794247811429 2.466975448770376
9.612345938309215 1.809768388552425 2.62948813324723
-23.11500444415575 -4.200869363662054 1.403114304617204
5.941671239439128 -0.2712419747718404 1.369743271470297
-13.98366491294897 8.568526020538659 1.406254416897642
-1.066666666666666 -7.031530380183035 2.405887482626842
1.491716746489975 0.4764925384534482 2.522896509419286
2.43902439024388 8.617292955656191 1.725020378895828
-11.69434369669681 2.992537513290813 1.368313458324131
-2.413002778763679 -0.5546292574610002 1.469785979775066
-22.31589549863894 -6.77727351057238 2.541632920057434
10.84654345641919 3.898552979378149 1.368972620516228
-21.89699541087973 5.258027521745292 2.658027521745292
-22.26347495192263 6.702118834895135 2.545654073479753
13.45091668155829 2.908214254062356 1.450974576681611
22.21470697819677 -6.587564415914127 2.576339740668522
11.98037914961444 8.525218274805969 1.580368331547376
11.40529819607993 -5.54417925165076 2.638905580236361
9.940320879464359 8.55396783599698 2.393990838907408
3.508090969737988 3.870029926444122 1.378346768804677
4.254368926314932 0.3770420785927113 2.554261002943804
-9.29311945449003 -8.573378143407801 2.574070901844749
9.922847940702255 0.02637664616026947 2.567043895802747
8.413154828697575 3.869850964972683 1.359030165596519
5.97316943182043 3.862049495934474 2.646488510554825
17.65326934449328 6.573961127784969 2.572818413374758
19.46461987065724 1.424824673057065 1.4304859580663
21.57102819403034 0.6338614628798396 2.490701645855407
3.855484550718952 -2.046497755038983 2.58846409365887
-23.64576442723067 -6.791591153270034 1.518887794245571
23.64397186934787 6.798401333364299 1.529472239948747
7.516926536605414 -8.538591450012392 2.404075827306314
-13.74092794849484 -2.196719886222288 1.376774271377541
-8.852767187988009 1.159520609721041 2.623325711887935
-1.998035780666946 3.142896569702121 2.574342459382559
-4.251306764382499 4.079035808536656 2.584295972703914
15.03268156650853 -8.565313298573775 2.532439767079045
6.924679895990939 -6.714363018232893 1.474669618921742
-15.95639439947611 0.5568764981343255 2.513140170990701
-18.44101126139161 -2.185201492716874 1.31626774764177
19.43837345196789 -1.212363488299227 1.388727787862438
-18.42931183620795 -3.069052331343636 2.628467373572341
-11.74023738544108 -3.901514773737487 1.34973192832417
-4.714583024487085 3.279613096945339 1.411607811877216
5.968191055014855 2.536355261089931 1.493667656105024
-6.443125898689495 1.176114814472377 2.619059022135207
-13.01405766342301 6.352266474714184 2.658908390239419
-23.62503880741242 6.773973139419443 1.51544662404406
-22.10655126199132 2.238599656627424 1.429804713947295
1.541047988713734 3.120097898496904 2.601904265063791
13.1976774116356 -5.005905442007447 1.36850822628642
-12.22603262146035 -0.8830264653172707 2.66086961042296
-9.307726091384678 -3.933237655159088 1.353809201328493
22.37539114613833 3.880361061397097 2.594051034837467
10.89171709578709 -0.217881322186669 1.340954399776892
-1.359339266486054 -3.156939437418421 2.637478605985166
10.20058290069459 -4.826791030821866 1.486701892608595
-8.309126884282893 -4.767131753997952 2.48347860045862
-3.183291753479494 -1.372737809407355 2.668387921037036
9.656245102804901 4.59999221070657 2.519890553220435
-18.32037996024453 6.97686754927332 2.532592381778057
23.64154506633097 -6.757729996839082 1.503366937284718
-15.99114097667852 -2.138661009866389 1.331871712533898
-18.30310290020961 0.5283421978012963 2.542325004255893
-0.1747731597818829 1.412398314150735 2.649748802329962
-9.899600425925087 -0.6598819143438746 1.329565786478539
-4.305127473103637 2.055354792175075 2.627352855486085
-0.7691020961266926 -1.357604681960206 1.311493914079698
-2.048580352076383 0.7689180157224789 2.669021133636629
2.166866488872682 -0.8608749271372631 2.645489188338759
-5.031311417093408 -0.6541859086032491 1.326054927984921
16.81870309136904 1.705717907843331 2.670952998939462
-9.271540570757159 2.7263223106065 1.326625790384579
-1.243804933132008 -8.56754016882268 2.567541179491952
7.166520292692378 0.5235658217425944 1.459232433548057
16.97064015425053 1.14535703034811 1.322600947752489
21.62680351751707 -1.07581384743482 1.35462102507596
4.770737293918618 4.604723135515236 1.462815087382662
10.83931485308461 2.611445370438287 2.54296537030216
8.403222874215277 2.625759752510434 2.542135874177989
-4.880927621127173 -4.703823747607309 1.457167830653533
-23.62495686668364 0.1348103823076828 2.695443210752857
-23.6341436400395 0.1026842031131267 1.296683602519702
20.29578804715383 -3.112206022121679 2.766026358897669
-22.27449794788406 -1.955032578239163 1.320227188118584
1.727687225536422 6.818922594940101 2.645678049861642
-17.12607483272374 5.402240150470613 1.177549869484818
-15.39617672498905 5.078788436646515 2.711720026698762
0.9189467418604038 -2.130345631706454 1.366799705886449
12.53338023563249 -8.626757499366317 2.52764896436493
-16.43161698699977 -3.972080460651839 1.316791539102686
-15.21906034386019 4.378700066018935 1.303086716821009
15.71012863412495 -4.426420467478855 2.697448621400663
7.235879063808333 4.57933194912343 2.545295342975277
13.22201531270038 3.748348717547898 2.676456498032745
-15.17161318607953 -5.204108005092981 2.68070194776775
-13.08716386476951 -2.038242240842289 2.680732760778317
15.73952473725327 3.827365121202585 2.72769729253623
0.8964038002717227 -7.023248154333388 2.605763793764293
-21.90861432733331 7.526013214174557 1.295020158398044
-20.3553133083989 -3.14070471937361 2.835773572174022
-13.49165635444162 1.169335236491834 1.294084355166042
-23.78132917324675 -8.773861556330598 1.215101542988379
-23.74207441365224 -4.120145260691578 2.680349389909194
-12.34966393245085 -0.4122285163221463 1.30839731012754
17.31285490588853 -4.014601186589048 2.671050585145912
-19.58298369530878 -0.8180113929818601 1.239557767972847
-19.58298295203105 -0.8180109067096009 2.760441880106616
6.480826903613222 -2.019574603104699 1.290876435006676
13.32040218415769 -0.1751679286917447 2.679463538566964
-23.74193022304122 -1.870020056663455 1.393674297306251
-7.465981863910148 -0.5999649042229809 1.300785326180597
-3.633804325253735 -8.567291085964451 1.431424805425207
4.511356041536424 -2.212008795995419 1.316982514799256
-17.17488501893063 -0.8316667834644383 2.758023765758603
4.641327586161121 -4.646060711282169 2.627414415184927
-4.840881792965882 5.39654690560834 2.656490377999856
3.042038569702936 4.125953947248749 2.702708165345796
14.47308051414297 0.5994136482470859 1.414592545760219
-16.46532690709873 8.727160921023891 2.673335962192358
-10.45262651522494 4.335179517352759 1.283225203901449
8.389064174250501 -3.058422470489349 1.26989328861367
-14.16548491189469 -3.293678356902329 2.7551636670377
-6.096861637006226 -7.261943583442394 2.545757145438824
-5.913338090405779 1.010061182747586 1.297525322188628
-21.91955113850003 -0.352320717939925 1.179980715645369
14.46170799237553 -2.412393772204888 2.755698540756833
-20.1181766293717 2.679991989058521 1.181991144262193
-14.1444595961796 0.1953734911409669 2.757332190489603
13.29382814408272 -1.152893321963184 1.317707428950099
-9.896520413237118 -0.1841518879777106 2.753847119260747
-11.73631098300514 -3.308375226355758 2.753008902233402
-10.97571382662413 -4.534310591488489 2.633056740754751
-9.303323169746808 -3.3223352643972 2.752208984676911
12.04475892735978 1.096337295639372 1.247263885496866
-7.464680853196644 -0.1972939615323158 2.753258912552971
9.608250356449227 1.110591692569317 1.247525074464363
-5.650209231981576 -3.352386317261655 2.750867974895743
15.21615989076875 2.858579354648155 1.286476943716099
-0.1656390124049394 1.917091596036603 1.275448942813765
-10.77206827734345 1.032137086231143 2.705104682280789
-18.3839643508754 1.17672348357017 1.281680272352662
5.941293873125835 -0.9720567845496946 2.751242914499971
15.23297234009388 -5.45679680780336 1.280694454817598
-17.68761062819002 8.743889288298289 1.28722816243665
-6.825146835121461 4.300264334881863 2.743347624022468
19.51219512195122 8.733204888709443 2.274979621104174
-3.003118684231071 6.41208244342564 1.306493099654432
23.77714921749657 8.807143119777418 2.819645843720246
-11.09588741517357 3.338518350363257 2.741863191981344
7.790729594687336 2.17380446653555 1.245590796875309
-2.800304282887661 4.45 1.299350332084317
23.60982147552412 -1.215119722007392 1.375902650723154
5.348837845316933 2.185426366160979 2.754277747499108
7.773709117839426 0.07740531433936909 2.756589557914173
7.317073170731685 8.724200751239451 2.27497962110417
1.956192772534602 -0.06364573945899643 1.288253982178331
-12.88676462625723 6.866479176982186 1.295817558459072
-13.77022913477029 3.169353081128192 1.305436673172132
-6.098111055129986 -8.576977592754716 1.420713602173036
-23.77519973316017 -8.804436979775236 2.795739886282971
2.881395536201057 -3.295930709761081 1.287867368699485
19.29370948186945 -1.045789444979839 2.776840711068523
2.277437050430807 1.833019254347743 1.250880044311101
4.871898278848516 -8.580487043704615 1.419513088654149
-8.65400847137011 5.425342689565755 1.244449781925178
-14.10447981119436 2.264866849530399 2.751848227609343
-8.648055001311361 5.433461444209743 2.7353475841268
-4.988166506171066 5.407285756267452 1.239210170430023
4.130564033496222 -6.69708272782885 2.560953608146919
-11.08498030908838 5.444218163664471 2.736756920095761
-15.83805577036839 -6.789073802784819 1.309613127928196
-6.86864997104525 -3.340257078961846 1.233771917929464
13.56063089399125 -5.379644726518147 2.700153677003875
7.199774901655537 5.323941217057126 1.2570410231341
16.83599133999893 -6.570942040856949 1.241355533474128
0.1100602531589017 7.362101387588083 1.189205700895794
11.26765952921253 4.141604799781636 2.701103913363616
-4.130907656523746 8.693728582256137 2.580138907641162
22.14324536827824 -1.416928286451028 2.679110794884915
15.17370117492638 4.911212191838935 1.27853443801642
-15.25301388116942 -5.328224818122941 1.25576552163512
-15.85121154287713 -6.802484607255383 2.703243443845968
-22.88758600810549 4.299440703912142 2.746266001326649
23.77829721666319 8.770666660710717 1.23265708125878
11.40014631053108 -5.99195457807527 1.286221781391693
-0.0631304915647678 8.611793977702522 2.61273801832335
21.91901889326178 7.524383945191071 1.285803377607672
5.999785676909434 3.944360647058966 1.235525950644118
7.761865858896413 -4.139265000971532 2.749204417260028
-2.803316115879669 -4.449999999999999 1.299350332084316
-10.49183462314057 6.463373254286697 1.243725012072912
-23.77520221205641 8.767262415543213 1.23473215230333
18.35480763672019 -2.271074879284277 1.259400059983724
-6.80220062425383 6.298014823313776 2.71464002741419
-7.509839650502086 -4.619973942830671 1.303181340773882
20.2138270378324 0.9743314021318541 2.679600392142089
9.643577020768015 5.248356045256609 1.261748626025293
-8.470904698791394 -8.604704534241304 1.395404951623558
-15.3283929450614 7.231136777957884 2.72204617238202
-12.32924849956927 -6.769506097923224 1.441284177955366
-17.87600327064155 8.647831241264038 2.684261242347707
-6.802555285800742 6.785823322214643 1.282742062064174
22.81865433775902 5.012377592431138 1.084449224679458
-11.7015323349204 2.078046853970606 2.693062212135064
-20.51284336728722 -1.943003917237173 1.271050058509279
12.4787974351143 -3.357492727133111 1.24716583504182
-12.14685470276169 -8.599241137844384 1.399268057335268
-16.01151260951882 -2.320656158019445 2.765136924959291
20.08348776804164 2.680407549144497 1.212825687666693
-1.817853667214901 0.7808473236767058 1.281402119270648
-2.633130652610583 -6.581147755036387 2.600066746568618
10.14018600725924 -7.488730857764295 2.681631788819819
11.51991045459579 6.335320850436048 1.259864841538975
4.778850602453072 5.264753657800158 2.764619037424051
-4.267459855934966 0.9223730489035451 1.238596402701506
-6.839940612327489 2.504097928345267 2.751946777416462
-9.271404822912098 2.481287650069349 2.754183918364718
9.574686222828911 -2.329811619345367 1.239212888621992
-8.573498357326551 7.547611001613414 1.240815393862336
-18.33628372814779 -6.720708348871574 2.638186633412172
23.77111644574822 -8.774826505532525 2.767411147779742
19.50993419899103 7.651453662633064 1.360426622616533
20.04934376341035 -7.304633596385627 1.243175914005616
11.3124403803378 2.274391122819355 1.282840905025896
16.47927390636579 -8.730380828436662 2.664499786728272
16.9331705164307 5.948563029598473 1.219083559572137
11.3683630706257 -1.523770078314804 2.739839554488962
1.033306065059448 -8.654004184391976 2.656059120616129
-19.91780599880558 7.358096706977665 1.213975702641999
-22.00259130349285 -3.570674413944732 2.608075735577184
-0.2922718589806187 -1.01277826394788 2.763750788751368
-17.06467177911092 -8.648659157479752 1.355286625216849
20.87955536582714 0.7760670813563704 1.283520212095351
12.51591491570742 -7.499444364098107 1.328740162042455
-14.44679570339625 8.335890262391162 2.721201239685975
-18.93333333333333 -7.318383958838496 1.28200008310974
16.74609505210167 -1.85653758290092 1.357423307573452
-4.948500148673968 7.494758473605335 2.74743029044062
13.29868752173559 5.993435650203795 1.223590572227582
19.85254419767669 -8.680950118956956 2.648363765832494
-23.73791796856198 -1.726910940003635 2.780431974700062
-21.88602312868274 8.631279293132026 2.619146335360996
22.13178307597928 1.409759158860694 1.450897868761941
23.70366528645431 -3.271620957459421 2.703665286454314
-21.86129240569369 -0.8716852561667068 2.807800768516842
15.43738571116535 -0.06136090462641736 2.72477082210382
15.03992749400838 7.166678660345998 2.673367490303057
21.95768645682974 -7.455472671005839 1.272717622584174
18.53367794041016 -3.417412275162035 2.777271551016244
-8.671613968940795 1.323425683789758 1.208583091184927
20.69642316203273 3.076188598529213 2.80095981579747
2.625038655219061 -8.654548804261058 2.655181813508276
7.296526298288801 7.691405710999636 1.288655281768609
-5.10146604457055 -2.424627876943187 1.24229693319843
13.99405119638081 4.8829622968777 2.776796747643601
-1.219356288663021 -7.876885319119465 1.278833026720898
4.116056093828913 0.1779975217959739 1.202688903657605
17.13646942096615 3.97458175680781 1.15933462861812
14.39665594847045 0.9137156345760387 2.742934252995011
10.27027765818513 -4.278027385310867 2.746620623142772
16.99340858907339 -1.474650483076137 2.669500867827621
11.95600639556055 -3.140615233125591 2.801622374290998
-1.066666666666666 -2.699666909537711 1.28200008310974
23.85005265095442 2.941649064697171 2.826751386783494
-23.78136576501366 8.809910216636647 2.784153458004679
-17.03549893783193 -8.307928043624871 2.818958801822043
-11.24557280473734 7.632019956867037 1.311650525941555
17.6717388413625 2.759470215920136 1.247808599871506
-10.19346431611937 8.699427605941992 1.305557522035148
21.87883104984994 8.752214135298837 2.349478697230352
18.11419445467554 0.1443548320610516 1.337269426840265
-13.08208819238577 -4.50803470773984 2.644532636842622
2.199918937842102 1.698836213852326 2.751286036176962
-23.66505633423378 2.23450221918719 1.236364344223629
8.453497147731181 3.981028970349006 2.745980196387955
-15.52593726853819 2.193924273982584 2.793195995922907
10.26953480594845 6.285921297788949 2.792594338088745
4.70028216648418 -5.07561072858886 1.264040088932515
-6.859902308409633 1.988887258604493 1.290480539471748
23.79416108446088 -0.5882352941176485 2.763597076489765
21.93314384560424 -8.804642594868488 2.316573346600309
-2.244801810201622 2.707833462598558 1.309425641730636
23.78720868307896 -8.805086359278828 1.212415178577654
11.26809822498045 0.06586376042716058 2.759557117133087
3.55986699453031 1.703961854133822 2.781200247815425
-17.75847949031948 2.36866008368301 1.173783563348367
-14.56251803046133 6.079772574454873 1.265114356282669
-16.12274664756654 3.400781732555744 2.75696014780976
-13.2511694525721 -5.543972228136647 1.328599248797824
-20.64763884820539 0.5170696975408319 1.226128683652361
-14.27558458489663 -3.426698804061163 1.235120518593849
-9.935081994900171 -8.653768562934436 1.345452117023254
-22.0275614683482 1.812157745549074 2.736912809193949
17.14911554405573 4.085787563060587 2.749535008060517
-7.000056380044117 -3.263055477495504 2.80600555367144
15.13170998605651 6.954125533393687 1.219602774093726
-14.41445378541709 -7.57005701049132 1.320795315223315
-18.62188406581168 3.368823445973834 2.749044697354297
-3.657383212252861 -7.978667117991804 2.72121179224891
23.82724193569747 6.473234286308898 2.836274378939955
-10.91665083981835 -5.012202021390709 1.292744917391949
-10.51092859470002 -1.916871346927901 1.154493489011486
4.606814740718071 -7.19437565479685 1.325521062744081
0.9271734217045774 -8.703690755242162 1.295355637501007
19.87440997680181 -8.647937452166319 1.293366274159725
0.8723010914438634 -7.335992518112767 1.134415726672339
-5.883582433333161 -1.260830517650497 2.749401629959005
8.358480348930438 -5.085041375522353 1.213149087881058
14.80852136126146 -7.362075104285899 1.306528301578674
6.730305626273977 -2.065309588104526 2.780034221691673
4.881986305311545 -8.012561853373953 2.721932468323303
15.77342472696609 5.947705906780922 2.748881688471136
-16.00292368774818 -4.166604110930463 2.780053982820434
-14.49546823920369 6.080992477246809 2.754990251117798
-12.81850738439752 5.017861224636822 2.845918696033202
15.34561225111923 -1.367837596175157 1.243475280197468
-20.30419975283078 0.988044312551376 2.834638948481058
2.860252976455786 6.109456870060237 2.751385875245978
2.739342071473095 -8.702315456445776 1.297688625097416
22.72628595853304 1.34768773004573 2.756433451617406
-12.11029649139455 -8.29805632895769 2.764641895104968
17.95454209297618 -8.68719364078493 2.758007755609837
-22.39287740459925 -7.166053241866102 1.271091814191613
-16.54169654082047 3.325616474180535 1.279081185126003
-6.48474681693034 -6.674106594379719 1.304610567780801
5.964814149811056 -5.091122083279785 2.743717015967695
2.946019391875314 6.183136001015342 1.263560326465635
15.32063769263889 -1.385233504251383 2.762832320078862
-19.77589577509822 8.702635428325385 2.697461821975868
9.710509730868859 7.84955225208835 1.233868683842996
6.140092455226983 6.43726896162124 1.328655043256966
2.75980107760242 -4.541773358894548 1.223984184479016
13.835416434517 4.756377483664122 1.220021733774042
8.359908364839617 -8.649818719224385 1.310495869839277
-10.46868574629674 6.657307639267034 2.786483909472253
-2.596985114332461 1.975268519850883 2.800886645149385
7.795749801343161 -1.816318491066226 1.192951482763669
17.55309672182358 7.163019647606832 1.23887355303807
20.0915508266332 -2.364315890122241 1.25519374776827
16.06488614087271 8.323234474092738 2.745553180844585
-7.589878516982009 -2.219945601267925 1.170110745561673
15.67674315973649 -8.639193963341897 1.298853920381881
-4.369694872038548 6.60294828274432 1.183941326966281
3.70278063863539 8.327858283850372 1.241998189739717
23.72655556455951 -6.583847236927586 2.817546551227126
15.81476712080895 -6.365820337289201 2.738563852104837
-23.84592715647642 6.472056431093712 2.841476907659377
10.3586101629725 -8.821439684744682 2.743121713316624
-18.31619626779866 5.55154738890828 2.95154738890828
-11.27698837622762 5.383307219298495 1.201894413884748
13.21888552898535 2.42115440432265 2.675310667675079
8.483039401449025 6.445634945068969 2.65367608860828
10.19946326480093 -3.535957933670026 1.154939594142146
8.184431566170165 6.35237893562905 1.272138256864806
-23.86035579995956 -6.473933971369726 2.76353828605036
2.036685144625168 7.387493231149294 1.255211320467085
12.68890657457297 -1.53079325484096 2.815782944258107
-1.979753882251274 -0.8022659643756005 2.695431318427953
-3.807993919236678 -2.528915854931447 2.825813629126324
-0.314848609667535 8.710984060233768 1.292392684054436
23.31838249592423 -4.475188381526677 2.873782801174601
-5.317581094999389 3.306415301908704 2.741035890863428
-19.93016811749668 8.748509684159439 1.255365231016416
-9.037380613216641 -1.185330266188546 2.791242752247335
-17.37579113741405 -1.425384069986797 1.289847928335805
23.79025811146584 2.831601454364261 1.171004790174625
-23.83076681913101 2.050636893375918 2.515140811083349
9.061209007985459 -6.305759442240211 1.217987005630366
-7.696281605344746 8.733871065213288 1.271594147265343
-5.052445775801008 -5.064089373745797 2.791207855404948
13.73436020597752 -6.220644125241927 1.171351652602748
-16.15010452399112 0.8799045564333111 1.256571706303794
12.50291823734173 4.136733971245243 1.170281495619725
-5.868911267716201 8.692357205134257 2.692357205134258
-3.735323818370529 0.8715994774491882 2.741244623729097
-14.203043805488 -7.356676336843205 2.774300404496613
17.26281997058874 -4.604969961731825 1.171592951080249
-21.34147758111676 8.831597773625367 1.171307013966049
12.26049012060159 -7.312811560899932 2.729751781230462
5.170589914550908 8.702001741241926 1.296581741721345
6.468375768445777 0.2318305729500496 2.808363444420883
-11.8218501271272 -6.392229876840634 2.682924866906553
-5.762926431446858 -8.716547867712965 2.716511965895974
-9.697926997650438 8.734247924212411 2.554971623840573
16.26532874559494 -3.25534712600057 2.795662244371194
-12.73833245350044 4.173678982711714 1.214995215726312
5.905155866789327 6.44540732129145 2.669641741361305
9.096250621932102 2.320342372635487 1.190186906648391
22.06103119175349 -2.671379344581643 1.106722895296185
12.90277303868906 0.09446882109529481 1.226633725159215
22.75078218775445 -5.294190057456014 1.088280026017416
-8.267885639411828 3.324885785168117 2.741694222279429
8.84764709736832 -8.321044904790842 2.790386069987042
7.476844330343747 -6.362264667376342 2.718448526379245
3.502261102183882 -0.8112072928295264 2.855676072999604
-4.84900221163385 -0.4560126420336468 2.765059147003873
-9.070788392333325 4.180186380025743 1.198665702419584
-18.09997738477438 -1.824835224215394 2.774007463171975
-12.20551911566933 7.379703684583196 2.837163054040499
-3.744970981854835 -4.194886793961178 2.766516157120189
0.2444126982968761 0.1803077679531207 2.784470791686948
-2.053302017854126 8.747200823350033 2.748121184066806
-10.30109346265682 -7.003784805819051 2.704934122263807
-9.091277615663286 6.699081304271829 2.738037302765219
-18.09107477802807 7.359051340471409 1.173402036604597
-2.037477746821164 7.344885019328379 1.222738635919876
-7.926829268292662 -8.829754570626161 2.829971166464217
11.24544339140938 8.702799630607492 2.69624918274858
23.96571673029203 5.320964877056864 1.039693658979584
-3.895835989941961 6.33378795805871 2.733370753392153
-4.019577982070503 2.198280709363846 1.217958768675736
18.69377786289278 -6.619791857343407 2.752365205557036
7.543512552197548 -4.058578756677467 1.219246883499621
12.79138445372353 -8.83559102229472 1.236643034091433
-17.34411891499198 -5.55 1.299627493577872
3.411240137885654 -6.530066599205644 1.26547212964363
-23.80547343222672 -3.117284773276253 1.147954371699087
9.226343828928194 -1.044317663780419 2.78949854322469
-2.541233258384384 -3.050202373339744 1.105252277624876
-8.10357543428557 3.318287082689115 1.246345332347336
9.417303156929488 7.497109601764413 2.89999173152063
19.56024111062547 0.05672276542525084 1.222114511135894
-18.91392559634038 2.737487782962521 1.073234961699499
-6.347453463673685 -1.247981498304859 1.242566426461719
-2.683601918823363 5.774814733240841 2.801198423674299
10.38465808883688 -7.322486222238977 1.266885939997299
-3.917234692620323 8.729672689702687 1.282143908473469
10.6969245176608 8.731055512959923 1.319907207430811
21.03225292529175 6.753520799277394 2.806369312932136
6.471318477886366 -3.875402879461436 2.802584269015346
1.715931407437047 8.794833135953517 2.80393527895765
-6.376310877434639 -5.622874811119513 2.639837853068889
18.22182527273398 -7.34112699115391 1.020551219080034
-22.75087902984964 5.313361323094782 1.104119122818689
-5.593447169374139 -3.637789767856776 1.187554420795208
8.65185450962457 -3.194925937585155 2.82552982501878
-13.81301507570299 -8.749539387879787 1.246172407516124
-4.146283451242319 4.424786093010276 1.210305703553666
3.194869474869992 8.445085800138092 2.826666158091379
-2.995536474870403 3.945356715748092 2.785784932160676
-15.32469665720688 -8.80733009851939 1.242106299780324
21.82820255114688 2.488492312305151 2.785800648255915
1.147485298050757 2.776225276645639 1.199689173789501
18.87641619446553 2.743354051021305 1.094868300514163
-14.69651099606135 2.278330189636105 1.23039769223855
14.37766203068249 1.840060444258256 1.106594327395682
-7.562870878433624 7.379117908723429 2.836044738470602
-4.290525322462526 -6.378893668895684 2.791687000287123
20.78268068627353 -1.221527335558643 2.884039665277448
-22.70134791276922 -5.317945352919971 1.107906399752262
-23.93215429570227 -5.293999553775747 1.213802805137223
15.69696959935895 2.323111808109133 2.723925984307328
-16.55236042030886 6.838972316464886 2.84893043506308
-1.02737715834905 2.782272518887262 1.241421367963523
-20.1137449762219 -8.827229472823758 2.809834101062255
-8.74507663566461 -6.071162183070461 2.660110491068179
-16.15521383694216 7.309743239013194 1.194154407109375
-14.48739274749626 4.143087259611526 2.86833466695567
11.51904037993045 -1.307542736972952 1.102396129339779
0.1233092312265783 -3.220030221441856 2.969401002470859
1.904446869205807 -1.336829293171575 1.182418247664963
23.8303254934256 -2.859360820886906 1.167303642756004
17.42139479129368 8.725863825078381 2.724410448013284
-19.55956040397141 1.563813646897766 1.101223149605542
7.926829268292662 8.862826308689627 1.142952518075913
6.094364462073524 -5.296495832886952 1.180102288525551
-14.97053121482305 -1.392627444478233 1.240956594574459
4.180584884407146 7.128923079304839 2.858668960529949
-13.11692962596471 -4.280345070340534 1.196226950704248
6.707317073170817 -8.839512283870164 1.165726448001132
23.92498728573569 1.709684604385186 2.633920805218678
-11.57258421032453 8.88219140980919 1.265528746770104
-22.00229979174554 -8.792431889859008 1.605004643901912
-16.42176400291307 8.85943524851649 1.154557541520794
23.83245227872411 -1.860595039371696 2.83837235821762
12.56527612725144 8.747233808986406 2.744349031737452
2.810919735198966 4.862665565533387 1.120510520726959
4.309990441266795 4.079483969381243 2.8534541736147
13.49778577102563 -6.884700991853793 2.71890047348842
12.41477620851735 7.32748026322363 1.167564159192629
23.96040119238402 -5.29563578633222 1.302789847519231
19.05195788152793 1.499311897632722 2.802005041745002
-18.7976324333951 -8.794456635392562 2.795974033351788
-7.966726865733018 -7.052569927528436 1.270029622025763
-22.37089305704731 -2.030974367614872 2.833153456203304
3.745870928219288 2.636333868422668 1.24002471136724
-16.81689759645909 -7.484318301359334 1.065177169947779
-20.1722844142667 -7.275465541713846 1.133895335466634
13.72241278565167 6.848571645521928 2.642468617171592
22.47698338983314 8.81356134325044 1.176096717087804
21.37412420540899 -8.858445645689095 1.137990355410701
-19.69399438076368 -2.724155041344022 1.215578442612671
11.84281058560623 5.594577413679949 2.768208811585826
15.31217615761101 -4.213089533486416 1.135366161309226
-15.02684275131262 -0.6888747338477547 2.810701622639807
18.88269389639887 8.858327136630772 1.157041383535772
-21.07834854469272 7.074863360403323 2.79622913435409
14.11411604414567 -3.614648356189355 2.810389684820327
6.637966231975795 8.834463852880056 1.165536147119939
23.95977251199947 4.150519500236755 2.64939657482488
-17.28981105827786 4.228120748177268 1.074783455005229
-7.784626397366913 -7.033342684821136 2.816643592645997
15.99722933793866 1.89946531132335 1.114065699151179
14.02478222707939 8.842074892720564 1.188894378118014
1.265027549949854 -1.727608633568807 2.763460645757964
-13.22893039323215 8.747380568143081 2.743744744650942
-22.03849268134962 0.9840638424813914 1.194067968620167
-19.72662467680172 2.034926166022402 2.967629954486116
21.82212146886185 2.64370417908986 1.355321555545025
-17.82601442842275 1.939220485507568 2.801897264469486
15.43465725877552 -0.1321535396401207 1.109816657182592
5.718396880889614 -3.018057761902057 1.162265617167887
11.96636255804543 -4.876355438350659 1.131446906845506
-18.64894426073158 -0.01835155631955032 1.100766035166223
-7.649341681464433 1.423819021644863 2.828930863763029
-8.541663566926733 -5.434162222956622 1.372884724884561
-20.5220132014691 -1.6913321364011 2.815781464968531
21.06666666666667 -6.825564112525353 2.183476835590678
-3.587012652541299 -1.044196139465009 1.090396838605898
13.90935561804142 -1.310056145556557 2.935358193238147
-8.556188519544472 -2.332330085822846 2.88488402185816
5.57135807461377 8.837840109260116 2.821152546084112
5.245832965816027 -3.558716562910094 2.870165631178248
-8.600549324259042 -1.087512594109062 1.139260165071818
20.15440037970259 8.873861440565896 1.185897658971021
14.34032131628375 8.730071003482703 2.686740917229141
1.355331675148598 1.010210737012561 1.094439776741778
3.909474520070804 2.897894335536443 2.878686325670451
-2.711405265319224 -5.650629670848149 1.198278932885658
-17.50437341247742 -3.100953010597963 1.073375146777735
23.94137742119361 -0.05844312771472725 1.650722690272425
-6.070004794068068 5.293020997152324 2.897624596463963
5.146855044375013 0.8648388813537646 1.08880920984619
-12.34181617456 -2.761827930196672 1.067384968096611
-8.947699824172378 8.818707263691774 1.184229124625195
12.3773129643189 0.6168962136088991 2.826954773701235
14.8529403285117 -5.313226325483216 2.859645887302171
-8.692258203492857 -2.786111056192202 1.067007336482864
14.26130533225952 -1.897330545956304 1.510374625887745
17.38791934890705 -3.243506604676256 1.128126661651483
2.518838047915521 3.125921373139406 1.067996692233861
-13.47698516349897 1.218136221559762 2.952547475105848
11.66697002581253 5.058454012996402 1.081654348261178
-0.4327030203575451 -8.83639497276676 1.163604743370469
7.997918213374155 -1.139925702058082 2.892951788150568
-10.474232874753 4.388685938435032 2.949406939344287
-11.67419643435425 -1.942687978484967 2.964440829512504
18.22969098358826 -1.959060770882511 2.801044496271217
-6.209205148756598 7.408474941939699 2.914879918596335
-2.963970851428706 -0.08167582079995689 2.890624125973998
-9.253125607170611 6.510430668045141 1.066677296521132
-11.2732389229213 -0.9551595079806363 1.060748419925954
-10.42090319666957 3.114818235025327 1.093816607902294
6.235915535028838 -6.866366222438346 2.668818154210114
-13.56250481502244 -0.03796068007345532 1.082513450913498
-10.50285116959185 -8.832908002413927 2.833062255463608
23.9250270154323 7.643886977256813 2.977009571869144
5.424542820976197 -1.412372221713646 1.091296053591877
-3.202900784679398 0.2970336723301608 1.058053561520979
12.52461255484441 -2.116851321421656 1.049755020141245
2.369619028679835 -2.964539245272413 2.911839150511575
-2.071863918014863 -8.802213212134518 1.197792176456206
-21.23863327452863 -2.828495612629379 1.10685819288686
9.146341463414618 8.958663802954181 1.331108162304709
-14.72449660247209 7.565979318568222 1.027577149663214
7.223934619929054 4.097308004792763 1.115704731674017
15.83743631238738 3.899038100347261 1.502717643234113
20.76710387212653 7.24692217562363 1.054538084275248
3.305442255898473 -2.160708755677759 1.101760432792271
6.567716373304257 2.83638099753265 2.978100218488391
-5.969201955720833 -5.315773489570785 1.122728393665342
-11.72159011551484 0.1775845858675549 2.997997968703002
14.40336675470379 -8.745443341576451 1.189036732189279
9.794683066091 -5.420315973194101 2.867602311996482
-15.25287248780009 -4.12821217214043 1.071495837084902
9.048015632699014 0.7795950477273068 2.975052410813726
-15.29511966055964 -7.827011743618566 2.913753052614125
9.660216982743208 4.03394525562345 1.085146836072355
-22.55769969715288 8.939502372491525 1.369667533208657
12.04646243947705 -4.485778438807734 2.991031922979107
5.338777450230745 0.7439721280867895 2.98635238388798
14.64158074605251 -7.409990994212837 2.884349427622744
10.2305971665052 2.78370350256478 1.025275768871452
-20.77808090683284 -0.1389139742954459 3.003529591095709
13.858996336227 7.153067584350014 1.135611401394959
11.53040574030907 -8.877637765185655 1.160815658840906
12.5159292482841 2.211081064135953 1.092728770586786
-22.544461684425 -8.944204006079893 2.711517240811994
-12.73264832568196 -1.555618357595577 1.149696209843326
-23.95603042699465 3.836564602547483 2.498387830466303
17.10248737195106 -6.029847536503754 2.828225896978769
11.15020436815652 -6.763670477831662 2.585583051391841
-13.96416562884574 -5.332088900675617 2.900150104759716

CELLS 17921 83609
1 0
1 1
1 2
1 3
1 4
1 5
1 6
1 7
1 8
1 9
1 10
1 11
1 12
1 13
1 14
1 15
1 16
1 17
1 18
1 19
1 20
1 21
1 22
1 23
1 24
1 25
1 26
1 27
1 28
1 29
1 30
1 31
1 32
1 33
1 34
1 35
1 36
1 37
1 38
1 39
1 40
1 41
1 42
1 43
1 44
1 45
1 46
1 47
1 48
1 49
1 50
1 51
1 52
1 53
1 54
1 55
1 56
1 57
1 58
1 59
1 60
1 61
1 62
1 63
1 64
1 65
1 66
1 67
1 68
1 69
1 70
1 71
1 72
1 73
1 74
1 75
1 76
1 77
1 78
1 79
1 80
1 81
1 82
1 83
1 84
1 85
1 86
1 87
1 88
1 89
1 90
1 91
1 92
1 93
1 94
1 95
1 96
1 97
1 98
1 99
1 100
1 101
1 102
1 103
2 1 0
2 0 2
2 3 2
2 1 3
2 5 4
2 4 6
2 7 6
2 5 7
2 1 5
2 0 4
2 3 7
2 2 6
2 9 8
2 8 10
2 11 10
2 9 11
2 13 12
2 12 14
2 15 14
2 13 15
2 9 13
2 8 12
2 11 15
2 10 14
2 17 16
2 16 18
2 19 18
2 17 19
2 21 20
2 20 22
2 23 22
2 21 23
2 17 21
2 16 20
2 19 23
2 18 22
2 25 24
2 24 26
2 27 26
2 25 27
2 29 28
2 28 30
2 31 30
2 29 31
2 25 29
2 24 28
2 27 31
2 26 30
2 33 32
2 32 34
2 35 34
2 33 35
2 37 36
2 36 38
2 39 38
2 37 39
2 33 37
2 32 36
2 35 39
2 34 38
2 41 40
2 40 42
2 43 42
2 41 43
2 45 44
2 44 46
2 47 46
2 45 47
2 41 45
2 40 44
2 43 47
2 42 46
2 49 48
2 48 104
2 104 50
2 51 50
2 49 105
2 105 51
2 53 52
2 52 106
2 106 54
2 55 54
2 53 107
2 107 55
2 49 108
2 108 109
2 109 53
2 48 110
2 110 111
2 111 52
2 51 112
2 112 113
2 113 55
2 50 114
2 114 115
2 115 54
2 57 56
2 56 116
2 116 58
2 59 58
2 57 117
2 117 59
2 61 60
2 60 118
2 118 62
2 63 62
2 61 119
2 119 63
2 57 120
2 120 121
2 121 61
2 56 122
2 122 123
2 123 60
2 59 124
2 124 125
2 125 63
2 58 126
2 126 127
2 127 62
2 65 64
2 64 128
2 128 66
2 67 66
2 65 129
2 129 67
2 69 68
2 68 130
2 130 70
2 71 70
2 69 131
2 131 71
2 65 132
2 132 133
2 133 69
2 64 134
2 134 135
2 135 68
2 67 136
2 136 137
2 137 71
2 66 138
2 138 139
2 139 70
2 73 72
2 72 140
2 140 74
2 75 74
2 73 141
2 141 75
2 77 76
2 76 142
2 142 78
2 79 78
2 77 143
2 143 79
2 73 144
2 144 145
2 145 77
2 72 146
2 146 147
2 147 76
2 75 148
2 148 149
2 149 79
2 74 150
2 150 151
2 151 78
2 81 80
2 80 152
2 152 82
2 83 82
2 81 153
2 153 83
2 85 84
2 84 154
2 154 86
2 87 86
2 85 155
2 155 87
2 81 156
2 156 157
2 157 85
2 80 158
2 158 159
2 159 84
2 83 160
2 160 161
2 161 87
2 82 162
2 162 163
2 163 86
2 89 88
2 88 164
2 164 90
2 91 90
2 89 165
2 165 91
2 93 92
2 92 166
2 166 94
2 95 94
2 93 167
2 167 95
2 89 168
2 168 169
2 169 93
2 88 170
2 170 171
2 171 92
2 91 172
2 172 173
2 173 95
2 90 174
2 174 175
2 175 94
2 96 176
2 176 177
2 177 178
2 178 97
2 98 179
2 179 180
2 180 181
2 181 99
2 96 182
2 182 183
2 183 184
2 184 185
2 185 186
2 186 187
2 187 188
2 188 189
2 189 190
2 190 191
2 191 192
2 192 193
2 193 194
2 194 195
2 195 196
2 196 197
2 197 198
2 198 199
2 199 200
2 200 201
2 201 202
2 202 203
2 203 204
2 204 205
2 205 206
2 206 207
2 207 208
2 208 209
2 209 210
2 210 211
2 211 212
2 212 213
2 213 214
2 214 215
2 215 216
2 216 217
2 217 218
2 218 219
2 219 220
2 220 221
2 221 98
2 97 222
2 222 223
2 223 224
2 224 225
2 225 226
2 226 227
2 227 228
2 228 229
2 229 230
2 230 231
2 231 232
2 232 233
2 233 234
2 234 235
2 235 236
2 236 237
2 237 238
2 238 239
2 239 240
2 240 241
2 241 242
2 242 243
2 243 244
2 244 245
2 245 246
2 246 247
2 247 248
2 248 249
2 249 250
2 250 251
2 251 252
2 252 253
2 253 254
2 254 255
2 255 256
2 256 257
2 257 258
2 258 259
2 259 260
2 260 261
2 261 99
2 100 262
2 262 263
2 263 264
2 264 101
2 100 265
2 265 266
2 266 267
2 267 268
2 268 269
2 269 270
2 270 271
2 271 272
2 272 273
2 273 274
2 274 275
2 275 276
2 276 277
2 277 278
2 278 279
2 279 280
2 280 96
2 101 281
2 281 282
2 282 283
2 283 284
2 284 285
2 285 286
2 286 287
2 287 288
2 288 289
2 289 290
2 290 291
2 291 292
2 292 293
2 293 294
2 294 295
2 295 296
2 296 97
2 102 297
2 297 298
2 298 299
2 299 103
2 98 300
2 300 301
2 301 302
2 302 303
2 303 304
2 304 305
2 305 306
2 306 307
2 307 308
2 308 309
2 309 310
2 310 311
2 311 312
2 312 313
2 313 314
2 314 315
2 315 102
2 99 316
2 316 317
2 317 318
2 318 319
2 319 320
2 320 321
2 321 322
2 322 323
2 323 324
2 324 325
2 325 326
2 326 327
2 327 328
2 328 329
2 329 330
2 330 331
2 331 103
2 102 332
2 332 333
2 333 334
2 334 335
2 335 336
2 336 337
2 337 338
2 338 339
2 339 340
2 340 341
2 341 342
2 342 343
2 343 344
2 344 345
2 345 346
2 346 347
2 347 348
2 348 349
2 349 350
2 350 351
2 351 352
2 352 353
2 353 354
2 354 355
2 355 356
2 356 357
2 357 358
2 358 359
2 359 360
2 360 361
2 361 362
2 362 363
2 363 364
2 364 365
2 365 366
2 366 367
2 367 368
2 368 369
2 369 370
2 370 371
2 371 100
2 103 372
2 372 373
2 373 374
2 374 375
2 375 376
2 376 377
2 377 378
2 378 379
2 379 380
2 380 381
2 381 382
2 382 383
2 383 384
2 384 385
2 385 386
2 386 387
2 387 388
2 388 389
2 389 390
2 390 391
2 391 392
2 392 393
2 393 394
2 394 395
2 395 396
2 396 397
2 397 398
2 398 399
2 399 400
2 400 401
2 401 402
2 402 403
2 403 404
2 404 405
2 405 406
2 406 407
2 407 408
2 408 409
2 409 410
2 410 411
2 411 101
3 1 0 412
3 0 2 412
3 3 1 412
3 2 3 412
3 5 413 4
3 4 413 6
3 7 413 5
3 6 413 7
3 0 1 414
3 4 0 414
3 1 5 414
3 5 4 414
3 2 415 3
3 6 415 2
3 3 415 7
3 7 415 6
3 1 3 416
3 5 1 416
3 3 7 416
3 7 5 416
3 0 417 2
3 4 417 0
3 2 417 6
3 6 417 4
3 9 8 418
3 8 10 418
3 11 9 418
3 10 11 418
3 13 419 12
3 12 419 14
3 15 419 13
3 14 419 15
3 8 9 420
3 12 8 420
3 9 13 420
3 13 12 420
3 10 421 11
3 14 421 10
3 11 421 15
3 15 421 14
3 9 11 422
3 13 9 422
3 11 15 422
3 15 13 422
3 8 423 10
3 12 423 8
3 10 423 14
3 14 423 12
3 17 16 424
3 16 18 424
3 19 17 424
3 18 19 424
3 21 425 20
3 20 425 22
3 23 425 21
3 22 425 23
3 16 17 426
3 20 16 426
3 17 21 426
3 21 20 426
3 18 427 19
3 22 427 18
3 19 427 23
3 23 427 22
3 17 19 428
3 21 17 428
3 19 23 428
3 23 21 428
3 16 429 18
3 20 429 16
3 18 429 22
3 22 429 20
3 25 24 430
3 24 26 430
3 27 25 430
3 26 27 430
3 29 431 28
3 28 431 30
3 31 431 29
3 30 431 31
3 24 25 432
3 28 24 432
3 25 29 432
3 29 28 432
3 26 433 27
3 30 433 26
3 27 433 31
3 31 433 30
3 25 27 434
3 29 25 434
3 27 31 434
3 31 29 434
3 24 435 26
3 28 435 24
3 26 435 30
3 30 435 28
3 33 32 436
3 32 34 436
3 35 33 436
3 34 35 436
3 37 437 36
3 36 437 38
3 39 437 37
3 38 437 39
3 32 33 438
3 36 32 438
3 33 37 438
3 37 36 438
3 34 439 35
3 38 439 34
3 35 439 39
3 39 439 38
3 33 35 440
3 37 33 440
3 35 39 440
3 39 37 440
3 32 441 34
3 36 441 32
3 34 441 38
3 38 441 36
3 41 40 442
3 40 42 442
3 43 41 442
3 42 43 442
3 45 443 44
3 44 443 46
3 47 443 45
3 46 443 47
3 40 41 444
3 44 40 444
3 41 45 444
3 45 44 444
3 42 445 43
3 46 445 42
3 43 445 47
3 47 445 46
3 41 43 446
3 45 41 446
3 43 47 446
3 47 45 446
3 40 447 42
3 44 447 40
3 42 447 46
3 46 447 44
3 49 48 449
3 48 104 449
3 105 49 449
3 50 51 448
3 104 50 448
3 51 105 448
3 104 448 449
3 448 105 449
3 53 451 52
3 52 451 106
3 107 451 53
3 54 450 55
3 106 450 54
3 55 450 107
3 106 451 450
3 450 451 107
3 48 49 454
3 110 48 454
3 49 108 454
3 53 52 453
3 52 111 453
3 109 53 453
3 108 109 452
3 108 452 454
3 452 109 453
3 111 110 452
3 452 110 454
3 111 452 453
3 50 457 51
3 114 457 50
3 51 457 112
3 55 456 54
3 54 456 115
3 113 456 55
3 112 455 113
3 112 457 455
3 455 456 113
3 115 455 114
3 455 457 114
3 115 456 455
3 49 105 461
3 108 49 461
3 105 51 460
3 51 112 460
3 107 53 462
3 53 109 462
3 55 107 459
3 113 55 459
3 105 460 461
3 459 107 462
3 109 108 458
3 458 108 461
3 109 458 462
3 112 113 458
3 112 458 460
3 458 113 459
3 458 459 462
3 460 458 461
3 48 464 104
3 110 464 48
3 104 467 50
3 50 467 114
3 106 465 52
3 52 465 111
3 54 466 106
3 115 466 54
3 464 467 104
3 106 466 465
3 111 463 110
3 463 464 110
3 111 465 463
3 114 463 115
3 114 467 463
3 463 466 115
3 463 467 464
3 465 466 463
3 57 56 469
3 56 116 469
3 117 57 469
3 58 59 468
3 116 58 468
3 59 117 468
3 116 468 469
3 468 117 469
3 61 471 60
3 60 471 118
3 119 471 61
3 62 470 63
3 118 470 62
3 63 470 119
3 118 471 470
3 470 471 119
3 56 57 474
3 122 56 474
3 57 120 474
3 61 60 473
3 60 123 473
3 121 61 473
3 120 121 472
3 120 472 474
3 472 121 473
3 123 122 472
3 472 122 474
3 123 472 473
3 58 477 59
3 126 477 58
3 59 477 124
3 63 476 62
3 62 476 127
3 125 476 63
3 124 475 125
3 124 477 475
3 475 476 125
3 127 475 126
3 475 477 126
3 127 476 475
3 57 117 482
3 120 57 482
3 117 59 479
3 59 124 479
3 119 61 481
3 61 121 481
3 63 119 480
3 125 63 480
3 117 479 482
3 480 119 481
3 121 120 478
3 478 120 482
3 121 478 481
3 124 125 478
3 124 478 479
3 478 125 480
3 479 478 482
3 478 480 481
3 56 487 116
3 122 487 56
3 116 484 58
3 58 484 126
3 118 486 60
3 60 486 123
3 62 485 118
3 127 485 62
3 116 487 484
3 485 486 118
3 123 483 122
3 483 487 122
3 123 486 483
3 126 483 127
3 126 484 483
3 483 485 127
3 484 487 483
3 483 486 485
3 65 64 488
3 64 128 488
3 129 65 488
3 66 67 489
3 128 66 489
3 67 129 489
3 488 128 489
3 129 488 489
3 69 491 68
3 68 491 130
3 131 491 69
3 70 490 71
3 130 490 70
3 71 490 131
3 130 491 490
3 490 491 131
3 64 65 494
3 134 64 494
3 65 132 494
3 69 68 493
3 68 135 493
3 133 69 493
3 132 133 492
3 132 492 494
3 492 133 493
3 135 134 492
3 492 134 494
3 135 492 493
3 66 497 67
3 138 497 66
3 67 497 136
3 71 496 70
3 70 496 139
3 137 496 71
3 136 495 137
3 136 497 495
3 495 496 137
3 139 495 138
3 495 497 138
3 139 496 495
3 65 129 501
3 132 65 501
3 129 67 500
3 67 136 500
3 131 69 502
3 69 133 502
3 71 131 499
3 137 71 499
3 129 500 501
3 499 131 502
3 133 132 498
3 498 132 501
3 133 498 502
3 136 137 498
3 136 498 500
3 498 137 499
3 498 499 502
3 500 498 501
3 64 506 128
3 134 506 64
3 128 505 66
3 66 505 138
3 130 507 68
3 68 507 135
3 70 504 130
3 139 504 70
3 128 506 505
3 504 507 130
3 135 503 134
3 503 506 134
3 135 507 503
3 138 503 139
3 138 505 503
3 503 504 139
3 503 507 504
3 505 506 503
3 73 72 508
3 72 140 508
3 141 73 508
3 74 75 509
3 140 74 509
3 75 141 509
3 508 140 509
3 141 508 509
3 77 510 76
3 76 510 142
3 143 510 77
3 78 511 79
3 142 511 78
3 79 511 143
3 510 511 142
3 143 511 510
3 72 73 514
3 146 72 514
3 73 144 514
3 77 76 513
3 76 147 513
3 145 77 513
3 144 145 512
3 144 512 514
3 512 145 513
3 147 146 512
3 512 146 514
3 147 512 513
3 74 517 75
3 150 517 74
3 75 517 148
3 79 516 78
3 78 516 151
3 149 516 79
3 148 515 149
3 148 517 515
3 515 516 149
3 151 515 150
3 515 517 150
3 151 516 515
3 73 141 521
3 144 73 521
3 141 75 520
3 75 148 520
3 143 77 522
3 77 145 522
3 79 143 519
3 149 79 519
3 141 520 521
3 519 143 522
3 145 144 518
3 518 144 521
3 145 518 522
3 148 149 518
3 148 518 520
3 518 149 519
3 518 519 522
3 520 518 521
3 72 526 140
3 146 526 72
3 140 525 74
3 74 525 150
3 142 527 76
3 76 527 147
3 78 524 142
3 151 524 78
3 140 526 525
3 524 527 142
3 147 523 146
3 523 526 146
3 147 527 523
3 150 523 151
3 150 525 523
3 523 524 151
3 523 527 524
3 525 526 523
3 81 80 528
3 80 152 528
3 153 81 528
3 82 83 529
3 152 82 529
3 83 153 529
3 528 152 529
3 153 528 529
3 85 530 84
3 84 530 154
3 155 530 85
3 86 531 87
3 154 531 86
3 87 531 155
3 530 531 154
3 155 531 530
3 80 81 534
3 158 80 534
3 81 156 534
3 85 84 533
3 84 159 533
3 157 85 533
3 156 157 532
3 156 532 534
3 532 157 533
3 159 158 532
3 532 158 534
3 159 532 533
3 82 537 83
3 162 537 82
3 83 537 160
3 87 536 86
3 86 536 163
3 161 536 87
3 160 535 161
3 160 537 535
3 535 536 161
3 163 535 162
3 535 537 162
3 163 536 535
3 81 153 540
3 156 81 540
3 153 83 541
3 83 160 541
3 155 85 539
3 85 157 539
3 87 155 542
3 161 87 542
3 540 153 541
3 155 539 542
3 157 156 538
3 538 156 540
3 157 538 539
3 160 161 538
3 160 538 541
3 538 161 542
3 539 538 542
3 538 540 541
3 80 545 152
3 158 545 80
3 152 546 82
3 82 546 162
3 154 544 84
3 84 544 159
3 86 547 154
3 163 547 86
3 545 546 152
3 154 547 544
3 159 543 158
3 543 545 158
3 159 544 543
3 162 543 163
3 162 546 543
3 543 547 163
3 544 547 543
3 543 546 545
3 89 88 548
3 88 164 548
3 165 89 548
3 90 91 549
3 164 90 549
3 91 165 549
3 548 164 549
3 165 548 549
3 93 550 92
3 92 550 166
3 167 550 93
3 94 551 95
3 166 551 94
3 95 551 167
3 550 551 166
3 167 551 550
3 88 89 554
3 170 88 554
3 89 168 554
3 93 92 552
3 92 171 552
3 169 93 552
3 168 169 553
3 168 553 554
3 169 552 553
3 171 170 553
3 553 170 554
3 552 171 553
3 90 557 91
3 174 557 90
3 91 557 172
3 95 556 94
3 94 556 175
3 173 556 95
3 172 555 173
3 172 557 555
3 555 556 173
3 175 555 174
3 555 557 174
3 175 556 555
3 89 165 561
3 168 89 561
3 165 91 560
3 91 172 560
3 167 93 562
3 93 169 562
3 95 167 559
3 173 95 559
3 165 560 561
3 559 167 562
3 169 168 558
3 558 168 561
3 169 558 562
3 172 173 558
3 172 558 560
3 558 173 559
3 558 559 562
3 560 558 561
3 88 566 164
3 170 566 88
3 164 565 90
3 90 565 174
3 166 567 92
3 92 567 171
3 94 564 166
3 175 564 94
3 164 566 565
3 564 567 166
3 171 563 170
3 563 566 170
3 171 567 563
3 174 563 175
3 174 565 563
3 563 564 175
3 563 567 564
3 565 566 563
3 176 96 693
3 96 182 693
3 97 178 691
3 222 97 691
3 98 179 692
3 221 98 692
3 181 99 690
3 99 261 690
3 177 176 602
3 602 176 693
3 178 177 646
3 177 602 646
3 178 646 691
3 179 180 601
3 179 601 692
3 180 181 645
3 601 180 645
3 645 181 690
3 182 183 643
3 182 643 693
3 183 184 573
3 183 573 643
3 184 185 632
3 573 184 632
3 185 186 591
3 185 591 632
3 186 187 631
3 591 186 631
3 187 188 589
3 187 589 631
3 188 189 620
3 589 188 620
3 189 190 627
3 620 189 627
3 190 191 579
3 190 579 627
3 191 192 618
3 579 191 618
3 192 193 581
3 192 581 618
3 193 194 638
3 581 193 638
3 194 195 616
3 194 616 638
3 195 196 580
3 195 580 616
3 196 197 639
3 580 196 639
3 197 198 582
3 197 582 639
3 198 199 642
3 582 198 642
3 199 200 613
3 199 613 642
3 200 201 576
3 200 576 613
3 201 202 640
3 576 201 640
3 202 203 583
3 202 583 640
3 203 204 636
3 583 203 636
3 204 205 577
3 204 577 636
3 205 206 615
3 577 205 615
3 206 207 584
3 206 584 615
3 207 208 610
3 584 207 610
3 208 209 603
3 208 603 610
3 209 210 633
3 603 209 633
3 210 211 572
3 210 572 633
3 211 212 619
3 572 211 619
3 212 213 592
3 212 592 619
3 213 214 621
3 592 213 621
3 214 215 586
3 214 586 621
3 215 216 651
3 586 215 651
3 216 217 649
3 216 649 651
3 217 218 570
3 217 570 649
3 218 219 612
3 570 218 612
3 219 220 569
3 219 569 612
3 220 221 644
3 569 220 644
3 644 221 692
3 223 222 590
3 590 222 691
3 224 223 605
3 223 590 605
3 225 224 593
3 593 224 605
3 226 225 635
3 225 593 635
3 227 226 574
3 574 226 635
3 228 227 624
3 227 574 624
3 229 228 575
3 575 228 624
3 230 229 653
3 229 575 653
3 231 230 652
3 652 230 653
3 232 231 596
3 596 231 652
3 233 232 623
3 232 596 623
3 234 233 622
3 622 233 623
3 235 234 597
3 597 234 622
3 236 235 637
3 235 597 637
3 237 236 599
3 599 236 637
3 238 237 617
3 237 599 617
3 239 238 630
3 238 617 630
3 240 239 588
3 588 239 630
3 241 240 626
3 240 588 626
3 242 241 598
3 598 241 626
3 243 242 611
3 242 598 611
3 244 243 595
3 595 243 611
3 245 244 625
3 244 595 625
3 246 245 594
3 594 245 625
3 247 246 609
3 246 594 609
3 248 247 608
3 608 247 609
3 249 248 578
3 578 248 608
3 250 249 650
3 249 578 650
3 251 250 682
3 250 650 682
3 252 251 600
3 600 251 682
3 253 252 614
3 252 600 614
3 254 253 571
3 571 253 614
3 255 254 629
3 254 571 629
3 256 255 568
3 568 255 629
3 257 256 606
3 256 568 606
3 258 257 641
3 257 606 641
3 259 258 585
3 585 258 641
3 260 259 604
3 259 585 604
3 261 260 587
3 587 260 604
3 261 587 690
3 606 568 607
3 607 568 683
3 568 629 683
3 612 569 655
3 569 644 648
3 569 648 655
3 570 612 657
3 649 570 687
3 570 657 687
3 571 614 667
3 629 571 679
3 571 667 679
3 572 619 654
3 633 572 634
3 634 572 654
3 573 632 656
3 643 573 647
3 647 573 656
3 624 574 658
3 574 635 659
3 658 574 659
3 575 624 662
3 653 575 685
3 575 662 685
3 613 576 673
3 576 640 672
3 576 672 673
3 577 615 671
3 636 577 670
3 670 577 671
3 578 608 677
3 650 578 684
3 578 677 684
3 579 618 686
3 627 579 628
3 628 579 686
3 616 580 663
3 580 639 661
3 580 661 663
3 618 581 665
3 581 638 668
3 665 581 668
3 639 582 666
3 582 642 675
3 666 582 675
3 583 636 676
3 640 583 680
3 583 676 680
3 584 610 678
3 615 584 664
3 664 584 678
3 604 585 655
3 585 641 657
3 655 585 657
3 621 586 679
3 586 651 683
3 679 586 683
3 587 604 648
3 645 587 689
3 587 645 690
3 587 648 689
3 626 588 673
3 588 630 674
3 673 588 674
3 589 620 662
3 631 589 658
3 658 589 662
3 605 590 647
3 590 646 688
3 646 590 691
3 647 590 688
3 591 631 659
3 632 591 660
3 591 659 660
3 619 592 681
3 592 621 667
3 592 667 681
3 593 605 656
3 635 593 660
3 593 656 660
3 609 594 664
3 594 625 671
3 664 594 671
3 595 611 676
3 625 595 670
3 670 595 676
3 623 596 665
3 596 652 686
3 665 596 686
3 597 622 669
3 637 597 663
3 663 597 669
3 611 598 680
3 598 626 672
3 598 672 680
3 617 599 666
3 599 637 661
3 599 661 666
3 614 600 681
3 600 654 681
3 654 600 682
3 644 601 689
3 601 644 692
3 601 645 689
3 602 643 688
3 643 602 693
3 646 602 688
3 610 603 677
3 603 633 684
3 677 603 684
3 648 604 655
3 605 647 656
3 606 607 687
3 641 606 687
3 649 607 651
3 607 649 687
3 651 607 683
3 608 609 678
3 677 608 678
3 609 664 678
3 610 677 678
3 676 611 680
3 612 655 657
3 642 613 674
3 613 673 674
3 667 614 681
3 615 664 671
3 638 616 669
3 616 663 669
3 630 617 675
3 617 666 675
3 618 665 686
3 654 619 681
3 620 627 685
3 662 620 685
3 667 621 679
3 622 623 668
3 622 668 669
3 623 665 668
3 624 658 662
3 625 670 671
3 672 626 673
3 627 628 685
3 628 652 653
3 652 628 686
3 628 653 685
3 629 679 683
3 674 630 675
3 631 658 659
3 656 632 660
3 633 634 684
3 650 634 682
3 634 650 684
3 634 654 682
3 659 635 660
3 636 670 676
3 661 637 663
3 668 638 669
3 661 639 666
3 672 640 680
3 657 641 687
3 642 674 675
3 643 647 688
3 648 644 689
3 96 176 745
3 280 96 745
3 178 97 742
3 97 296 742
3 262 100 743
3 100 265 743
3 101 264 744
3 281 101 744
3 176 177 706
3 176 706 745
3 177 178 739
3 706 177 739
3 739 178 742
3 263 262 738
3 738 262 743
3 264 263 707
3 707 263 738
3 264 707 744
3 265 266 701
3 265 701 743
3 266 267 709
3 701 266 709
3 267 268 711
3 709 267 711
3 268 269 696
3 268 696 711
3 269 270 717
3 696 269 717
3 270 271 715
3 270 715 717
3 271 272 697
3 271 697 715
3 272 273 721
3 697 272 721
3 273 274 700
3 273 700 721
3 274 275 720
3 700 274 720
3 275 276 704
3 275 704 720
3 276 277 723
3 704 276 723
3 277 278 724
3 723 277 724
3 278 279 698
3 278 698 724
3 279 280 741
3 698 279 741
3 741 280 745
3 282 281 740
3 740 281 744
3 283 282 695
3 695 282 740
3 284 283 718
3 283 695 718
3 285 284 708
3 708 284 718
3 286 285 716
3 285 708 716
3 287 286 702
3 702 286 716
3 288 287 719
3 287 702 719
3 289 288 703
3 703 288 719
3 290 289 714
3 289 703 714
3 291 290 694
3 694 290 714
3 292 291 722
3 291 694 722
3 293 292 699
3 699 292 722
3 294 293 712
3 293 699 712
3 295 294 710
3 710 294 712
3 296 295 705
3 705 295 710
3 296 705 742
3 694 714 735
3 722 694 734
3 734 694 735
3 718 695 737
3 695 725 737
3 725 695 740
3 711 696 727
3 696 717 733
3 727 696 733
3 715 697 732
3 697 721 729
3 697 729 732
3 724 698 736
3 698 726 736
3 726 698 741
3 712 699 713
3 713 699 728
3 699 722 728
3 700 720 735
3 721 700 731
3 731 700 735
3 701 709 725
3 701 725 747
3 701 738 743
3 738 701 747
3 702 716 730
3 719 702 732
3 702 730 732
3 714 703 731
3 703 719 729
3 703 729 731
3 720 704 734
3 704 723 728
3 704 728 734
3 705 710 726
3 705 726 746
3 705 739 742
3 739 705 746
3 706 739 746
3 706 741 745
3 741 706 746
3 707 738 747
3 707 740 744
3 740 707 747
3 716 708 733
3 708 718 727
3 708 727 733
3 709 711 737
3 725 709 737
3 710 712 736
3 726 710 736
3 711 727 737
3 712 713 736
3 713 723 724
3 723 713 728
3 713 724 736
3 714 731 735
3 717 715 730
3 730 715 732
3 730 716 733
3 717 730 733
3 727 718 737
3 729 719 732
3 720 734 735
3 729 721 731
3 728 722 734
3 725 740 747
3 726 741 746
3 179 98 798
3 98 300 798
3 99 181 797
3 316 99 797
3 102 297 800
3 315 102 800
3 299 103 799
3 103 331 799
3 180 179 759
3 759 179 798
3 181 180 779
3 180 759 779
3 181 779 797
3 297 298 760
3 297 760 800
3 298 299 794
3 760 298 794
3 794 299 799
3 300 301 778
3 300 778 798
3 301 302 776
3 301 776 778
3 302 303 749
3 302 749 776
3 303 304 773
3 749 303 773
3 304 305 762
3 304 762 773
3 305 306 771
3 762 305 771
3 306 307 750
3 306 750 771
3 307 308 775
3 750 307 775
3 308 309 755
3 308 755 775
3 309 310 768
3 755 309 768
3 310 311 769
3 768 310 769
3 311 312 753
3 311 753 769
3 312 313 766
3 753 312 766
3 313 314 751
3 313 751 766
3 314 315 795
3 751 314 795
3 795 315 800
3 317 316 754
3 754 316 797
3 318 317 763
3 317 754 763
3 319 318 761
3 761 318 763
3 320 319 774
3 319 761 774
3 321 320 752
3 752 320 774
3 322 321 781
3 321 752 781
3 323 322 791
3 322 781 791
3 324 323 756
3 756 323 791
3 325 324 767
3 324 756 767
3 326 325 748
3 748 325 767
3 327 326 790
3 326 748 790
3 328 327 780
3 780 327 790
3 329 328 757
3 757 328 780
3 330 329 765
3 329 757 765
3 331 330 758
3 758 330 765
3 331 758 799
3 748 767 789
3 783 748 789
3 748 783 790
3 749 773 787
3 776 749 777
3 777 749 787
3 771 750 772
3 772 750 782
3 750 775 782
3 766 751 785
3 751 784 785
3 784 751 795
3 752 774 788
3 781 752 792
3 752 788 792
3 753 766 793
3 769 753 770
3 770 753 793
3 763 754 764
3 764 754 796
3 754 779 796
3 779 754 797
3 755 768 789
3 775 755 786
3 786 755 789
3 767 756 786
3 756 782 786
3 782 756 791
3 765 757 785
3 757 780 793
3 785 757 793
3 758 765 784
3 758 784 801
3 758 794 799
3 794 758 801
3 759 778 796
3 778 759 798
3 779 759 796
3 760 794 801
3 760 795 800
3 795 760 801
3 761 763 777
3 774 761 787
3 761 777 787
3 762 771 792
3 773 762 788
3 788 762 792
3 763 764 777
3 764 776 777
3 776 764 778
3 778 764 796
3 784 765 785
3 766 785 793
3 767 786 789
3 768 769 783
3 768 783 789
3 769 770 783
3 770 780 790
3 780 770 793
3 783 770 790
3 771 772 792
3 781 772 791
3 772 781 792
3 772 782 791
3 787 773 788
3 774 787 788
3 782 775 786
3 784 795 801
3 182 96 1531
3 96 280 1531
3 98 221 1529
3 300 98 1529
3 265 100 1530
3 100 371 1530
3 102 315 1533
3 332 102 1533
3 183 182 845
3 845 182 1531
3 184 183 1228
3 183 845 1228
3 185 184 828
3 828 184 1228
3 186 185 1239
3 185 828 1239
3 187 186 824
3 824 186 1239
3 188 187 1193
3 187 824 1193
3 189 188 1476
3 188 1193 1476
3 190 189 814
3 814 189 1476
3 191 190 1264
3 190 814 1264
3 192 191 837
3 837 191 1264
3 193 192 1266
3 192 837 1266
3 194 193 809
3 809 193 1266
3 195 194 1343
3 194 809 1343
3 196 195 1345
3 195 1343 1345
3 197 196 817
3 817 196 1345
3 198 197 1339
3 197 817 1339
3 199 198 1338
3 1338 198 1339
3 200 199 811
3 811 199 1338
3 201 200 1341
3 200 811 1341
3 202 201 834
3 834 201 1341
3 203 202 1365
3 202 834 1365
3 204 203 812
3 812 203 1365
3 205 204 1335
3 204 812 1335
3 206 205 1435
3 205 1335 1435
3 207 206 832
3 832 206 1435
3 208 207 1459
3 207 832 1459
3 209 208 810
3 810 208 1459
3 210 209 1310
3 209 810 1310
3 211 210 830
3 830 210 1310
3 212 211 1336
3 211 830 1336
3 213 212 804
3 804 212 1336
3 214 213 1466
3 213 804 1466
3 215 214 1468
3 214 1466 1468
3 216 215 818
3 818 215 1468
3 217 216 1218
3 216 818 1218
3 218 217 1217
3 1217 217 1218
3 219 218 826
3 826 218 1217
3 220 219 847
3 219 826 847
3 221 220 844
3 844 220 847
3 221 844 1529
3 266 265 1222
3 1222 265 1530
3 267 266 1520
3 266 1222 1520
3 268 267 839
3 839 267 1520
3 269 268 1527
3 268 839 1527
3 270 269 822
3 822 269 1527
3 271 270 1382
3 270 822 1382
3 272 271 1380
3 1380 271 1382
3 273 272 802
3 802 272 1380
3 274 273 1238
3 273 802 1238
3 275 274 1515
3 274 1238 1515
3 276 275 820
3 820 275 1515
3 277 276 1491
3 276 820 1491
3 278 277 841
3 841 277 1491
3 279 278 1521
3 278 841 1521
3 280 279 1230
3 1230 279 1521
3 280 1230 1531
3 301 300 1243
3 1243 300 1529
3 302 301 1519
3 301 1243 1519
3 303 302 840
3 840 302 1519
3 304 303 1532
3 303 840 1532
3 305 304 823
3 823 304 1532
3 306 305 1524
3 305 823 1524
3 307 306 1534
3 1205 306 1524
3 306 1205 1534
3 308 307 803
3 803 307 1534
3 309 308 1510
3 308 803 1510
3 310 309 1379
3 1379 309 1510
3 311 310 821
3 821 310 1379
3 312 311 1386
3 311 821 1386
3 313 312 838
3 838 312 1386
3 314 313 1385
3 313 838 1385
3 315 314 846
3 846 314 1385
3 315 846 1533
3 333 332 1479
3 1479 332 1533
3 334 333 842
3 842 333 1479
3 335 334 1439
3 334 842 1439
3 336 335 825
3 825 335 1439
3 337 336 1257
3 336 825 1257
3 338 337 1260
3 337 1257 1260
3 339 338 815
3 815 338 1260
3 340 339 1478
3 339 815 1478
3 341 340 829
3 829 340 1478
3 342 341 1273
3 341 829 1273
3 343 342 813
3 813 342 1273
3 344 343 1291
3 343 813 1291
3 345 344 836
3 836 344 1291
3 346 345 1332
3 345 836 1332
3 347 346 1331
3 1331 346 1332
3 348 347 808
3 808 347 1331
3 349 348 1327
3 348 808 1327
3 350 349 833
3 833 349 1327
3 351 350 1323
3 350 833 1323
3 352 351 806
3 806 351 1323
3 353 352 1319
3 352 806 1319
3 354 353 835
3 835 353 1319
3 355 354 1312
3 354 835 1312
3 356 355 807
3 807 355 1312
3 357 356 1333
3 356 807 1333
3 358 357 831
3 831 357 1333
3 359 358 1504
3 358 831 1504
3 360 359 816
3 816 359 1504
3 361 360 1507
3 360 816 1507
3 362 361 1508
3 361 1507 1508
3 363 362 805
3 805 362 1508
3 364 363 1503
3 363 805 1503
3 365 364 1518
3 364 1503 1518
3 366 365 819
3 819 365 1518
3 367 366 1497
3 366 819 1497
3 368 367 1514
3 367 1497 1514
3 369 368 827
3 827 368 1514
3 370 369 1220
3 369 827 1220
3 371 370 843
3 843 370 1220
3 371 843 1530
3 1238 802 1472
3 802 1380 1526
3 1472 802 1526
3 1489 803 1534
3 803 1489 1535
3 1510 803 1535
3 804 1240 1466
3 1240 804 1467
3 804 1336 1467
3 805 1185 1503
3 1185 805 1506
3 1506 805 1508
3 1319 806 1320
3 1320 806 1321
3 1321 806 1323
3 807 1312 1313
3 807 1313 1314
3 807 1314 1333
3 1327 808 1328
3 1328 808 1329
3 1329 808 1331
3 809 1266 1473
3 1343 809 1344
3 1344 809 1473
3 1310 810 1311
3 1311 810 1475
3 810 1459 1475
3 811 1195 1341
3 1195 811 1342
3 811 1338 1342
3 1335 812 1415
3 812 1365 1400
3 812 1400 1415
3 813 1273 1274
3 813 1274 1275
3 813 1275 1291
3 1194 814 1476
3 814 1194 1477
3 1264 814 1477
3 815 1182 1478
3 1182 815 1537
3 815 1260 1471
3 815 1471 1537
3 1191 816 1505
3 816 1191 1507
3 816 1504 1505
3 1339 817 1340
3 1340 817 1474
3 817 1345 1474
3 1218 818 1219
3 1219 818 1469
3 818 1468 1469
3 819 1187 1497
3 1187 819 1501
3 1501 819 1518
3 820 1233 1491
3 1233 820 1538
3 1236 820 1515
3 820 1236 1538
3 821 1379 1517
3 1386 821 1517
3 822 1226 1457
3 1226 822 1527
3 1382 822 1528
3 822 1457 1528
3 1201 823 1202
3 823 1201 1524
3 1202 823 1203
3 1203 823 1532
3 824 1184 1193
3 1184 824 1399
3 824 1239 1399
3 1257 825 1258
3 1258 825 1525
3 825 1439 1525
3 847 826 848
3 848 826 849
3 849 826 1217
3 1220 827 1255
3 1255 827 1513
3 1513 827 1514
3 1183 828 1234
3 828 1183 1239
3 828 1228 1234
3 1273 829 1277
3 1277 829 1523
3 829 1478 1523
3 830 1310 1463
3 1336 830 1337
3 1337 830 1463
3 1189 831 1334
3 831 1189 1504
3 831 1333 1334
3 1290 832 1458
3 832 1290 1459
3 832 1435 1458
3 1323 833 1324
3 1324 833 1325
3 1325 833 1327
3 1196 834 1356
3 834 1196 1365
3 834 1341 1356
3 1312 835 1316
3 1316 835 1317
3 1317 835 1319
3 836 1291 1292
3 836 1292 1293
3 836 1293 1332
3 1190 837 1265
3 837 1190 1266
3 837 1264 1265
3 838 1212 1385
3 1212 838 1516
3 838 1386 1516
3 839 1223 1225
3 1223 839 1520
3 839 1225 1226
3 839 1226 1527
3 1203 840 1481
3 840 1203 1532
3 840 1242 1481
3 1242 840 1519
3 1231 841 1232
3 841 1231 1521
3 1232 841 1536
3 841 1491 1536
3 1181 842 1360
3 842 1181 1439
3 1360 842 1479
3 843 1220 1221
3 843 1221 1222
3 843 1222 1530
3 844 847 1241
3 844 1241 1243
3 844 1243 1529
3 1228 845 1229
3 1229 845 1230
3 1230 845 1531
3 846 1385 1509
3 1479 846 1509
3 846 1479 1533
3 847 848 1241
3 848 849 850
3 848 850 1159
3 848 1159 1241
3 850 849 851
3 851 849 1393
3 849 1217 1393
3 850 851 852
3 850 852 1214
3 1159 850 1214
3 852 851 853
3 853 851 1068
3 1068 851 1393
3 852 853 854
3 852 854 1038
3 852 1038 1214
3 854 853 855
3 855 853 1420
3 853 1068 1420
3 854 855 856
3 854 856 1247
3 1038 854 1247
3 856 855 857
3 857 855 950
3 950 855 1420
3 856 857 858
3 856 858 966
3 856 966 1247
3 858 857 859
3 859 857 1407
3 857 950 1407
3 858 859 860
3 858 860 1249
3 966 858 1249
3 860 859 861
3 861 859 1375
3 1375 859 1407
3 860 861 862
3 860 862 1245
3 860 1245 1249
3 862 861 863
3 863 861 864
3 864 861 1375
3 862 863 919
3 862 919 928
3 862 928 1245
3 863 864 865
3 863 865 1378
3 919 863 1378
3 865 864 866
3 866 864 988
3 988 864 1375
3 865 866 867
3 865 867 1074
3 865 1074 1378
3 867 866 868
3 868 866 1374
3 866 988 1374
3 867 868 869
3 867 869 1371
3 1074 867 1371
3 869 868 870
3 870 868 937
3 937 868 1374
3 869 870 871
3 869 871 920
3 869 920 1371
3 871 870 872
3 872 870 1372
3 870 937 1372
3 871 872 873
3 871 873 1368
3 920 871 1368
3 873 872 874
3 874 872 965
3 965 872 1372
3 873 874 875
3 873 875 964
3 873 964 1368
3 875 874 876
3 876 874 1366
3 874 965 1366
3 875 876 877
3 875 877 1363
3 964 875 1363
3 877 876 878
3 878 876 936
3 936 876 1366
3 877 878 879
3 877 879 916
3 877 916 1363
3 879 878 880
3 880 878 1387
3 878 936 1387
3 879 880 881
3 879 881 1426
3 916 879 1426
3 881 880 882
3 882 880 1398
3 880 1387 1398
3 881 882 883
3 881 883 1451
3 1426 881 1451
3 883 882 884
3 884 882 934
3 934 882 1398
3 883 884 885
3 883 885 922
3 883 922 1451
3 885 884 886
3 886 884 1361
3 884 934 1361
3 885 886 887
3 885 887 1359
3 922 885 1359
3 887 886 888
3 888 886 963
3 963 886 1361
3 887 888 889
3 887 889 962
3 887 962 1359
3 889 888 890
3 890 888 1355
3 888 963 1355
3 889 890 891
3 889 891 1353
3 962 889 1353
3 891 890 892
3 892 890 935
3 935 890 1355
3 891 892 893
3 891 893 923
3 891 923 1353
3 893 892 894
3 894 892 1431
3 892 935 1431
3 893 894 895
3 893 895 1351
3 923 893 1351
3 895 894 896
3 896 894 1436
3 894 1431 1436
3 895 896 897
3 895 897 961
3 895 961 1351
3 897 896 898
3 898 896 933
3 933 896 1436
3 897 898 899
3 897 899 1349
3 961 897 1349
3 899 898 900
3 900 898 1303
3 898 933 1303
3 899 900 901
3 899 901 924
3 899 924 1349
3 901 900 902
3 902 900 1301
3 1301 900 1303
3 901 902 903
3 901 903 1298
3 924 901 1298
3 903 902 904
3 904 902 932
3 932 902 1301
3 903 904 905
3 903 905 960
3 903 960 1298
3 905 904 906
3 906 904 1288
3 904 932 1288
3 905 906 907
3 905 907 1285
3 960 905 1285
3 907 906 908
3 908 906 1286
3 1286 906 1288
3 907 908 909
3 907 909 918
3 907 918 1285
3 909 908 910
3 910 908 938
3 938 908 1286
3 909 910 911
3 909 911 1262
3 918 909 1262
3 911 910 912
3 912 910 1414
3 910 938 1414
3 911 912 913
3 911 913 1261
3 911 1261 1262
3 913 912 914
3 914 912 1404
3 1404 912 1414
3 913 914 915
3 913 915 917
3 913 917 1261
3 915 914 925
3 925 914 930
3 930 914 1404
3 917 915 921
3 921 915 1251
3 915 925 1251
3 1363 916 1449
3 916 1426 1450
3 1449 916 1450
3 917 921 926
3 917 926 1392
3 1261 917 1392
3 918 1262 1437
3 1285 918 1429
3 1429 918 1437
3 928 919 929
3 929 919 1388
3 919 1378 1388
3 920 1368 1433
3 1371 920 1425
3 1425 920 1433
3 926 921 927
3 927 921 1254
3 921 1251 1254
3 922 1359 1446
3 922 1446 1448
3 922 1448 1451
3 923 1351 1434
3 1353 923 1440
3 923 1434 1440
3 924 1298 1421
3 1349 924 1424
3 924 1421 1424
3 925 930 931
3 925 931 1252
3 1251 925 1252
3 926 927 939
3 926 939 942
3 926 942 1392
3 939 927 940
3 940 927 941
3 941 927 1254
3 928 929 943
3 928 943 958
3 928 958 1245
3 943 929 944
3 944 929 945
3 945 929 1388
3 931 930 946
3 946 930 1389
3 1389 930 1404
3 931 946 947
3 931 947 948
3 931 948 1252
3 1288 932 1455
3 932 1301 1302
3 932 1302 1455
3 1303 933 1447
3 933 1436 1443
3 933 1443 1447
3 1361 934 1406
3 934 1398 1401
3 934 1401 1406
3 935 1355 1423
3 1410 935 1423
3 935 1410 1431
3 1357 936 1367
3 936 1357 1387
3 936 1366 1367
3 1244 937 1263
3 937 1244 1372
3 1263 937 1374
3 938 1286 1287
3 938 1287 1422
3 1414 938 1422
3 939 940 1268
3 942 939 955
3 955 939 1268
3 940 941 951
3 940 951 959
3 940 959 1268
3 951 941 968
3 968 941 1199
3 1199 941 1254
3 942 955 956
3 942 956 1369
3 942 1369 1392
3 943 944 1250
3 958 943 969
3 969 943 1250
3 944 945 952
3 944 952 954
3 944 954 1250
3 952 945 953
3 953 945 984
3 984 945 1388
3 947 946 972
3 972 946 973
3 973 946 1389
3 948 947 949
3 949 947 1280
3 947 972 1280
3 948 949 957
3 948 957 1383
3 1252 948 1383
3 957 949 977
3 977 949 978
3 978 949 1280
3 950 1198 1409
3 1198 950 1420
3 1407 950 1409
3 959 951 967
3 967 951 1269
3 951 968 1269
3 952 953 1373
3 954 952 970
3 970 952 1373
3 953 984 985
3 953 985 986
3 953 986 1373
3 954 970 971
3 954 971 1364
3 1250 954 1364
3 956 955 975
3 975 955 1270
3 955 1268 1270
3 956 975 976
3 956 976 991
3 956 991 1369
3 957 977 980
3 957 980 1051
3 957 1051 1383
3 958 969 981
3 958 981 1390
3 1245 958 1390
3 959 967 974
3 959 974 1397
3 1268 959 1397
3 960 1285 1408
3 1298 960 1413
3 960 1408 1413
3 961 1349 1430
3 1351 961 1432
3 961 1430 1432
3 962 1353 1442
3 1359 962 1445
3 962 1442 1445
3 1355 963 1419
3 963 1361 1412
3 963 1412 1419
3 964 1363 1444
3 1368 964 1441
3 1441 964 1444
3 1256 965 1271
3 965 1256 1366
3 1271 965 1372
3 1200 966 1249
3 966 1200 1396
3 1247 966 1396
3 974 967 979
3 979 967 1032
3 1032 967 1269
3 968 1199 1272
3 1269 968 1460
3 968 1272 1460
3 981 969 1030
3 1030 969 1394
3 969 1250 1394
3 971 970 1039
3 1039 970 1395
3 970 1373 1395
3 971 1039 1040
3 971 1040 1041
3 971 1041 1364
3 972 973 982
3 972 982 1281
3 1280 972 1281
3 982 973 983
3 983 973 1056
3 1056 973 1389
3 974 979 1034
3 974 1034 1036
3 974 1036 1397
3 976 975 1052
3 1052 975 1072
3 1072 975 1270
3 991 976 992
3 992 976 1377
3 976 1052 1377
3 977 978 1031
3 980 977 1246
3 977 1031 1246
3 1031 978 1037
3 1037 978 1403
3 978 1280 1403
3 979 1032 1485
3 1034 979 1035
3 1035 979 1485
3 1051 980 1053
3 1053 980 1069
3 1069 980 1246
3 981 1030 1061
3 981 1061 1067
3 981 1067 1390
3 982 983 1063
3 982 1063 1064
3 982 1064 1281
3 983 1056 1057
3 983 1057 1384
3 1063 983 1384
3 985 984 1370
3 1370 984 1402
3 984 1388 1402
3 986 985 987
3 987 985 989
3 989 985 1370
3 986 987 1042
3 986 1042 1071
3 986 1071 1373
3 987 989 990
3 987 990 1376
3 1042 987 1376
3 1215 988 1216
3 988 1215 1374
3 1216 988 1375
3 990 989 993
3 993 989 1078
3 1078 989 1370
3 990 993 994
3 990 994 1043
3 990 1043 1376
3 991 992 1070
3 991 1070 1075
3 991 1075 1369
3 1070 992 1213
3 992 1208 1213
3 1208 992 1377
3 994 993 995
3 995 993 1358
3 993 1078 1358
3 994 995 996
3 994 996 1482
3 1043 994 1482
3 996 995 997
3 997 995 1134
3 1134 995 1358
3 996 997 998
3 996 998 1044
3 996 1044 1482
3 998 997 999
3 999 997 1352
3 997 1134 1352
3 998 999 1000
3 998 1000 1486
3 1044 998 1486
3 1000 999 1001
3 1001 999 1140
3 1140 999 1352
3 1000 1001 1002
3 1000 1002 1487
3 1486 1000 1487
3 1002 1001 1003
3 1003 1001 1350
3 1001 1140 1350
3 1002 1003 1004
3 1002 1004 1033
3 1002 1033 1487
3 1004 1003 1005
3 1005 1003 1077
3 1077 1003 1350
3 1004 1005 1006
3 1004 1006 1490
3 1033 1004 1490
3 1006 1005 1007
3 1007 1005 1347
3 1005 1077 1347
3 1006 1007 1008
3 1006 1008 1046
3 1006 1046 1490
3 1008 1007 1009
3 1009 1007 1307
3 1307 1007 1347
3 1008 1009 1010
3 1008 1010 1493
3 1046 1008 1493
3 1010 1009 1011
3 1011 1009 1136
3 1136 1009 1307
3 1010 1011 1012
3 1010 1012 1047
3 1010 1047 1493
3 1012 1011 1013
3 1013 1011 1346
3 1011 1136 1346
3 1012 1013 1014
3 1012 1014 1495
3 1047 1012 1495
3 1014 1013 1015
3 1015 1013 1135
3 1135 1013 1346
3 1014 1015 1016
3 1014 1016 1048
3 1014 1048 1495
3 1016 1015 1017
3 1017 1015 1308
3 1015 1135 1308
3 1016 1017 1018
3 1016 1018 1498
3 1048 1016 1498
3 1018 1017 1019
3 1019 1017 1133
3 1133 1017 1308
3 1018 1019 1020
3 1018 1020 1049
3 1018 1049 1498
3 1020 1019 1021
3 1021 1019 1309
3 1019 1133 1309
3 1020 1021 1022
3 1020 1022 1500
3 1049 1020 1500
3 1022 1021 1023
3 1023 1021 1079
3 1079 1021 1309
3 1022 1023 1024
3 1022 1024 1050
3 1022 1050 1500
3 1024 1023 1025
3 1025 1023 1299
3 1023 1079 1299
3 1024 1025 1026
3 1024 1026 1362
3 1050 1024 1362
3 1026 1025 1027
3 1027 1025 1076
3 1076 1025 1299
3 1026 1027 1028
3 1026 1028 1054
3 1026 1054 1362
3 1028 1027 1029
3 1029 1027 1278
3 1027 1076 1278
3 1028 1029 1267
3 1054 1028 1055
3 1055 1028 1267
3 1267 1029 1416
3 1029 1278 1279
3 1029 1279 1416
3 1061 1030 1062
3 1062 1030 1169
3 1169 1030 1394
3 1031 1037 1058
3 1031 1058 1141
3 1031 1141 1246
3 1197 1032 1269
3 1032 1197 1483
3 1032 1483 1485
3 1033 1295 1487
3 1295 1033 1488
3 1488 1033 1490
3 1034 1035 1391
3 1036 1034 1060
3 1060 1034 1391
3 1391 1035 1512
3 1035 1485 1511
3 1035 1511 1512
3 1036 1060 1158
3 1036 1158 1438
3 1397 1036 1438
3 1058 1037 1154
3 1154 1037 1156
3 1156 1037 1403
3 1204 1038 1206
3 1038 1204 1214
3 1206 1038 1247
3 1040 1039 1461
3 1039 1395 1464
3 1461 1039 1464
3 1041 1040 1045
3 1045 1040 1148
3 1148 1040 1461
3 1041 1045 1059
3 1041 1059 1209
3 1041 1209 1364
3 1071 1042 1161
3 1161 1042 1163
3 1163 1042 1376
3 1376 1043 1480
3 1480 1043 1522
3 1043 1482 1522
3 1044 1276 1482
3 1276 1044 1484
3 1484 1044 1486
3 1059 1045 1211
3 1045 1148 1149
3 1045 1149 1211
3 1046 1330 1490
3 1330 1046 1492
3 1492 1046 1493
3 1047 1326 1493
3 1326 1047 1494
3 1494 1047 1495
3 1048 1322 1495
3 1322 1048 1496
3 1496 1048 1498
3 1049 1318 1498
3 1318 1049 1499
3 1499 1049 1500
3 1050 1315 1500
3 1315 1050 1502
3 1050 1362 1502
3 1051 1053 1065
3 1051 1065 1066
3 1051 1066 1383
3 1052 1072 1073
3 1052 1073 1160
3 1052 1160 1377
3 1065 1053 1146
3 1053 1069 1237
3 1146 1053 1237
3 1054 1055 1166
3 1054 1166 1168
3 1054 1168 1362
3 1166 1055 1167
3 1167 1055 1171
3 1171 1055 1267
3 1057 1056 1080
3 1080 1056 1173
3 1173 1056 1389
3 1057 1080 1081
3 1057 1081 1082
3 1057 1082 1384
3 1141 1058 1232
3 1058 1154 1155
3 1058 1155 1232
3 1059 1207 1209
3 1207 1059 1210
3 1210 1059 1211
3 1158 1060 1187
3 1187 1060 1188
3 1188 1060 1391
3 1061 1062 1248
3 1067 1061 1150
3 1150 1061 1248
3 1062 1169 1179
3 1062 1179 1180
3 1062 1180 1248
3 1064 1063 1157
3 1157 1063 1194
3 1194 1063 1384
3 1064 1157 1184
3 1064 1184 1418
3 1281 1064 1418
3 1066 1065 1272
3 1065 1146 1147
3 1065 1147 1272
3 1066 1199 1253
3 1199 1066 1272
3 1066 1253 1383
3 1067 1150 1151
3 1067 1151 1200
3 1067 1200 1390
3 1219 1068 1393
3 1068 1219 1470
3 1420 1068 1470
3 1069 1235 1236
3 1235 1069 1246
3 1069 1236 1237
3 1075 1070 1142
3 1142 1070 1416
3 1070 1213 1416
3 1071 1161 1162
3 1071 1162 1395
3 1373 1071 1395
3 1073 1072 1405
3 1072 1270 1438
3 1405 1072 1438
3 1160 1073 1185
3 1185 1073 1186
3 1186 1073 1405
3 1074 1371 1411
3 1378 1074 1402
3 1402 1074 1411
3 1075 1142 1437
3 1369 1075 1417
3 1417 1075 1437
3 1278 1076 1413
3 1076 1299 1421
3 1413 1076 1421
3 1347 1077 1348
3 1348 1077 1450
3 1077 1350 1450
3 1358 1078 1425
3 1078 1370 1411
3 1078 1411 1425
3 1299 1079 1424
3 1079 1309 1430
3 1424 1079 1430
3 1081 1080 1427
3 1080 1173 1422
3 1080 1422 1427
3 1082 1081 1083
3 1083 1081 1084
3 1084 1081 1427
3 1082 1083 1265
3 1082 1265 1477
3 1384 1082 1477
3 1083 1084 1085
3 1083 1085 1190
3 1083 1190 1265
3 1085 1084 1086
3 1086 1084 1454
3 1084 1427 1454
3 1085 1086 1087
3 1085 1087 1473
3 1190 1085 1473
3 1087 1086 1088
3 1088 1086 1131
3 1131 1086 1454
3 1087 1088 1089
3 1087 1089 1344
3 1087 1344 1473
3 1089 1088 1090
3 1090 1088 1428
3 1088 1131 1428
3 1089 1090 1091
3 1089 1091 1164
3 1089 1164 1344
3 1091 1090 1092
3 1092 1090 1456
3 1090 1428 1456
3 1091 1092 1093
3 1091 1093 1474
3 1164 1091 1474
3 1093 1092 1094
3 1094 1092 1113
3 1113 1092 1456
3 1093 1094 1095
3 1093 1095 1340
3 1093 1340 1474
3 1095 1094 1096
3 1096 1094 1306
3 1094 1113 1306
3 1095 1096 1097
3 1095 1097 1165
3 1095 1165 1340
3 1097 1096 1098
3 1098 1096 1304
3 1304 1096 1306
3 1097 1098 1099
3 1097 1099 1342
3 1165 1097 1342
3 1099 1098 1100
3 1100 1098 1111
3 1111 1098 1304
3 1099 1100 1101
3 1099 1101 1195
3 1099 1195 1342
3 1101 1100 1102
3 1102 1100 1300
3 1100 1111 1300
3 1101 1102 1103
3 1101 1103 1356
3 1195 1101 1356
3 1103 1102 1104
3 1104 1102 1132
3 1132 1102 1300
3 1103 1104 1105
3 1103 1105 1196
3 1103 1196 1356
3 1105 1104 1106
3 1106 1104 1297
3 1104 1132 1297
3 1105 1106 1107
3 1105 1107 1400
3 1196 1105 1400
3 1107 1106 1108
3 1108 1106 1112
3 1112 1106 1297
3 1107 1108 1109
3 1107 1109 1415
3 1400 1107 1415
3 1109 1108 1110
3 1110 1108 1284
3 1108 1112 1284
3 1109 1110 1114
3 1109 1114 1170
3 1109 1170 1415
3 1114 1110 1115
3 1115 1110 1282
3 1282 1110 1284
3 1300 1111 1410
3 1111 1304 1305
3 1111 1305 1410
3 1284 1112 1406
3 1112 1297 1412
3 1406 1112 1412
3 1306 1113 1447
3 1447 1113 1452
3 1452 1113 1456
3 1114 1115 1116
3 1114 1116 1458
3 1170 1114 1458
3 1116 1115 1117
3 1117 1115 1118
3 1118 1115 1282
3 1116 1117 1289
3 1116 1289 1290
3 1116 1290 1458
3 1117 1118 1119
3 1117 1119 1120
3 1117 1120 1289
3 1119 1118 1357
3 1118 1282 1283
3 1118 1283 1357
3 1120 1119 1121
3 1121 1119 1367
3 1119 1357 1367
3 1120 1121 1122
3 1120 1122 1462
3 1289 1120 1462
3 1122 1121 1123
3 1123 1121 1256
3 1256 1121 1367
3 1122 1123 1124
3 1122 1124 1143
3 1122 1143 1462
3 1124 1123 1125
3 1125 1123 1271
3 1123 1256 1271
3 1124 1125 1126
3 1124 1126 1465
3 1143 1124 1465
3 1126 1125 1127
3 1127 1125 1244
3 1244 1125 1271
3 1126 1127 1128
3 1126 1128 1145
3 1126 1145 1465
3 1128 1127 1129
3 1129 1127 1263
3 1127 1244 1263
3 1128 1129 1130
3 1128 1130 1381
3 1145 1128 1381
3 1130 1129 1137
3 1137 1129 1215
3 1215 1129 1263
3 1130 1137 1138
3 1130 1138 1139
3 1130 1139 1381
3 1428 1131 1455
3 1453 1131 1454
3 1131 1453 1455
3 1297 1132 1419
3 1132 1300 1423
3 1419 1132 1423
3 1133 1308 1434
3 1309 1133 1432
3 1432 1133 1434
3 1352 1134 1441
3 1134 1358 1433
3 1134 1433 1441
3 1308 1135 1440
3 1135 1346 1442
3 1440 1135 1442
3 1136 1307 1446
3 1346 1136 1445
3 1445 1136 1446
3 1138 1137 1409
3 1137 1215 1216
3 1137 1216 1409
3 1139 1138 1144
3 1144 1138 1198
3 1198 1138 1409
3 1139 1144 1178
3 1139 1178 1240
3 1139 1240 1381
3 1350 1140 1449
3 1140 1352 1444
3 1140 1444 1449
3 1141 1232 1233
3 1141 1233 1235
3 1141 1235 1246
3 1279 1142 1416
3 1142 1279 1429
3 1142 1429 1437
3 1143 1311 1462
3 1311 1143 1463
3 1463 1143 1465
3 1178 1144 1469
3 1144 1198 1470
3 1469 1144 1470
3 1145 1337 1465
3 1337 1145 1467
3 1145 1381 1467
3 1147 1146 1174
3 1174 1146 1472
3 1146 1237 1472
3 1147 1174 1175
3 1147 1175 1460
3 1272 1147 1460
3 1149 1148 1181
3 1181 1148 1525
3 1148 1461 1525
3 1149 1181 1360
3 1211 1149 1212
3 1212 1149 1360
3 1151 1150 1152
3 1152 1150 1489
3 1150 1248 1489
3 1151 1152 1153
3 1151 1153 1396
3 1200 1151 1396
3 1153 1152 1201
3 1201 1152 1205
3 1205 1152 1489
3 1153 1201 1202
3 1153 1202 1206
3 1153 1206 1396
3 1155 1154 1234
3 1154 1156 1183
3 1154 1183 1234
3 1155 1229 1231
3 1229 1155 1234
3 1155 1231 1232
3 1183 1156 1399
3 1399 1156 1418
3 1156 1403 1418
3 1184 1157 1193
3 1193 1157 1476
3 1157 1194 1476
3 1158 1187 1501
3 1158 1405 1438
3 1405 1158 1501
3 1159 1214 1481
3 1241 1159 1242
3 1242 1159 1481
3 1160 1185 1506
3 1160 1354 1377
3 1354 1160 1506
3 1162 1161 1537
3 1161 1163 1182
3 1161 1182 1537
3 1162 1259 1464
3 1259 1162 1471
3 1395 1162 1464
3 1471 1162 1537
3 1182 1163 1523
3 1163 1376 1480
3 1163 1480 1523
3 1164 1343 1344
3 1343 1164 1345
3 1345 1164 1474
3 1165 1338 1339
3 1338 1165 1342
3 1165 1339 1340
3 1166 1167 1505
3 1168 1166 1189
3 1189 1166 1505
3 1167 1171 1172
3 1167 1172 1191
3 1167 1191 1505
3 1168 1189 1334
3 1168 1334 1502
3 1362 1168 1502
3 1179 1169 1207
3 1207 1169 1209
3 1209 1169 1394
3 1170 1335 1415
3 1335 1170 1435
3 1435 1170 1458
3 1172 1171 1208
3 1208 1171 1213
3 1213 1171 1267
3 1191 1172 1192
3 1192 1172 1354
3 1172 1208 1354
3 1173 1389 1404
3 1173 1404 1414
3 1173 1414 1422
3 1175 1174 1176
3 1176 1174 1526
3 1174 1472 1526
3 1175 1176 1177
3 1175 1177 1197
3 1175 1197 1460
3 1177 1176 1528
3 1176 1380 1382
3 1380 1176 1526
3 1176 1382 1528
3 1197 1177 1483
3 1177 1457 1483
3 1457 1177 1528
3 1240 1178 1466
3 1466 1178 1468
3 1468 1178 1469
3 1180 1179 1379
3 1179 1207 1517
3 1379 1179 1517
3 1248 1180 1535
3 1180 1379 1510
3 1180 1510 1535
3 1439 1181 1525
3 1478 1182 1523
3 1239 1183 1399
3 1184 1399 1418
3 1185 1186 1503
3 1186 1405 1501
3 1186 1501 1518
3 1503 1186 1518
3 1187 1188 1497
3 1188 1391 1513
3 1497 1188 1514
3 1188 1513 1514
3 1504 1189 1505
3 1266 1190 1473
3 1191 1192 1507
3 1192 1354 1506
3 1192 1506 1508
3 1507 1192 1508
3 1194 1384 1477
3 1341 1195 1356
3 1365 1196 1400
3 1197 1269 1460
3 1198 1420 1470
3 1253 1199 1254
3 1200 1249 1390
3 1201 1205 1524
3 1202 1203 1204
3 1202 1204 1206
3 1204 1203 1481
3 1214 1204 1481
3 1205 1489 1534
3 1206 1247 1396
3 1207 1210 1517
3 1354 1208 1377
3 1364 1209 1394
3 1210 1211 1516
3 1386 1210 1516
3 1210 1386 1517
3 1211 1212 1516
3 1212 1360 1509
3 1385 1212 1509
3 1213 1267 1416
3 1215 1263 1374
3 1216 1375 1407
3 1216 1407 1409
3 1217 1218 1393
3 1218 1219 1393
3 1219 1469 1470
3 1221 1220 1255
3 1222 1221 1223
3 1223 1221 1224
3 1224 1221 1255
3 1222 1223 1520
3 1223 1224 1225
3 1225 1224 1511
3 1224 1255 1512
3 1511 1224 1512
3 1226 1225 1227
3 1227 1225 1511
3 1226 1227 1457
3 1457 1227 1483
3 1483 1227 1485
3 1485 1227 1511
3 1228 1229 1234
3 1229 1230 1231
3 1231 1230 1521
3 1233 1232 1536
3 1235 1233 1538
3 1491 1233 1536
3 1236 1235 1538
3 1237 1236 1238
3 1238 1236 1515
3 1237 1238 1472
3 1381 1240 1467
3 1241 1242 1243
3 1243 1242 1519
3 1244 1271 1372
3 1249 1245 1390
3 1489 1248 1535
3 1250 1364 1394
3 1251 1252 1253
3 1251 1253 1254
3 1253 1252 1383
3 1512 1255 1513
3 1366 1256 1367
3 1257 1258 1259
3 1257 1259 1260
3 1259 1258 1464
3 1258 1461 1464
3 1461 1258 1525
3 1260 1259 1471
3 1262 1261 1417
3 1261 1392 1417
3 1262 1417 1437
3 1265 1264 1477
3 1270 1268 1397
3 1270 1397 1438
3 1274 1273 1277
3 1275 1274 1276
3 1276 1274 1522
3 1274 1277 1522
3 1275 1276 1484
3 1291 1275 1292
3 1292 1275 1484
3 1482 1276 1522
3 1277 1480 1522
3 1480 1277 1523
3 1279 1278 1408
3 1408 1278 1413
3 1279 1408 1429
3 1280 1281 1403
3 1403 1281 1418
3 1283 1282 1401
3 1282 1284 1401
3 1357 1283 1387
3 1387 1283 1398
3 1398 1283 1401
3 1401 1284 1406
3 1408 1285 1429
3 1287 1286 1453
3 1286 1288 1453
3 1422 1287 1427
3 1427 1287 1454
3 1287 1453 1454
3 1453 1288 1455
3 1290 1289 1475
3 1289 1462 1475
3 1459 1290 1475
3 1293 1292 1294
3 1294 1292 1484
3 1293 1294 1295
3 1293 1295 1296
3 1293 1296 1332
3 1295 1294 1487
3 1294 1484 1486
3 1294 1486 1487
3 1296 1295 1488
3 1296 1329 1331
3 1329 1296 1488
3 1296 1331 1332
3 1412 1297 1419
3 1298 1413 1421
3 1421 1299 1424
3 1300 1410 1423
3 1302 1301 1452
3 1301 1303 1452
3 1302 1428 1455
3 1428 1302 1456
3 1302 1452 1456
3 1303 1447 1452
3 1305 1304 1443
3 1304 1306 1443
3 1410 1305 1431
3 1431 1305 1436
3 1436 1305 1443
3 1443 1306 1447
3 1307 1347 1448
3 1446 1307 1448
3 1434 1308 1440
3 1430 1309 1432
3 1310 1311 1463
3 1462 1311 1475
3 1313 1312 1316
3 1314 1313 1315
3 1315 1313 1499
3 1313 1316 1499
3 1314 1315 1502
3 1333 1314 1334
3 1334 1314 1502
3 1315 1499 1500
3 1316 1317 1318
3 1316 1318 1499
3 1318 1317 1496
3 1317 1319 1320
3 1317 1320 1496
3 1318 1496 1498
3 1320 1321 1322
3 1320 1322 1496
3 1322 1321 1494
3 1321 1323 1324
3 1321 1324 1494
3 1322 1494 1495
3 1324 1325 1326
3 1324 1326 1494
3 1326 1325 1492
3 1325 1327 1328
3 1325 1328 1492
3 1326 1492 1493
3 1328 1329 1330
3 1328 1330 1492
3 1330 1329 1488
3 1330 1488 1490
3 1336 1337 1467
3 1337 1463 1465
3 1442 1346 1445
3 1347 1348 1448
3 1426 1348 1450
3 1348 1426 1451
3 1448 1348 1451
3 1349 1424 1430
3 1350 1449 1450
3 1351 1432 1434
3 1352 1441 1444
3 1353 1440 1442
3 1355 1419 1423
3 1358 1425 1433
3 1359 1445 1446
3 1360 1479 1509
3 1361 1406 1412
3 1444 1363 1449
3 1433 1368 1441
3 1392 1369 1417
3 1370 1402 1411
3 1411 1371 1425
3 1388 1378 1402
3 1391 1512 1513
3 222 2268 97
3 97 2268 296
3 99 2263 261
3 316 2263 99
3 281 2265 101
3 101 2265 411
3 103 2269 331
3 372 2269 103
3 223 2216 222
3 2216 2268 222
3 224 1579 223
3 1579 2216 223
3 225 1938 224
3 224 1938 1579
3 226 1561 225
3 1561 1938 225
3 227 1931 226
3 226 1931 1561
3 228 2214 227
3 227 2214 1931
3 229 1551 228
3 1551 2214 228
3 230 1988 229
3 229 1988 1551
3 231 1565 230
3 1565 1988 230
3 232 1995 231
3 231 1995 1565
3 233 1550 232
3 1550 1995 232
3 234 1997 233
3 233 1997 1550
3 235 1573 234
3 1573 1997 234
3 236 1999 235
3 235 1999 1573
3 237 1548 236
3 1548 1999 236
3 238 2215 237
3 237 2215 1548
3 239 2073 238
3 2073 2215 238
3 240 1572 239
3 1572 2073 239
3 241 2048 240
3 240 2048 1572
3 242 1543 241
3 1543 2048 241
3 243 2070 242
3 242 2070 1543
3 244 2072 243
3 243 2072 2070
3 245 1554 244
3 1554 2072 244
3 246 2080 245
3 245 2080 1554
3 247 1569 246
3 1569 2080 246
3 248 2068 247
3 247 2068 1569
3 249 1547 248
3 1547 2068 248
3 250 2046 249
3 249 2046 1547
3 251 1567 250
3 1567 2046 250
3 252 2065 251
3 251 2065 1567
3 253 1541 252
3 1541 2065 252
3 254 2007 253
3 253 2007 1541
3 255 2006 254
3 2006 2007 254
3 256 1555 255
3 1555 2006 255
3 257 1957 256
3 256 1957 1555
3 258 1955 257
3 1955 1957 257
3 259 1563 258
3 1563 1955 258
3 260 1585 259
3 259 1585 1563
3 261 1581 260
3 1581 1585 260
3 261 2263 1581
3 282 2220 281
3 2220 2265 281
3 283 2125 282
3 2125 2220 282
3 284 1577 283
3 1577 2125 283
3 285 2117 284
3 284 2117 1577
3 286 1559 285
3 1559 2117 285
3 287 2118 286
3 286 2118 1559
3 288 2115 287
3 2115 2118 287
3 289 1539 288
3 1539 2115 288
3 290 2116 289
3 289 2116 1539
3 291 2258 290
3 290 2258 2116
3 292 1557 291
3 1557 2258 291
3 293 2267 292
3 292 2267 1557
3 294 1575 293
3 1575 2267 293
3 295 2172 294
3 294 2172 1575
3 296 1583 295
3 1583 2172 295
3 296 2268 1583
3 317 1967 316
3 1967 2263 316
3 318 2254 317
3 317 2254 1967
3 319 1578 318
3 1578 2254 318
3 320 2264 319
3 319 2264 1578
3 321 1560 320
3 1560 2264 320
3 322 2259 321
3 321 2259 1560
3 323 2273 322
3 1944 2259 322
3 322 2273 1944
3 324 1540 323
3 1540 2273 323
3 325 2249 324
3 324 2249 1540
3 326 2114 325
3 2114 2249 325
3 327 1558 326
3 1558 2114 326
3 328 2120 327
3 327 2120 1558
3 329 1576 328
3 1576 2120 328
3 330 2119 329
3 329 2119 1576
3 331 1584 330
3 1584 2119 330
3 331 2269 1584
3 373 2217 372
3 2217 2269 372
3 374 1580 373
3 1580 2217 373
3 375 2155 374
3 374 2155 1580
3 376 1562 375
3 1562 2155 375
3 377 1983 376
3 376 1983 1562
3 378 1986 377
3 377 1986 1983
3 379 1552 378
3 1552 1986 378
3 380 2213 379
3 379 2213 1552
3 381 1566 380
3 1566 2213 380
3 382 2016 381
3 381 2016 1566
3 383 1549 382
3 1549 2016 382
3 384 2026 383
3 383 2026 1549
3 385 1574 384
3 1574 2026 384
3 386 2064 385
3 385 2064 1574
3 387 2063 386
3 2063 2064 386
3 388 1544 387
3 1544 2063 387
3 389 2059 388
3 388 2059 1544
3 390 1571 389
3 1571 2059 389
3 391 2050 390
3 390 2050 1571
3 392 1553 391
3 1553 2050 391
3 393 2086 392
3 392 2086 1553
3 394 2074 393
3 2074 2086 393
3 395 1546 394
3 1546 2074 394
3 396 2078 395
3 395 2078 1546
3 397 1570 396
3 1570 2078 396
3 398 2243 397
3 397 2243 1570
3 399 1545 398
3 1545 2243 398
3 400 2246 399
3 399 2246 1545
3 401 1568 400
3 1568 2246 400
3 402 2066 401
3 401 2066 1568
3 403 1542 402
3 1542 2066 402
3 404 2244 403
3 403 2244 1542
3 405 2253 404
3 404 2253 2244
3 406 1556 405
3 1556 2253 405
3 407 2236 406
3 406 2236 1556
3 408 2250 407
3 407 2250 2236
3 409 1564 408
3 1564 2250 408
3 410 2232 409
3 409 2232 1564
3 411 1582 410
3 1582 2232 410
3 411 2265 1582
3 1539 2262 2115
3 2116 2170 1539
3 2170 2262 1539
3 2227 2273 1540
3 1540 2274 2227
3 2249 2274 1540
3 2007 2008 1541
3 2008 2136 1541
3 1541 2136 2065
3 1926 2067 1542
3 1542 2244 1926
3 1542 2067 2066
3 1543 2201 2048
3 2070 2071 1543
3 2071 2201 1543
3 2059 2060 1544
3 2060 2061 1544
3 2061 2063 1544
3 1545 2246 1960
3 1960 2247 1545
3 1545 2247 2243
3 1546 2075 2074
3 1546 2076 2075
3 1546 2078 2076
3 1547 2046 1936
3 1936 2047 1547
3 2047 2068 1547
3 1548 2000 1999
3 1548 2001 2000
3 1548 2215 2001
3 1549 2017 2016
3 1549 2018 2017
3 1549 2026 2018
3 1924 1996 1550
3 1550 1997 1924
3 1550 1996 1995
3 1988 1989 1551
3 1989 2224 1551
3 1551 2224 2214
3 1552 2213 1915
3 1915 2276 1552
3 1552 2189 1986
3 1552 2276 2189
3 1553 2051 2050
3 1553 2052 2051
3 1553 2086 2052
3 1554 2080 1934
3 1934 2081 1554
3 1554 2081 2072
3 1957 1958 1555
3 1958 2183 1555
3 1555 2183 2006
3 1556 2236 1929
3 1929 2241 1556
3 2241 2253 1556
3 1948 1963 1557
3 1557 2267 1948
3 1963 1964 1557
3 1964 2258 1557
3 1558 2252 2114
3 2120 2252 1558
3 1559 2169 2117
3 2118 2261 1559
3 1559 2261 2169
3 1940 1941 1560
3 1560 2259 1940
3 1941 1942 1560
3 1942 2264 1560
3 1916 1918 1561
3 1561 1931 1916
3 1918 1938 1561
3 1983 1984 1562
3 1984 2260 1562
3 1562 2260 2155
3 1585 1586 1563
3 1586 1587 1563
3 1587 1955 1563
3 1564 2232 1933
3 1933 2234 1564
3 2234 2250 1564
3 1923 1993 1565
3 1565 1995 1923
3 1565 1993 1988
3 2016 2020 1566
3 2020 2257 1566
3 1566 2257 2213
3 1567 2065 1937
3 1937 2101 1567
3 1567 2101 2046
3 2066 2256 1568
3 2242 2246 1568
3 1568 2256 2242
3 1569 2068 1935
3 1935 2069 1569
3 2069 2080 1569
3 1928 2079 1570
3 1570 2243 1928
3 1570 2079 2078
3 2050 2056 1571
3 2056 2057 1571
3 2057 2059 1571
3 1572 2048 1932
3 1932 2049 1572
3 2049 2073 1572
3 1925 1998 1573
3 1573 1999 1925
3 1573 1998 1997
3 1574 2027 2026
3 1574 2028 2027
3 1574 2064 2028
3 1575 2172 1946
3 1946 2277 1575
3 1948 2267 1575
3 1575 2277 1948
3 1576 2119 1953
3 1953 2251 1576
3 1576 2251 2120
3 2117 2272 1577
3 1577 2271 2125
3 2186 2271 1577
3 1577 2272 2186
3 1942 2219 1578
3 1578 2264 1942
3 1578 2219 1966
3 1966 2254 1578
3 1920 1922 1579
3 1579 1938 1920
3 1922 2216 1579
3 1914 2094 1580
3 1580 2155 1914
3 2094 2217 1580
3 1581 1965 1585
3 1581 1967 1965
3 1581 2263 1967
3 2220 2237 1582
3 1582 2265 2220
3 1582 2237 2232
3 1583 2270 2172
3 1583 2268 2216
3 2216 2270 1583
3 1584 2248 2119
3 2217 2248 1584
3 1584 2269 2217
3 1585 1965 1586
3 1586 1588 1587
3 1586 1888 1588
3 1586 1965 1888
3 1588 1589 1587
3 1589 2128 1587
3 1587 2128 1955
3 1588 1590 1589
3 1588 1954 1590
3 1888 1954 1588
3 1590 1591 1589
3 1591 1803 1589
3 1803 2128 1589
3 1590 1592 1591
3 1590 1776 1592
3 1590 1954 1776
3 1592 1593 1591
3 1593 2123 1591
3 1591 2123 1803
3 1592 1594 1593
3 1592 1971 1594
3 1776 1971 1592
3 1594 1595 1593
3 1595 1682 1593
3 1682 2123 1593
3 1594 1596 1595
3 1594 1698 1596
3 1594 1971 1698
3 1596 1597 1595
3 1597 2133 1595
3 1595 2133 1682
3 1596 1598 1597
3 1596 1980 1598
3 1698 1980 1596
3 1598 1599 1597
3 1599 2109 1597
3 2109 2133 1597
3 1598 1600 1599
3 1598 1969 1600
3 1598 1980 1969
3 1600 1601 1599
3 1601 1602 1599
3 1602 2109 1599
3 1600 1657 1601
3 1600 1666 1657
3 1600 1969 1666
3 1601 1603 1602
3 1601 2113 1603
3 1657 2113 1601
3 1603 1604 1602
3 1604 2105 1602
3 2105 2109 1602
3 1603 1605 1604
3 1603 1809 1605
3 1603 2113 1809
3 1605 1606 1604
3 1606 1674 1604
3 1674 2105 1604
3 1605 1607 1606
3 1605 2107 1607
3 1809 2107 1605
3 1607 1608 1606
3 1608 2188 1606
3 1606 2188 1674
3 1607 1609 1608
3 1607 1658 1609
3 1607 2107 1658
3 1609 1610 1608
3 1610 2184 1608
3 2184 2188 1608
3 1609 1611 1610
3 1609 2099 1611
3 1658 2099 1609
3 1611 1612 1610
3 1612 1673 1610
3 1673 2184 1610
3 1611 1613 1612
3 1611 1696 1613
3 1611 2099 1696
3 1613 1614 1612
3 1614 2100 1612
3 1612 2100 1673
3 1613 1615 1614
3 1613 2098 1615
3 1696 2098 1613
3 1615 1616 1614
3 1616 1697 1614
3 1697 2100 1614
3 1615 1617 1616
3 1615 1654 1617
3 1615 2098 1654
3 1617 1618 1616
3 1618 2096 1616
3 1616 2096 1697
3 1617 1619 1618
3 1617 2148 1619
3 1654 2148 1617
3 1619 1620 1618
3 1620 1672 1618
3 1672 2096 1618
3 1619 1621 1620
3 1619 2166 1621
3 2148 2166 1619
3 1621 1622 1620
3 1622 2202 1620
3 1620 2202 1672
3 1621 1623 1622
3 1621 1660 1623
3 1621 2166 1660
3 1623 1624 1622
3 1624 2200 1622
3 2200 2202 1622
3 1623 1625 1624
3 1623 2093 1625
3 1660 2093 1623
3 1625 1626 1624
3 1626 1670 1624
3 1670 2200 1624
3 1625 1627 1626
3 1625 1695 1627
3 1625 2093 1695
3 1627 1628 1626
3 1628 2091 1626
3 1626 2091 1670
3 1627 1629 1628
3 1627 2089 1629
3 1695 2089 1627
3 1629 1630 1628
3 1630 1694 1628
3 1694 2091 1628
3 1629 1631 1630
3 1629 1655 1631
3 1629 2089 1655
3 1631 1632 1630
3 1632 2194 1630
3 1630 2194 1694
3 1631 1633 1632
3 1631 2139 1633
3 1655 2139 1631
3 1633 1634 1632
3 1634 2212 1632
3 1632 2212 2194
3 1633 1635 1634
3 1633 2151 1635
3 2139 2151 1633
3 1635 1636 1634
3 1636 1669 1634
3 1669 2212 1634
3 1635 1637 1636
3 1635 1661 1637
3 1635 2151 1661
3 1637 1638 1636
3 1638 2038 1636
3 1636 2038 1669
3 1637 1639 1638
3 1637 2036 1639
3 1661 2036 1637
3 1639 1640 1638
3 1640 1693 1638
3 1693 2038 1638
3 1639 1641 1640
3 1639 1692 1641
3 1639 2036 1692
3 1641 1642 1640
3 1642 2024 1640
3 1640 2024 1693
3 1641 1643 1642
3 1641 2025 1643
3 1692 2025 1641
3 1643 1644 1642
3 1644 1671 1642
3 1671 2024 1642
3 1643 1645 1644
3 1643 1662 1645
3 1643 2025 1662
3 1645 1646 1644
3 1646 2010 1644
3 1644 2010 1671
3 1645 1647 1646
3 1645 2012 1647
3 1662 2012 1645
3 1647 1648 1646
3 1648 1691 1646
3 1691 2010 1646
3 1647 1649 1648
3 1647 1903 1649
3 1647 2012 1903
3 1649 1650 1648
3 1650 2003 1648
3 1648 2003 1691
3 1649 1651 1650
3 1649 1987 1651
3 1903 1987 1649
3 1651 1652 1650
3 1652 1668 1650
3 1668 2003 1650
3 1651 1653 1652
3 1651 1656 1653
3 1651 1987 1656
3 1653 1663 1652
3 1663 2174 1652
3 1652 2174 1668
3 1656 1659 1653
3 1659 1968 1653
3 1653 1968 1663
3 2098 2164 1654
3 1654 2165 2148
3 2164 2165 1654
3 2089 2157 1655
3 1655 2153 2139
3 1655 2157 2153
3 1656 1664 1659
3 1656 2134 1664
3 1987 2134 1656
3 1666 1667 1657
3 1667 2122 1657
3 1657 2122 2113
3 1658 2152 2099
3 2107 2147 1658
3 2147 2152 1658
3 1664 1665 1659
3 1665 2112 1659
3 1659 2112 1968
3 1660 2162 2093
3 1660 2163 2162
3 1660 2166 2163
3 1661 2144 2036
3 1661 2149 2144
3 1661 2151 2149
3 1662 2013 2012
3 1662 2014 2013
3 1662 2025 2014
3 1968 2156 1663
3 2156 2171 1663
3 2171 2174 1663
3 1664 1675 1665
3 1664 1676 1675
3 1664 2134 1676
3 1675 1677 1665
3 1677 1678 1665
3 1678 2112 1665
3 1666 1679 1667
3 1666 1689 1679
3 1666 1969 1689
3 1679 1680 1667
3 1680 1681 1667
3 1681 2122 1667
3 1668 2181 2003
3 2174 2177 1668
3 2177 2181 1668
3 2038 2211 1669
3 1669 2211 2204
3 2204 2212 1669
3 2091 2206 1670
3 1670 2205 2200
3 1670 2206 2205
3 2010 2197 1671
3 1671 2203 2024
3 2197 2203 1671
3 1672 2199 2096
3 2192 2199 1672
3 1672 2202 2192
3 2100 2193 1673
3 1673 2191 2184
3 1673 2193 2191
3 1674 2185 2105
3 1674 2190 2185
3 2188 2190 1674
3 1676 1687 1675
3 1675 2005 1677
3 1687 2005 1675
3 1676 1688 1687
3 1676 2102 1688
3 1676 2134 2102
3 1677 1683 1678
3 1677 1690 1683
3 1677 2005 1690
3 1683 1700 1678
3 1700 1711 1678
3 1711 2112 1678
3 1679 1981 1680
3 1689 1701 1679
3 1701 1981 1679
3 1680 1684 1681
3 1680 1686 1684
3 1680 1981 1686
3 1684 1685 1681
3 1685 1717 1681
3 1717 2122 1681
3 1682 2175 2123
3 2133 2176 1682
3 1682 2176 2175
3 1690 1699 1683
3 1699 2002 1683
3 1683 2002 1700
3 1684 2108 1685
3 1686 1702 1684
3 1702 2108 1684
3 1685 1718 1717
3 1685 1719 1718
3 1685 2108 1719
3 1686 1703 1702
3 1686 2097 1703
3 1981 2097 1686
3 1688 1705 1687
3 1705 2011 1687
3 1687 2011 2005
3 1688 1706 1705
3 1688 1707 1706
3 1688 2102 1707
3 1689 1710 1701
3 1689 2124 1710
3 1969 2124 1689
3 1690 1704 1699
3 1690 2132 1704
3 2005 2132 1690
3 2003 2004 1691
3 2004 2195 1691
3 1691 2195 2010
3 1692 2141 2025
3 2036 2143 1692
3 1692 2143 2141
3 2024 2207 1693
3 1693 2210 2038
3 2207 2210 1693
3 1694 2208 2091
3 2194 2209 1694
3 1694 2209 2208
3 1695 2159 2089
3 2093 2160 1695
3 1695 2160 2159
3 1696 2161 2098
3 2099 2158 1696
3 2158 2161 1696
3 2096 2198 1697
3 1697 2196 2100
3 1697 2198 2196
3 1939 1980 1698
3 1698 2131 1939
3 1971 2131 1698
3 1704 1709 1699
3 1709 1978 1699
3 1978 2002 1699
3 1700 1712 1711
3 1700 1714 1712
3 1700 2002 1714
3 1710 1760 1701
3 1760 2129 1701
3 1701 2129 1981
3 1703 1777 1702
3 1777 2130 1702
3 1702 2130 2108
3 1703 1778 1777
3 1703 1779 1778
3 1703 2097 1779
3 1704 1770 1709
3 1704 1772 1770
3 1704 2132 1772
3 1706 1790 1705
3 1790 1807 1705
3 1807 2011 1705
3 1707 1708 1706
3 1708 2111 1706
3 1706 2111 1790
3 1707 1723 1708
3 1707 1792 1723
3 1707 2102 1792
3 1723 1724 1708
3 1724 1787 1708
3 1787 2111 1708
3 1770 1771 1709
3 1771 1791 1709
3 1791 1978 1709
3 1710 1799 1760
3 1710 1802 1799
3 1710 2124 1802
3 1712 1713 1711
3 1713 1901 1711
3 1901 2112 1711
3 1712 1715 1713
3 1714 1972 1712
3 1712 1972 1715
3 1715 1716 1713
3 1716 2126 1713
3 1713 2126 1901
3 1714 1973 1972
3 1714 1974 1973
3 1714 2002 1974
3 1715 1761 1716
3 1715 1880 1761
3 1715 1972 1880
3 1761 1762 1716
3 1762 1763 1716
3 1763 2126 1716
3 1718 2106 1717
3 2106 2135 1717
3 1717 2135 2122
3 1719 1720 1718
3 1720 1721 1718
3 1721 2106 1718
3 1719 1780 1720
3 1719 1806 1780
3 1719 2108 1806
3 1720 1722 1721
3 1720 2110 1722
3 1780 2110 1720
3 1722 1725 1721
3 1725 1813 1721
3 1813 2106 1721
3 1722 1726 1725
3 1722 1781 1726
3 1722 2110 1781
3 1723 1805 1724
3 1792 2145 1723
3 1723 2145 1805
3 1724 1788 1787
3 1724 2103 1788
3 1805 2103 1724
3 1726 1727 1725
3 1727 2092 1725
3 1725 2092 1813
3 1726 1728 1727
3 1726 2221 1728
3 1781 2221 1726
3 1728 1729 1727
3 1729 1814 1727
3 1814 2092 1727
3 1728 1730 1729
3 1728 1782 1730
3 1728 2221 1782
3 1730 1731 1729
3 1731 2090 1729
3 1729 2090 1814
3 1730 1732 1731
3 1730 2223 1732
3 1782 2223 1730
3 1732 1733 1731
3 1733 1817 1731
3 1817 2090 1731
3 1732 1734 1733
3 1732 2225 1734
3 2223 2225 1732
3 1734 1735 1733
3 1735 2087 1733
3 1733 2087 1817
3 1734 1736 1735
3 1734 1769 1736
3 1734 2225 1769
3 1736 1737 1735
3 1737 1811 1735
3 1811 2087 1735
3 1736 1738 1737
3 1736 2228 1738
3 1769 2228 1736
3 1738 1739 1737
3 1739 2084 1737
3 1737 2084 1811
3 1738 1740 1739
3 1738 1784 1740
3 1738 2228 1784
3 1740 1741 1739
3 1741 2045 1739
3 2045 2084 1739
3 1740 1742 1741
3 1740 2230 1742
3 1784 2230 1740
3 1742 1743 1741
3 1743 1816 1741
3 1816 2045 1741
3 1742 1744 1743
3 1742 1785 1744
3 1742 2230 1785
3 1744 1745 1743
3 1745 2082 1743
3 1743 2082 1816
3 1744 1746 1745
3 1744 2233 1746
3 1785 2233 1744
3 1746 1747 1745
3 1747 1815 1745
3 1815 2082 1745
3 1746 1748 1747
3 1746 2235 1748
3 2233 2235 1746
3 1748 1749 1747
3 1749 2083 1747
3 1747 2083 1815
3 1748 1750 1749
3 1748 1775 1750
3 1748 2235 1775
3 1750 1751 1749
3 1751 1810 1749
3 1810 2083 1749
3 1750 1752 1751
3 1750 2239 1752
3 1775 2239 1750
3 1752 1753 1751
3 1753 2040 1751
3 1751 2040 1810
3 1752 1754 1753
3 1752 1786 1754
3 1752 2239 1786
3 1754 1755 1753
3 1755 2039 1753
3 2039 2040 1753
3 1754 1756 1755
3 1754 2095 1756
3 1786 2095 1754
3 1756 1757 1755
3 1757 1812 1755
3 1812 2039 1755
3 1756 1758 1757
3 1756 1789 1758
3 1756 2095 1789
3 1758 1759 1757
3 1759 2023 1757
3 1757 2023 1812
3 1758 2138 1759
3 1789 1804 1758
3 1804 2138 1758
3 1759 2150 2023
3 1759 2138 2104
3 2104 2150 1759
3 1799 1800 1760
3 1800 1900 1760
3 1900 2129 1760
3 1761 1801 1762
3 1761 1970 1801
3 1880 1970 1761
3 1762 1764 1763
3 1762 1982 1764
3 1801 1982 1762
3 1764 1765 1763
3 1765 1902 1763
3 1902 2126 1763
3 1764 1766 1765
3 1764 1768 1766
3 1764 1982 1768
3 1766 1767 1765
3 1767 2127 1765
3 1765 2127 1902
3 1766 1773 1767
3 1768 2009 1766
3 1766 2009 1773
3 1773 1774 1767
3 1774 1793 1767
3 1793 2127 1767
3 1768 1962 1961
3 1961 2009 1768
3 1768 1982 1962
3 1769 2225 2030
3 2030 2226 1769
3 2226 2228 1769
3 1770 2121 1771
3 1772 1798 1770
3 1798 2121 1770
3 1771 1820 1791
3 1771 1908 1820
3 1771 2121 1908
3 1772 1887 1798
3 1772 2154 1887
3 2132 2154 1772
3 1773 1795 1774
3 1773 1796 1795
3 1773 2009 1796
3 1774 1794 1793
3 1774 2178 1794
3 1795 2178 1774
3 1775 2235 2054
3 2054 2238 1775
3 2238 2239 1775
3 1943 1945 1776
3 1776 1954 1943
3 1945 1971 1776
3 1778 2173 1777
3 1777 2179 2130
3 2173 2179 1777
3 1779 1783 1778
3 1783 1881 1778
3 1881 2173 1778
3 1779 1797 1783
3 1779 1950 1797
3 1779 2097 1950
3 1806 1894 1780
3 1894 1896 1780
3 1896 2110 1780
3 2110 2218 1781
3 2218 2255 1781
3 1781 2255 2221
3 1782 2221 2019
3 2019 2222 1782
3 2222 2223 1782
3 1797 1952 1783
3 1783 1882 1881
3 1783 1952 1882
3 1784 2228 2062
3 2062 2229 1784
3 2229 2230 1784
3 1785 2230 2058
3 2058 2231 1785
3 2231 2233 1785
3 1786 2239 2077
3 2077 2240 1786
3 1786 2240 2095
3 1788 1911 1787
3 1911 2245 1787
3 1787 2245 2111
3 1788 1956 1911
3 1788 1959 1956
3 1788 2103 1959
3 1789 1897 1804
3 1789 1899 1897
3 1789 2095 1899
3 1790 1808 1807
3 1790 1890 1808
3 1790 2111 1890
3 1820 1892 1791
3 1892 1893 1791
3 1893 1978 1791
3 2102 2146 1792
3 2142 2145 1792
3 1792 2146 2142
3 1794 1818 1793
3 1818 1910 1793
3 1910 2127 1793
3 1794 1819 1818
3 1794 1994 1819
3 1794 2178 1994
3 1796 1916 1795
3 1916 1917 1795
3 1917 2178 1795
3 1796 1918 1916
3 1796 1919 1918
3 1796 2009 1919
3 1797 1950 1949
3 1949 1951 1797
3 1951 1952 1797
3 1887 1929 1798
3 1929 1930 1798
3 1930 2121 1798
3 1799 1979 1800
3 1802 1883 1799
3 1883 1979 1799
3 1800 1912 1900
3 1800 1913 1912
3 1800 1979 1913
3 1970 2275 1801
3 1801 2275 1982
3 1802 1884 1883
3 1802 1939 1884
3 1802 2124 1939
3 1958 2128 1803
3 1803 2168 1958
3 2123 2168 1803
3 1897 1898 1804
3 1898 1959 1804
3 1959 2138 1804
3 1805 2104 2103
3 1805 2167 2104
3 2145 2167 1805
3 1806 1895 1894
3 1806 2130 1895
3 2108 2130 1806
3 1808 2137 1807
3 1807 2154 2011
3 2137 2154 1807
3 1890 1926 1808
3 1926 1927 1808
3 1927 2137 1808
3 1809 2140 2107
3 2113 2135 1809
3 2135 2140 1809
3 2040 2041 1810
3 2041 2153 1810
3 1810 2153 2083
3 2084 2085 1811
3 2085 2165 1811
3 1811 2165 2087
3 2023 2143 1812
3 1812 2144 2039
3 2143 2144 1812
3 2092 2147 1813
3 1813 2140 2106
3 1813 2147 2140
3 2090 2158 1814
3 1814 2152 2092
3 1814 2158 2152
3 1815 2159 2082
3 2083 2157 1815
3 2157 2159 1815
3 1816 2162 2045
3 2082 2160 1816
3 2160 2162 1816
3 2087 2164 1817
3 1817 2161 2090
3 1817 2164 2161
3 1819 1821 1818
3 1821 2177 1818
3 1818 2177 1910
3 1819 1822 1821
3 1819 1823 1822
3 1819 1994 1823
3 1820 2186 1892
3 1908 1909 1820
3 1909 2186 1820
3 1822 2182 1821
3 1821 2181 2177
3 1821 2182 2181
3 1823 1824 1822
3 1824 1825 1822
3 1825 2182 1822
3 1823 1993 1824
3 1989 1993 1823
3 1823 1994 1989
3 1824 1826 1825
3 1824 1923 1826
3 1824 1993 1923
3 1826 1827 1825
3 1827 2187 1825
3 1825 2187 2182
3 1826 1828 1827
3 1826 1996 1828
3 1923 1996 1826
3 1828 1829 1827
3 1829 1875 1827
3 1875 2187 1827
3 1828 1830 1829
3 1828 1924 1830
3 1828 1996 1924
3 1830 1831 1829
3 1831 2037 1829
3 1829 2037 1875
3 1830 1832 1831
3 1830 1998 1832
3 1924 1998 1830
3 1832 1833 1831
3 1833 1877 1831
3 1877 2037 1831
3 1832 1834 1833
3 1832 1925 1834
3 1832 1998 1925
3 1834 1835 1833
3 1835 2088 1833
3 1833 2088 1877
3 1834 1836 1835
3 1834 2000 1836
3 1925 2000 1834
3 1836 1837 1835
3 1837 1879 1835
3 1879 2088 1835
3 1836 1838 1837
3 1836 2001 1838
3 2000 2001 1836
3 1838 1839 1837
3 1839 2044 1837
3 1837 2044 1879
3 1838 1840 1839
3 1838 1889 1840
3 1838 2001 1889
3 1840 1841 1839
3 1841 2042 1839
3 2042 2044 1839
3 1840 1842 1841
3 1840 2049 1842
3 1889 2049 1840
3 1842 1843 1841
3 1843 1872 1841
3 1872 2042 1841
3 1842 1844 1843
3 1842 1932 1844
3 1842 2049 1932
3 1844 1845 1843
3 1845 2035 1843
3 1843 2035 1872
3 1844 1846 1845
3 1844 2201 1846
3 1932 2201 1844
3 1846 1847 1845
3 1847 1878 1845
3 1878 2035 1845
3 1846 1848 1847
3 1846 2071 1848
3 1846 2201 2071
3 1848 1849 1847
3 1849 2034 1847
3 1847 2034 1878
3 1848 1850 1849
3 1848 1891 1850
3 1848 2071 1891
3 1850 1851 1849
3 1851 2032 1849
3 2032 2034 1849
3 1850 1852 1851
3 1850 2081 1852
3 1891 2081 1850
3 1852 1853 1851
3 1853 1873 1851
3 1873 2032 1851
3 1852 1854 1853
3 1852 1934 1854
3 1852 2081 1934
3 1854 1855 1853
3 1855 2022 1853
3 1853 2022 1873
3 1854 1856 1855
3 1854 2069 1856
3 1934 2069 1854
3 1856 1857 1855
3 1857 1876 1855
3 1876 2022 1855
3 1856 1858 1857
3 1856 1935 1858
3 1856 2069 1935
3 1858 1859 1857
3 1859 2021 1857
3 1857 2021 1876
3 1858 1860 1859
3 1858 2047 1860
3 1935 2047 1858
3 1860 1861 1859
3 1861 1874 1859
3 1874 2021 1859
3 1860 1862 1861
3 1860 1936 1862
3 1860 2047 1936
3 1862 1863 1861
3 1863 2015 1861
3 1861 2015 1874
3 1862 1864 1863
3 1862 2101 1864
3 1936 2101 1862
3 1864 1865 1863
3 1865 1871 1863
3 1871 2015 1863
3 1864 1866 1865
3 1864 1937 1866
3 1864 2101 1937
3 1866 1867 1865
3 1867 1991 1865
3 1865 1991 1871
3 1866 1868 1867
3 1866 2136 1868
3 1937 2136 1866
3 1868 1869 1867
3 1869 1990 1867
3 1990 1991 1867
3 1868 1870 1869
3 1868 2008 1870
3 1868 2136 2008
3 1870 1904 1869
3 1904 1906 1869
3 1906 1990 1869
3 1870 1905 1904
3 1870 1907 1905
3 1870 2008 1907
3 1991 1992 1871
3 1992 2191 1871
3 1871 2191 2015
3 2035 2209 1872
3 1872 2043 2042
3 1872 2209 2043
3 2022 2192 1873
3 1873 2033 2032
3 1873 2192 2033
3 2015 2193 1874
3 1874 2196 2021
3 2193 2196 1874
3 2037 2197 1875
3 1875 2195 2187
3 1875 2197 2195
3 2021 2198 1876
3 1876 2199 2022
3 2198 2199 1876
3 1877 2203 2037
3 2088 2207 1877
3 1877 2207 2203
3 2034 2206 1878
3 1878 2208 2035
3 2206 2208 1878
3 2044 2211 1879
3 1879 2210 2088
3 1879 2211 2210
3 1880 2170 1970
3 1972 1977 1880
3 1977 2170 1880
3 1882 1914 1881
3 1914 2260 1881
3 1881 2260 2173
3 1882 2094 1914
3 1952 1953 1882
3 1953 2094 1882
3 1884 1885 1883
3 1885 2227 1883
3 1883 2227 1979
3 1884 1886 1885
3 1884 2131 1886
3 1939 2131 1884
3 1886 1940 1885
3 1940 1944 1885
3 1944 2227 1885
3 1886 1941 1940
3 1886 1945 1941
3 1886 2131 1945
3 1887 2241 1929
3 1887 2154 2137
3 2137 2241 1887
3 1888 2219 1954
3 1965 1966 1888
3 1966 2219 1888
3 2001 2215 1889
3 1889 2073 2049
3 1889 2215 2073
3 1890 2067 1926
3 1890 2245 2067
3 2111 2245 1890
3 1891 2071 2070
3 2070 2072 1891
3 2072 2081 1891
3 1892 2169 1893
3 1892 2272 2169
3 2186 2272 1892
3 1893 1975 1974
3 1974 1978 1893
3 1893 2169 1975
3 1895 2276 1894
3 1894 1915 1896
3 1894 2276 1915
3 1895 2179 1985
3 1985 2189 1895
3 2130 2179 1895
3 2189 2276 1895
3 1915 2257 1896
3 1896 2218 2110
3 1896 2257 2218
3 1897 2247 1898
3 1899 1928 1897
3 1928 2247 1897
3 1956 1959 1898
3 1898 1960 1956
3 1898 2247 1960
3 1899 2079 1928
3 1899 2240 2079
3 2095 2240 1899
3 1912 1949 1900
3 1949 1950 1900
3 1950 2129 1900
3 1968 2112 1901
3 1901 2156 1968
3 2126 2156 1901
3 1902 2156 2126
3 2127 2171 1902
3 1902 2171 2156
3 1903 2146 1987
3 2012 2142 1903
3 2142 2146 1903
3 1905 2175 1904
3 1904 2176 1906
3 2175 2176 1904
3 1907 2183 1905
3 2168 2175 1905
3 1905 2183 2168
3 1906 2185 1990
3 2176 2180 1906
3 2180 2185 1906
3 1907 2007 2006
3 2006 2183 1907
3 1907 2008 2007
3 1908 1933 1909
3 1908 2234 1933
3 2121 2234 1908
3 1933 2237 1909
3 1909 2271 2186
3 2237 2271 1909
3 1910 2171 2127
3 1910 2174 2171
3 1910 2177 2174
3 1956 2242 1911
3 2242 2256 1911
3 1911 2256 2245
3 1913 2114 1912
3 1912 2252 1949
3 2114 2252 1912
3 1979 2274 1913
3 1913 2249 2114
3 1913 2274 2249
3 2155 2260 1914
3 2213 2257 1915
3 1916 1931 1917
3 1931 2214 1917
3 1917 2224 2178
3 2214 2224 1917
3 1919 1920 1918
3 1920 1938 1918
3 1919 1921 1920
3 1919 1961 1921
3 1919 2009 1961
3 1921 1922 1920
3 1921 1946 1922
3 1921 1947 1946
3 1921 1961 1947
3 1946 2270 1922
3 1922 2270 2216
3 1995 1996 1923
3 1997 1998 1924
3 1999 2000 1925
3 1926 2244 1927
3 1927 2241 2137
3 1927 2253 2241
3 2244 2253 1927
3 2243 2247 1928
3 1929 2236 1930
3 1930 2234 2121
3 1930 2250 2234
3 2236 2250 1930
3 2048 2201 1932
3 2232 2237 1933
3 1934 2080 2069
3 1935 2068 2047
3 2046 2101 1936
3 2065 2136 1937
3 1939 2124 1980
3 1940 2259 1944
3 1941 1943 1942
3 1941 1945 1943
3 1943 2219 1942
3 1954 2219 1943
3 1944 2273 2227
3 1945 2131 1971
3 1947 2277 1946
3 2172 2270 1946
3 1947 1962 1948
3 1948 2277 1947
3 1961 1962 1947
3 1962 1963 1948
3 1949 2252 1951
3 2097 2129 1950
3 1951 2251 1952
3 2120 2251 1951
3 1951 2252 2120
3 1952 2251 1953
3 1953 2248 2094
3 2119 2248 1953
3 1955 2128 1957
3 1960 2242 1956
3 1957 2128 1958
3 2168 2183 1958
3 2103 2138 1959
3 1960 2246 2242
3 1962 1982 1963
3 1963 2275 1964
3 1982 2275 1963
3 1964 2266 2258
3 1964 2275 2266
3 1965 1967 1966
3 1967 2254 1966
3 1980 2124 1969
3 2170 2266 1970
3 2266 2275 1970
3 1973 1977 1972
3 1974 1975 1973
3 1975 1976 1973
3 1976 1977 1973
3 1974 2002 1978
3 1975 2261 1976
3 2169 2261 1975
3 1976 2262 1977
3 1976 2118 2115
3 2115 2262 1976
3 1976 2261 2118
3 1977 2262 2170
3 2227 2274 1979
3 1981 2129 2097
3 1983 1985 1984
3 1983 1986 1985
3 1985 2179 1984
3 1984 2179 2173
3 2173 2260 1984
3 1986 2189 1985
3 1987 2146 2134
3 1988 1993 1989
3 1994 2224 1989
3 1990 2190 1991
3 2185 2190 1990
3 1991 2190 1992
3 1992 2188 2184
3 2184 2191 1992
3 1992 2190 2188
3 2178 2224 1994
3 2003 2181 2004
3 2181 2182 2004
3 2182 2187 2004
3 2187 2195 2004
3 2011 2132 2005
3 2195 2197 2010
3 2011 2154 2132
3 2013 2142 2012
3 2014 2167 2013
3 2013 2145 2142
3 2013 2167 2145
3 2025 2141 2014
3 2141 2150 2014
3 2150 2167 2014
3 2191 2193 2015
3 2017 2020 2016
3 2018 2019 2017
3 2019 2255 2017
3 2017 2255 2020
3 2018 2222 2019
3 2026 2027 2018
3 2027 2222 2018
3 2221 2255 2019
3 2020 2255 2218
3 2218 2257 2020
3 2196 2198 2021
3 2022 2199 2192
3 2141 2143 2023
3 2023 2150 2141
3 2203 2207 2024
3 2028 2029 2027
3 2029 2222 2027
3 2028 2030 2029
3 2028 2031 2030
3 2028 2064 2031
3 2030 2225 2029
3 2029 2223 2222
3 2029 2225 2223
3 2031 2226 2030
3 2031 2063 2061
3 2061 2226 2031
3 2031 2064 2063
3 2033 2205 2032
3 2032 2205 2034
3 2192 2202 2033
3 2033 2202 2200
3 2200 2205 2033
3 2205 2206 2034
3 2208 2209 2035
3 2036 2144 2143
3 2037 2203 2197
3 2210 2211 2038
3 2039 2149 2040
3 2144 2149 2039
3 2040 2149 2041
3 2041 2151 2139
3 2139 2153 2041
3 2149 2151 2041
3 2043 2204 2042
3 2042 2204 2044
3 2043 2209 2194
3 2194 2212 2043
3 2043 2212 2204
3 2204 2211 2044
3 2045 2163 2084
3 2162 2163 2045
3 2051 2056 2050
3 2052 2053 2051
3 2053 2231 2051
3 2051 2231 2056
3 2052 2054 2053
3 2052 2055 2054
3 2052 2086 2055
3 2054 2235 2053
3 2053 2233 2231
3 2053 2235 2233
3 2055 2238 2054
3 2074 2075 2055
3 2055 2086 2074
3 2075 2238 2055
3 2056 2058 2057
3 2056 2231 2058
3 2058 2229 2057
3 2057 2060 2059
3 2057 2229 2060
3 2058 2230 2229
3 2060 2062 2061
3 2060 2229 2062
3 2062 2226 2061
3 2062 2228 2226
3 2067 2256 2066
3 2245 2256 2067
3 2076 2077 2075
3 2077 2238 2075
3 2076 2240 2077
3 2078 2079 2076
3 2079 2240 2076
3 2077 2239 2238
3 2159 2160 2082
3 2153 2157 2083
3 2084 2163 2085
3 2148 2165 2085
3 2085 2166 2148
3 2163 2166 2085
3 2087 2165 2164
3 2088 2210 2207
3 2089 2159 2157
3 2090 2161 2158
3 2091 2208 2206
3 2092 2152 2147
3 2093 2162 2160
3 2094 2248 2217
3 2096 2199 2198
3 2161 2164 2098
3 2152 2158 2099
3 2100 2196 2193
3 2134 2146 2102
3 2104 2138 2103
3 2104 2167 2150
3 2105 2180 2109
3 2105 2185 2180
3 2106 2140 2135
3 2140 2147 2107
3 2109 2180 2133
3 2122 2135 2113
3 2116 2266 2170
3 2258 2266 2116
3 2169 2272 2117
3 2123 2175 2168
3 2125 2237 2220
3 2125 2271 2237
3 2133 2180 2176
3 100 262 2402
3 371 100 2402
3 264 101 2400
3 101 411 2400
3 297 102 2403
3 102 332 2403
3 103 299 2401
3 372 103 2401
3 262 263 2311
3 262 2311 2402
3 263 264 2355
3 2311 263 2355
3 2355 264 2400
3 298 297 2312
3 2312 297 2403
3 299 298 2356
3 298 2312 2356
3 299 2356 2401
3 332 333 2353
3 332 2353 2403
3 333 334 2284
3 333 2284 2353
3 334 335 2392
3 2284 334 2392
3 335 336 2360
3 335 2360 2392
3 336 337 2301
3 336 2301 2360
3 337 338 2332
3 2301 337 2332
3 338 339 2302
3 338 2302 2332
3 339 340 2340
3 2302 339 2340
3 340 341 2305
3 340 2305 2340
3 341 342 2331
3 2305 341 2331
3 342 343 2341
3 2331 342 2341
3 343 344 2292
3 343 2292 2341
3 344 345 2330
3 2292 344 2330
3 345 346 2291
3 345 2291 2330
3 346 347 2349
3 2291 346 2349
3 347 348 2293
3 347 2293 2349
3 348 349 2352
3 2293 348 2352
3 349 350 2325
3 349 2325 2352
3 350 351 2287
3 350 2287 2325
3 351 352 2350
3 2287 351 2350
3 352 353 2294
3 352 2294 2350
3 353 354 2347
3 2294 353 2347
3 354 355 2288
3 354 2288 2347
3 355 356 2327
3 2288 355 2327
3 356 357 2295
3 356 2295 2327
3 357 358 2322
3 2295 357 2322
3 358 359 2313
3 358 2313 2322
3 359 360 2344
3 2313 359 2344
3 360 361 2283
3 360 2283 2344
3 361 362 2329
3 2283 361 2329
3 362 363 2303
3 362 2303 2329
3 363 364 2333
3 2303 363 2333
3 364 365 2297
3 364 2297 2333
3 365 366 2363
3 2297 365 2363
3 366 367 2361
3 366 2361 2363
3 367 368 2280
3 367 2280 2361
3 368 369 2324
3 2280 368 2324
3 369 370 2279
3 369 2279 2324
3 370 371 2354
3 2279 370 2354
3 2354 371 2402
3 373 372 2300
3 2300 372 2401
3 374 373 2315
3 373 2300 2315
3 375 374 2316
3 374 2315 2316
3 376 375 2285
3 2285 375 2316
3 377 376 2346
3 376 2285 2346
3 378 377 2282
3 2282 377 2346
3 379 378 2336
3 378 2282 2336
3 380 379 2286
3 2286 379 2336
3 381 380 2342
3 380 2286 2342
3 382 381 2290
3 2290 381 2342
3 383 382 2335
3 382 2290 2335
3 384 383 2334
3 2334 383 2335
3 385 384 2307
3 2307 384 2334
3 386 385 2348
3 385 2307 2348
3 387 386 2309
3 2309 386 2348
3 388 387 2328
3 387 2309 2328
3 389 388 2343
3 388 2328 2343
3 390 389 2299
3 2299 389 2343
3 391 390 2338
3 390 2299 2338
3 392 391 2308
3 2308 391 2338
3 393 392 2323
3 392 2308 2323
3 394 393 2306
3 2306 393 2323
3 395 394 2337
3 394 2306 2337
3 396 395 2304
3 2304 395 2337
3 397 396 2321
3 396 2304 2321
3 398 397 2320
3 2320 397 2321
3 399 398 2289
3 2289 398 2320
3 400 399 2362
3 399 2289 2362
3 401 400 2394
3 400 2362 2394
3 402 401 2310
3 2310 401 2394
3 403 402 2326
3 402 2310 2326
3 404 403 2281
3 2281 403 2326
3 405 404 2339
3 404 2281 2339
3 406 405 2278
3 2278 405 2339
3 407 406 2318
3 406 2278 2318
3 408 407 2351
3 407 2318 2351
3 409 408 2296
3 2296 408 2351
3 410 409 2314
3 409 2296 2314
3 411 410 2298
3 2298 410 2314
3 411 2298 2400
3 2318 2278 2319
3 2319 2278 2395
3 2278 2339 2395
3 2324 2279 2365
3 2279 2354 2357
3 2279 2357 2365
3 2280 2324 2366
3 2361 2280 2397
3 2280 2366 2397
3 2281 2326 2375
3 2339 2281 2389
3 2281 2375 2389
3 2336 2282 2372
3 2282 2346 2368
3 2282 2368 2372
3 2283 2329 2364
3 2344 2283 2345
3 2345 2283 2364
3 2353 2284 2358
3 2358 2284 2359
3 2359 2284 2392
3 2285 2316 2317
3 2285 2317 2393
3 2346 2285 2393
3 2286 2336 2369
3 2342 2286 2367
3 2367 2286 2369
3 2325 2287 2383
3 2287 2350 2380
3 2287 2380 2383
3 2288 2327 2378
3 2347 2288 2377
3 2377 2288 2378
3 2289 2320 2387
3 2362 2289 2396
3 2289 2387 2396
3 2335 2290 2382
3 2290 2342 2370
3 2290 2370 2382
3 2330 2291 2381
3 2291 2349 2371
3 2291 2371 2381
3 2292 2330 2376
3 2341 2292 2379
3 2292 2376 2379
3 2349 2293 2374
3 2293 2352 2385
3 2374 2293 2385
3 2294 2347 2386
3 2350 2294 2390
3 2294 2386 2390
3 2295 2322 2388
3 2327 2295 2373
3 2373 2295 2388
3 2314 2296 2365
3 2296 2351 2366
3 2365 2296 2366
3 2333 2297 2389
3 2297 2363 2395
3 2389 2297 2395
3 2298 2314 2357
3 2355 2298 2398
3 2298 2355 2400
3 2298 2357 2398
3 2338 2299 2383
3 2299 2343 2384
3 2383 2299 2384
3 2315 2300 2358
3 2300 2356 2399
3 2356 2300 2401
3 2358 2300 2399
3 2301 2332 2368
3 2360 2301 2393
3 2301 2368 2393
3 2332 2302 2372
3 2302 2340 2369
3 2302 2369 2372
3 2329 2303 2391
3 2303 2333 2375
3 2303 2375 2391
3 2321 2304 2373
3 2304 2337 2378
3 2373 2304 2378
3 2305 2331 2370
3 2340 2305 2367
3 2367 2305 2370
3 2306 2323 2386
3 2337 2306 2377
3 2377 2306 2386
3 2307 2334 2376
3 2348 2307 2381
3 2307 2376 2381
3 2323 2308 2390
3 2308 2338 2380
3 2308 2380 2390
3 2328 2309 2374
3 2309 2348 2371
3 2309 2371 2374
3 2326 2310 2391
3 2310 2364 2391
3 2364 2310 2394
3 2354 2311 2398
3 2311 2354 2402
3 2311 2355 2398
3 2312 2353 2399
3 2353 2312 2403
3 2356 2312 2399
3 2322 2313 2387
3 2313 2344 2396
3 2387 2313 2396
3 2357 2314 2365
3 2316 2315 2359
3 2315 2358 2359
3 2317 2316 2359
3 2317 2359 2392
3 2360 2317 2392
3 2317 2360 2393
3 2318 2319 2397
3 2351 2318 2397
3 2361 2319 2363
3 2319 2361 2397
3 2363 2319 2395
3 2320 2321 2388
3 2387 2320 2388
3 2321 2373 2388
3 2322 2387 2388
3 2386 2323 2390
3 2324 2365 2366
3 2352 2325 2384
3 2325 2383 2384
3 2375 2326 2391
3 2327 2373 2378
3 2343 2328 2385
3 2328 2374 2385
3 2364 2329 2391
3 2376 2330 2381
3 2331 2341 2382
3 2370 2331 2382
3 2368 2332 2372
3 2375 2333 2389
3 2334 2335 2379
3 2376 2334 2379
3 2379 2335 2382
3 2369 2336 2372
3 2337 2377 2378
3 2380 2338 2383
3 2339 2389 2395
3 2340 2367 2369
3 2341 2379 2382
3 2342 2367 2370
3 2384 2343 2385
3 2344 2345 2396
3 2362 2345 2394
3 2345 2362 2396
3 2345 2364 2394
3 2368 2346 2393
3 2347 2377 2386
3 2371 2348 2381
3 2371 2349 2374
3 2380 2350 2390
3 2366 2351 2397
3 2352 2384 2385
3 2353 2358 2399
3 2357 2354 2398
4 1275 2550 2516 2945
4 1933 2668 2499 3171
4 94 2683 2507 2856
4 2483 2577 1458 2855
4 2021 1859 2798 2820
4 2516 2550 1275 2618
4 1600 2424 2691 2767
4 2785 3035 2618 3056
4 1600 2716 2424 2767
4 1774 2678 2614 2965
4 2739 3058 2479 3110
4 2248 2405 2813 3008
4 900 2449 2727 2803
4 900 2697 2449 2803
4 2522 1782 2785 3056
4 2522 2785 2618 3056
4 156 1419 1132 1423
4 2188 2610 2802 2857
4 942 939 2425 3147
4 1357 2590 1118 2595
4 1119 2590 1357 2595
4 539 1132 1102 1300
4 2021 2798 1859 2847
4 1458 2483 1114 2996
4 1111 85 1300 1410
4 2798 2820 1859 2847
4 939 2585 2425 3147
4 2499 2668 1933 2934
4 1571 2518 2299 2952
4 584 2534 832 2577
4 1711 2573 2418 2602
4 868 937 2465 2650
4 2474 2574 2087 2960
4 784 2813 2405 3008
4 2540 2643 749 3087
4 2000 2563 2504 2808
4 1096 2566 2420 2730
4 1118 2590 2469 2595
4 1119 2466 2590 2595
4 1396 514 2701 2780
4 2221 3035 2785 3056
4 1119 1357 1118 2595
4 95 167 559 1058
4 160 1104 1103 1102
4 1566 2528 2342 2625
4 1330 1329 2502 2978
4 450 54 106 3068
4 2181 2437 2177 2576
4 1470 3058 2739 3110
4 2502 2553 1330 2978
4 1458 2577 2483 2996
4 1254 2547 2418 2924
4 763 764 2918 3000
4 2221 2785 1782 3056
4 1816 2445 2580 2711
4 1945 2665 2633 2836
4 1019 2931 2450 2985
4 1134 2438 2705 2955
4 2533 2642 1974 2736
4 2418 2547 1254 2890
4 72 2701 514 2780
4 1794 1774 2614 2965
4 1206 1202 73 1204
4 991 2703 2649 2859
4 868 870 937 2650
4 1408 2447 1285 2581
4 2833 2908 2750 2965
4 1134 2695 2438 2955
4 2000 1925 2563 2808
4 699 1575 712 2507
4 1484 2550 2522 2618
4 1882 1 2627 2663
4 748 2114 790 2530
4 1215 2467 2744 2811
4 894 2575 2454 2910
4 2299 2518 2384 2952
4 2479 2739 2594 3058
4 41 444 40 2584
4 1387 2590 2453 2696
4 2130 2587 2423 2835
4 1968 2724 2602 2899
4 2649 2745 2425 3151
4 2539 2739 1409 2744
4 1848 2582 35 2653
4 991 956 2649 2703
4 1711 2418 2112 2602
4 2465 2650 937 2661
4 1818 2750 2908 2965
4 1116 2483 1458 2855
4 1135 475 2741 2916
4 1129 1215 2467 2744
4 2432 2649 956 2703
4 1816 2580 2045 2711
4 35 1848 2653 3078
4 765 2813 784 3008
4 1254 1251 2547 2924
4 749 2540 787 2643
4 472 122 1322 2959
4 2279 2936 843 3144
4 2594 2739 78 3058
4 1072 2828 2796 2962
4 2412 2594 1682 2740
4 1330 1488 1329 2978
4 1134 2438 997 2705
4 35 1849 1848 3078
4 1300 157 1132 1423
4 1283 2590 1387 2696
4 2176 2412 1682 2740
4 608 2534 2068 2583
4 81 153 540 1297
4 1599 1597 2564 3163
4 2248 1584 2119 2813
4 1599 2564 1597 2929
4 2594 2739 2479 3110
4 2188 2610 1992 2802
4 1544 2502 2328 3036
4 1353 2408 2622 2720
4 1599 2564 2929 3163
4 1047 1495 120 1494
4 832 2534 584 3022
4 583 1365 2501 2634
4 2409 2918 764 3000
4 2328 2502 1544 2952
4 2160 2549 2445 2884
4 1458 1116 1114 2483
4 45 443 44 2623
4 1584 765 2119 2813
4 2336 2625 2407 3230
4 1901 2573 1711 2602
4 2510 2563 1925 2808
4 2248 2813 2119 3008
4 2420 2566 1096 2980
4 774 2540 2836 3243
4 2570 2635 130 3044
4 2445 2549 2160 2708
4 942 2425 2649 3147
4 1405 2828 1072 2962
4 983 2833 982 2949
4 1484 2522 1044 2618
4 1019 1021 2450 2931
4 1734 2491 2710 2948
4 471 2985 60 3069
4 995 2438 1134 2695
4 2522 2550 1484 3169
4 1283 2469 1118 2590
4 2316 3108 2359 3241
4 1546 2337 2505 2964
4 2649 2703 2601 2859
4 1542 2326 2531 2689
4 1749 1748 1747 2619
4 1326 2518 56 2638
4 731 703 3124 3184
4 894 896 2575 2910
4 2705 2955 2438 3191
4 1631 2722 2454 3048
4 765 1584 758 2813
4 130 2635 2570 2642
4 2130 2423 2587 2628
4 1857 2021 1859 2847
4 2614 2678 2427 2965
4 1458 2577 2534 2855
4 843 2936 2410 3144
4 1251 2728 2547 2924
4 2425 2745 3038 3151
4 1007 2444 2843 3072
4 749 2700 2540 3087
4 1517 2530 50 2737
4 1668 2181 2177 2576
4 1364 113 1041 971
4 2595 2820 2798 2847
4 1751 2681 2450 3214
4 748 790 783 2530
4 919 2421 1378 3025
4 765 758 784 2813
4 1979 2734 2603 2898
4 2342 2528 1566 2974
4 2633 2665 72 2836
4 541 1297 153 1106
4 982 2833 2879 2949
4 1857 2798 2021 2847
4 121 120 478 1495
4 1285 905 2581 2707
4 2328 2385 2502 2952
4 2299 2518 1571 2726
4 2136 3052 2471 3159
4 1539 2116 2933 2973
4 2580 2639 1741 3053
4 1794 2614 2427 2965
4 1341 2490 576 3013
4 1096 1094 2566 2730
4 2188 2465 2610 2857
4 1484 1275 2550 2618
4 70 2642 2533 2736
4 2354 2279 2357 2936
4 1353 2622 962 2720
4 450 2743 54 3068
4 1575 712 2507 2953
4 1599 2929 2424 3163
4 1633 1631 2454 3048
4 127 2741 475 2916
4 905 2581 2707 2789
4 90 2620 2517 2678
4 2328 2343 2385 2952
4 960 1408 1285 2581
4 2438 2955 2695 3187
4 1138 2539 1409 2744
4 2933 2973 2116 3124
4 983 982 1063 2949
4 2343 2299 2384 2952
4 82 35 2582 2653
4 1147 2416 1272 2693
4 2087 2574 2474 2948
4 2378 2505 2337 2964
4 765 2119 2813 3008
4 997 2438 995 2954
4 58 2580 2639 2708
4 2081 2500 2831 3055
4 972 548 164 2911
4 1365 583 2501 3013
4 576 2490 1341 2660
4 1575 2507 699 3153
4 1494 1495 120 1322
4 1007 2444 2733 2843
4 2328 1544 2059 2952
4 2059 2343 2328 2952
4 2879 2949 2833 2965
4 2425 2745 2649 3147
4 56 1326 2638 3182
4 1814 2438 2641 2786
4 942 955 939 3147
4 1571 2343 2059 2952
4 2343 1571 2299 2952
4 1062 2778 2737 2858
4 72 2633 25 2665
4 2008 2471 2888 3159
4 2473 2726 2308 2881
4 2040 2450 1751 2681
4 703 2933 2116 3124
4 2416 2693 1147 2729
4 703 1539 2116 2933
4 1898 2865 2616 3227
4 2354 843 2279 2936
4 1883 2603 1979 2734
4 1553 2726 2473 2881
4 1816 2045 2162 2711
4 1030 2778 1062 2858
4 1730 2522 2785 2786
4 1816 2162 2445 2711
4 1119 2590 2466 3073
4 1202 72 2541 2701
4 2181 2437 2576 2747
4 436 34 35 2615
4 1408 2447 2581 2871
4 1007 2626 2444 3072
4 1285 2581 2447 2707
4 2458 2598 872 2725
4 2453 2777 880 3064
4 1097 2514 2566 2997
4 2316 2359 2315 3241
4 1711 2112 1901 2602
4 1553 2308 2726 2881
4 1458 832 2534 2577
4 714 703 2116 3124
4 1198 1409 2539 2739
4 754 763 764 2918
4 2466 2798 2595 2820
4 1458 832 1290 2534
4 2501 2582 1848 2653
4 2081 2653 2500 3055
4 1460 1147 2693 2729
4 2933 3124 703 3184
4 1460 1147 1272 2693
4 2422 2942 2644 2950
4 1019 1020 2931 2985
4 155 87 531 1100
4 471 1498 2985 3069
4 1044 2522 1484 3169
4 2428 2724 1663 2899
4 1480 2853 2942 2950
4 2369 2407 2336 2625
4 2602 2724 2428 2899
4 2541 2643 1202 2927
4 1848 35 34 1849
4 430 25 24 2665
4 2045 2711 2580 3012
4 894 2454 895 2910
4 2566 2730 1094 2984
4 2090 2786 2641 3174
4 2421 2648 1378 3025
4 962 2622 2503 2720
4 1073 1405 1072 2962
4 1480 2942 1163 2950
4 972 1281 164 548
4 1712 2416 2815 2849
4 2465 2802 2610 2857
4 2644 2942 2853 2950
4 2537 1825 2908 3142
4 2486 1146 2729 2886
4 1868 2008 2136 2471
4 1674 2188 2465 2610
4 2465 2661 2610 2802
4 2040 2681 1751 3214
4 2008 2136 2471 3159
4 1202 2541 72 2643
4 2342 2370 2528 2974
4 894 895 896 2910
4 2616 2865 2484 3227
4 1097 2566 1165 2997
4 2480 2553 1046 2638
4 2068 2534 608 3027
4 2375 2531 2326 2689
4 2424 2929 2564 3163
4 1952 2606 1 2663
4 2493 2730 2566 2984
4 2342 2625 2528 3090
4 2493 1094 2730 2984
4 2539 2739 2594 3110
4 1975 2642 2533 2832
4 1042 2422 1163 2942
4 2529 3143 2840 3178
4 420 2658 9 2751
4 2555 2972 1316 3069
4 982 2879 1063 2949
4 804 1336 592 2548
4 2443 2579 1670 2717
4 1538 3019 2592 3162
4 2418 2573 1711 2815
4 868 2650 2465 2754
4 2342 2528 2370 3090
4 1046 2553 2480 2733
4 889 887 962 2503
4 2690 2987 2684 3123
4 2432 2601 2649 2703
4 1138 1198 1409 2539
4 880 1398 2453 3064
4 2359 3108 3126 3241
4 1814 2641 2090 2786
4 2301 1257 2506 2885
4 997 2705 2438 2954
4 2461 2581 1298 2727
4 1730 2785 1729 2786
4 1546 2505 2337 2905
4 1833 1835 2563 2746
4 2408 2720 1353 2741
4 1883 2603 2485 2946
4 1281 549 164 548
4 2422 1163 2942 2950
4 976 2432 956 2703
4 874 872 2598 2725
4 1416 2859 1142 3006
4 1712 2815 2573 2849
4 2114 790 2530 2756
4 714 731 703 3124
4 1146 2886 2486 2896
4 757 2536 1576 3008
4 870 937 2650 2661
4 1712 2573 1713 2849
4 1542 2531 2326 2742
4 1142 2859 2568 3006
4 619 592 1336 2548
4 748 2114 2530 2894
4 62 1308 2741 2814
4 840 749 2643 3087
4 2188 2190 1992 2610
4 970 2743 450 3068
4 1232 2683 94 2856
4 889 2503 962 2622
4 2661 2802 2465 2857
4 1413 1408 2581 2871
4 70 23 2642 2736
4 2053 2658 420 2751
4 2586 2850 1086 2866
4 2014 2150 2559 2589
4 558 173 559 1037
4 169 558 562 1031
4 2304 2378 2337 2964
4 1972 2680 2832 3102
4 1283 2469 2590 2696
4 2237 1933 2668 2934
4 1943 2665 1945 2836
4 2427 2614 1794 2947
4 2491 1734 2710 3085
4 2563 2746 1835 3040
4 2171 2647 2520 2947
4 1713 2573 1712 2815
4 955 2585 939 3147
4 2533 2642 2455 2832
4 82 2582 2501 2653
4 2372 2336 2407 2919
4 1833 2746 2563 3005
4 2321 2521 2373 2964
4 919 2645 2421 3025
4 1684 2611 1681 2966
4 1743 1742 1741 2708
4 2750 2833 2437 2908
4 41 1767 2614 2647
4 1019 1020 1021 2931
4 1416 2456 2859 3006
4 1570 2521 2321 2964
4 1818 2908 1819 2965
4 961 2459 2605 2766
4 887 1359 962 2503
4 54 2611 106 3068
4 2524 2616 1898 2865
4 1828 2508 1996 2609
4 2432 2745 2649 3151
4 1359 2503 887 2863
4 2321 2373 2304 2964
4 871 2598 2434 2718
4 1330 2553 2502 2638
4 2493 2746 2563 3040
4 1793 1794 2614 2947
4 1925 2563 2510 3005
4 1458 2534 1290 2855
4 2504 3040 2001 3121
4 875 2436 2598 2718
4 1283 1118 1357 2590
4 2431 2596 2140 3148
4 1257 2301 2506 2632
4 2160 2884 2445 3011
4 1329 2812 2502 2978
4 2014 2589 2559 3071
4 584 2534 2577 3027
4 1383 2419 1252 2924
4 2604 2973 2933 3124
4 1165 2566 1340 3033
4 2777 2868 880 3064
4 2489 2741 1308 2814
4 2336 2407 1552 3230
4 48 2544 1 2663
4 1670 2579 2443 2687
4 1546 2304 2337 2964
4 2517 2620 1916 2678
4 2114 1558 790 2756
4 1573 2510 597 2671
4 13 420 9 2751
4 2427 2833 2750 2965
4 2534 2583 608 3022
4 708 2526 718 3014
4 1712 1715 2416 2849
4 418 10 11 2639
4 656 632 2923 3178
4 1413 2871 2581 2990
4 656 2923 632 3143
4 699 712 713 2507
4 2321 2521 1570 2684
4 991 976 956 2703
4 576 2490 672 3013
4 941 2418 1254 2890
4 1826 1828 1996 2609
4 1992 2610 2468 2802
4 960 1413 1408 2581
4 1061 2413 981 2943
4 2796 2828 2496 2962
4 1818 2750 1821 2908
4 2504 2563 2000 3040
4 2493 1835 2746 3040
4 1517 50 2530 2655
4 1792 2601 2435 3151
4 1552 2407 2336 2919
4 1539 2933 2170 2973
4 1129 2467 1137 2744
4 792 2541 762 3243
4 2372 2336 2369 2407
4 2299 2383 2384 3215
4 2171 2520 1910 2947
4 2071 1848 2501 2582
4 718 2526 1577 3014
4 1664 2981 2914 3038
4 2504 2566 1340 2984
4 2014 2447 2589 3071
4 1165 2997 2566 3033
4 962 2503 1359 2720
4 2504 2001 2591 3121
4 583 2501 676 2634
4 2342 2367 2625 3090
4 2503 2662 1359 2720
4 1814 2641 2438 3200
4 167 1058 1141 562
4 0 1 1952 2606
4 1129 1137 1215 2744
4 1396 514 1153 2701
4 1220 2279 843 3144
4 921 1254 1251 2547
4 1442 1353 2720 2741
4 2124 2716 2970 3161
4 1740 1741 2639 3053
4 1225 68 2714 3044
4 2530 2737 1517 3070
4 1007 1347 2444 2626
4 1809 2431 2140 3148
4 1684 2513 1681 2611
4 1675 1664 2914 3038
4 2473 2909 122 2959
4 1011 59 1009 1010
4 2503 2717 1625 3054
4 2097 7 415 2753
4 592 804 2548 2657
4 2551 2716 2124 2760
4 808 2502 2293 2765
4 1974 2533 1975 2642
4 128 2411 64 2608
4 72 2633 2701 2780
4 2442 2600 1617 3049
4 1016 480 1014 481
4 2237 2668 2410 2934
4 2526 2635 2570 3044
4 2130 2423 1806 2835
4 1599 2691 2424 2929
4 2415 2701 2633 2780
4 1625 2717 2503 2721
4 2517 2620 90 2875
4 2158 2090 2641 3174
4 1061 2778 2413 2943
4 1439 2544 2392 2632
4 1359 2662 2503 2863
4 1340 2566 2504 3033
4 2124 1980 2716 3161
4 2224 2678 2512 2993
4 2412 2739 2539 2744
4 995 2438 2695 2954
4 2425 2585 2745 3147
4 632 3143 2923 3178
4 1883 2485 2227 2946
4 1097 2566 2514 2980
4 62 2741 2489 2814
4 2537 2609 1825 3142
4 143 855 853 1420
4 584 678 2534 3027
4 1318 60 2555 3069
4 488 1438 2828 3030
4 1097 1096 2566 2980
4 1086 1085 2586 2866
4 72 508 1202 2643
4 2149 2567 2459 2795
4 90 43 2620 2678
4 1714 2736 2556 3102
4 1189 2524 2690 2987
4 808 2293 2502 2812
4 1502 2521 2690 2956
4 2507 2624 2277 2953
4 121 1496 1322 1048
4 961 2766 2605 3222
4 1792 2435 2102 3151
4 2149 2459 2567 2681
4 1767 41 40 2647
4 2684 2690 2524 2987
4 2419 2728 1252 2924
4 2150 2559 2589 3089
4 875 2597 2436 2764
4 678 2534 608 3022
4 879 2442 2597 2764
4 984 2715 2944 3120
4 1042 2834 2422 2942
4 961 1432 2766 3222
4 56 2638 2518 2864
4 2650 2754 869 2757
4 961 2605 1432 3222
4 2512 2993 2678 3116
4 1034 132 1391 1035
4 1967 763 2918 3000
4 1833 2482 2746 3005
4 1030 2413 2778 2858
4 1332 2515 2291 2812
4 2443 2622 2503 2863
4 1316 1318 2555 3069
4 1365 2501 2634 3059
4 1631 2659 2454 2722
4 2519 2612 2397 2975
4 2914 2981 2425 3038
4 757 793 780 2536
4 2361 2519 1497 2612
4 846 2682 795 2755
4 2604 3124 2933 3184
4 2291 2515 1332 2851
4 162 2829 537 3059
4 1235 1538 2592 3162
4 42 43 2614 2678
4 1484 1276 1275 2618
4 2411 2758 2011 3244
4 2321 2304 2078 2964
4 2218 2528 2644 2974
4 2197 2463 2712 2830
4 488 2828 64 3030
4 2442 879 2597 2777
4 2108 2611 2423 2628
4 2467 2640 1129 2940
4 2541 2643 762 3243
4 1376 1042 1163 2942
4 1597 2929 2564 2941
4 1375 1216 2977 3098
4 1387 2453 1398 2696
4 1659 1968 2602 2899
4 1874 2571 2820 3045
4 1767 40 41 2614
4 1959 2865 1898 3227
4 1893 1974 2642 2736
4 1718 2775 2748 2966
4 2649 2745 2432 3147
4 1021 2562 2450 2931
4 2563 2746 2482 3005
4 2156 2602 2419 3135
4 2299 2384 2518 3215
4 1848 1891 2501 2653
4 1680 2513 1684 2611
4 1130 1129 2640 2940
4 1793 1794 1774 2614
4 749 840 2700 3087
4 1680 2513 2611 2694
4 2568 2859 2456 3006
4 58 2639 11 2708
4 2503 2622 2443 2717
4 162 2501 82 2582
4 2520 2647 2171 2724
4 933 2575 2697 3139
4 2570 2635 2526 3014
4 2068 2583 2534 3100
4 2124 2551 2760 2970
4 2438 2545 2955 3187
4 2450 2562 1021 3165
4 1279 2568 1429 2871
4 1546 2078 2304 2964
4 903 2581 2448 2727
4 762 2541 792 2927
4 2544 2627 1 2663
4 1460 2729 2693 2992
4 2218 2974 2644 3035
4 1497 2519 2361 2958
4 1388 2421 919 3018
4 2573 2815 2416 2849
4 584 2534 678 3022
4 1646 2446 1644 2731
4 933 2697 2470 3139
4 1764 40 444 2584
4 2546 2438 2955 3191
4 42 2614 1773 2678
4 1628 1694 2460 2717
4 2470 2697 2575 3139
4 2153 2681 2489 3048
4 48 110 1 2544
4 1694 2579 2460 2717
4 871 2434 1368 2718
4 1019 2450 2814 2985
4 840 749 773 2643
4 2547 2728 1251 3164
4 1097 1095 1165 2566
4 2197 2731 2463 2830
4 64 2411 128 3030
4 1539 2170 2116 2973
4 782 750 772 2485
4 1810 2040 1751 3214
4 1105 537 2829 3059
4 1901 2602 2156 3135
4 875 964 2436 2718
4 2425 2745 2585 3038
4 2158 2641 3017 3174
4 1322 122 2909 2959
4 90 2875 557 2991
4 2234 1933 2499 3171
4 1341 2660 2490 3009
4 2641 2786 2546 3174
4 750 2735 1534 2927
4 48 2976 454 3141
4 2425 3038 2779 3151
4 2450 2619 1751 3214
4 1353 2622 2408 2809
4 1814 2438 2784 3200
4 2555 2637 2055 2905
4 2153 2489 2722 3048
4 123 122 2473 2751
4 2055 2637 2555 2751
4 750 2485 782 2735
4 1298 2581 903 2727
4 2148 2442 1617 3049
4 1153 514 72 2701
4 33 2579 2206 2687
4 872 2458 1372 2650
4 1681 1684 1680 2513
4 2516 2618 1274 2853
4 1718 1720 2748 2775
4 2644 2853 2528 2950
4 1298 924 2461 2727
4 708 727 718 2526
4 1446 2445 1445 2662
4 2181 2747 2576 3004
4 2234 1908 1933 3171
4 656 632 573 3143
4 2483 2534 2577 2855
4 1061 1030 2413 2778
4 2367 2342 2370 3090
4 68 1223 2714 2901
4 162 82 35 2582
4 2368 2301 2393 2506
4 439 38 39 2582
4 1792 2435 2601 2915
4 2145 2589 2880 2915
4 2257 2528 1566 2625
4 1119 1357 2590 3073
4 629 2772 679 2888
4 424 2608 18 2902
4 1416 2456 1070 2859
4 632 1228 3143 3178
4 72 2836 140 3087
4 1429 2871 2568 3112
4 2407 2919 1552 3230
4 1810 2681 2040 3214
4 1831 2930 2712 3005
4 1628 2460 1630 2659
4 56 2518 1326 2909
4 2569 2754 2650 2757
4 1502 2690 2543 2956
4 787 2540 774 3243
4 54 2743 2611 3068
4 2737 2778 2413 2858
4 2427 2879 2833 2965
4 1030 981 1061 2413
4 2416 2680 1715 3102
4 2518 2765 2384 2952
4 1179 1517 2737 3070
4 2634 2831 2500 3055
4 673 2490 576 2660
4 2603 2734 2406 2898
4 997 995 996 2954
4 1972 1715 2680 3102
4 1904 2852 2740 3106
4 576 673 672 2490
4 882 880 2868 3064
4 2443 2792 2622 2863
4 1085 2586 2508 2983
4 2082 2160 2549 2708
4 2505 2972 2555 3069
4 725 2874 740 2998
4 1223 1225 68 2714
4 2145 2589 2167 2880
4 1654 2164 2574 2960
4 2455 2729 2805 3042
4 2436 2597 875 2903
4 1920 2923 2624 3082
4 2508 2586 1085 2866
4 2436 875 2598 2903
4 1730 1728 1729 2785
4 1509 2976 2405 3126
4 708 718 1577 3014
4 1682 2133 2646 2941
4 1654 2574 2788 2960
4 1734 2710 1733 2948
4 2762 2899 1987 3173
4 1651 1987 2762 2899
4 2458 2725 872 3206
4 1680 2611 1684 2694
4 1975 2455 2642 2832
4 1712 1713 1715 2849
4 56 2638 2864 3182
4 14 419 15 2630
4 1740 1741 1742 2639
4 1682 2646 2412 2941
4 846 1509 2682 2755
4 128 2411 2608 3030
4 679 2772 2561 2888
4 2071 1848 1891 2501
4 2140 2596 2431 2749
4 1368 2434 871 3205
4 508 2643 72 3087
4 1617 2600 2442 2698
4 2202 2688 2481 2719
4 677 608 2583 3022
4 1046 2553 1330 2638
4 2091 1670 2579 2717
4 762 2643 2541 2927
4 94 2683 1231 2840
4 1176 2805 2729 3042
4 1570 2321 2078 2964
4 2609 2669 2508 3129
4 2481 2696 1406 3064
4 1542 2281 2326 2689
4 1600 2424 1599 2691
4 1202 2643 508 3087
4 2171 1910 2520 3105
4 529 2800 1108 2804
4 2084 1811 2572 2790
4 941 2846 2418 2890
4 2107 2569 2704 2781
4 92 1235 550 2856
4 2512 2949 2879 2965
4 1314 2521 1502 2956
4 152 2800 2430 3078
4 749 787 773 2643
4 895 2454 2809 2910
4 2124 2716 2551 2970
4 529 152 2800 2804
4 783 2530 790 2756
4 2411 2745 2011 2758
4 1344 2983 2510 3007
4 1714 2002 2556 2736
4 1216 2811 2744 3098
4 1811 2572 2790 2960
4 2392 2544 2317 2632
4 2406 2735 1535 2763
4 1626 2443 1670 2717
4 2548 2613 600 3159
4 1165 1095 1340 2566
4 2496 2828 2796 2999
4 1631 2139 2722 3048
4 903 2448 2581 2789
4 1383 948 1252 2419
4 1822 2908 1825 3142
4 2112 1659 2602 2914
4 886 2443 888 3107
4 2529 2840 1234 3178
4 1383 2679 2419 2924
4 1874 2571 2015 2820
4 2453 2868 2777 3064
4 1972 2680 1977 2832
4 1602 2429 1603 2691
4 141 75 520 1214
4 597 2510 669 2671
4 1883 1979 2227 2734
4 1298 2581 2461 2990
4 2341 813 2860 2945
4 1814 2158 2090 2641
4 1497 2612 2519 3086
4 593 2529 1938 2799
4 2394 1568 2742 3001
4 887 889 888 2863
4 115 7 2538 2753
4 2528 2644 2974 3035
4 1411 3120 2431 3208
4 1676 3038 1687 3151
4 939 2425 2585 2890
4 1686 2611 2628 2694
4 2513 2611 2426 2966
4 1674 2610 2465 2819
4 1573 597 2510 2808
4 450 2743 952 3183
4 1731 2441 1733 2710
4 1388 2715 2421 3018
4 2426 2944 2715 3120
4 1661 2459 2151 2673
4 1517 2655 2530 3070
4 1368 2718 2434 3205
4 2434 2598 871 2650
4 557 2875 1399 2991
4 471 118 60 2985
4 761 1578 2540 3000
4 970 952 450 2743
4 984 2944 1370 3120
4 2475 2899 2762 3173
4 58 2639 2580 2843
4 2481 2688 2202 3093
4 152 82 2800 3078
4 2392 2544 1439 3126
4 873 2598 871 2718
4 1138 2539 2744 2940
4 2449 2697 2651 2803
4 42 1773 1795 2678
4 965 872 2725 3206
4 1644 2446 1645 2675
4 164 2879 972 2911
4 2406 2603 2485 2734
4 1375 2977 2621 3098
4 35 2653 82 3078
4 2669 3061 2508 3129
4 875 2598 873 2718
4 2489 2681 2153 3214
4 1254 941 1199 2418
4 2833 2949 2477 2965
4 2645 2691 2424 2767
4 2505 2637 2075 2822
4 1575 699 2267 3153
4 424 19 2608 2902
4 2164 1654 2574 2788
4 2513 2426 2861 2966
4 1406 2696 2481 3091
4 1388 1378 919 2421
4 934 1406 2696 3064
4 2132 2011 2758 3244
4 951 2846 497 2992
4 2748 2775 1720 3246
4 1365 2634 1400 3059
4 2523 2742 1568 3001
4 2397 2519 2361 2612
4 2108 2423 2130 2628
4 2499 2901 2668 2934
4 166 2623 2706 2856
4 2248 2663 2405 3008
4 2570 2642 2635 3014
4 1676 2779 3038 3151
4 1689 1666 2417 2716
4 939 926 942 2425
4 1200 1151 2415 2780
4 1061 1062 1030 2778
4 2740 2852 1904 2967
4 2923 3143 2529 3178
4 1967 2918 2409 3000
4 774 787 761 2540
4 1438 2411 1270 2796
4 2131 1884 2415 3161
4 2748 2775 2426 2966
4 1180 1248 1535 2406
4 1979 1913 2274 2406
4 981 2413 2759 2943
4 619 2548 1336 3125
4 1274 2516 1276 2618
4 600 2548 654 2613
4 2458 1372 2650 2661
4 862 861 860 2424
4 864 865 2429 3025
4 933 2575 898 2697
4 1718 1685 1717 2426
4 2065 600 2613 3159
4 1666 1689 2417 3051
4 2001 2504 2591 3175
4 1040 1039 109 1461
4 2445 1445 2662 2720
4 1684 1681 1685 2966
4 1604 1603 1602 2429
4 2536 2606 2251 2663
4 2587 2889 52 3140
4 35 2615 1849 3078
4 1818 1821 1819 2908
4 2740 2852 2539 3106
4 70 130 2570 2642
4 1674 2190 2188 2610
4 2507 2706 2623 2856
4 787 2540 749 2700
4 2202 2989 2481 3093
4 532 2792 159 3107
4 725 740 695 2998
4 2466 2820 2571 3045
4 2489 2814 1308 3222
4 36 2629 2209 2702
4 1821 2177 2181 2437
4 1564 2499 1933 2934
4 2200 2989 2202 3093
4 2023 2963 2559 3089
4 1466 621 586 2561
4 1115 2595 2483 2855
4 1290 2534 832 3022
4 2477 2908 2833 2965
4 2426 2748 2554 2775
4 895 2809 2605 2910
4 1252 2419 948 2921
4 2630 2637 2054 2751
4 1628 2460 2659 2717
4 2107 2140 1809 2431
4 982 973 972 2427
4 708 727 2526 3014
4 2281 2375 2326 2689
4 432 24 25 2607
4 2546 2641 2438 2786
4 1325 2518 1326 2638
4 2053 8 420 2658
4 2006 2772 629 2888
4 699 2507 713 3153
4 2234 2499 2593 3171
4 1685 2426 1718 2966
4 1813 1725 1721 2433
4 68 1224 1223 2901
4 557 1399 1418 2991
4 2206 2579 1670 2687
4 2393 2506 2301 2632
4 1370 2944 2685 3120
4 1452 1301 2462 2697
4 2256 1568 2523 2742
4 2380 2308 2390 2473
4 960 1285 905 2581
4 1882 2627 2544 2663
4 450 54 2743 3183
4 2197 2463 2203 2712
4 2580 2843 2639 3053
4 2107 2704 2431 2781
4 2487 2595 1120 2855
4 472 1494 122 474
4 1372 2458 872 3206
4 7 2694 2538 2753
4 164 1281 972 2879
4 2075 2055 2637 2905
4 1318 2555 60 2959
4 94 2624 2507 2683
4 1137 2467 1129 2940
4 2405 2682 1509 2755
4 2369 2407 2625 3094
4 1308 3114 2489 3222
4 933 1447 2470 2697
4 2424 2621 2564 2929
4 840 773 1532 2643
4 875 2436 1363 2764
4 1282 2469 1283 2696
4 1535 2406 1248 2735
4 2308 2473 2380 2726
4 873 871 1368 2718
4 2051 2052 2473 2751
4 2179 2873 2587 2919
4 995 997 1134 2438
4 1814 1729 1727 2438
4 2517 2512 2678 3116
4 879 916 2442 2764
4 1279 2568 2871 3006
4 754 1967 763 2918
4 875 873 964 2718
4 1730 2710 2522 2786
4 1816 2580 2445 2708
4 1353 889 962 2622
4 1411 2685 2431 3120
4 862 861 2424 3025
4 2449 2651 2727 2803
4 2301 2506 2368 2885
4 677 678 608 3022
4 2033 2200 2202 3093
4 1564 2893 2499 2934
4 1624 1670 1626 2443
4 2533 2416 2729 2992
4 538 161 542 1102
4 1687 3038 2745 3151
4 1733 1731 1817 2441
4 1863 1861 2015 2472
4 1654 1617 2148 2442
4 846 751 795 2682
4 1341 1356 2490 3013
4 426 20 2593 3171
4 1029 2464 1028 2709
4 1074 3120 1411 3208
4 1816 2445 2160 2708
4 906 907 908 2446
4 2416 2832 2680 3102
4 2675 2707 2581 2789
4 1644 1646 1645 2446
4 123 13 122 2751
4 2613 3052 2065 3159
4 2130 2628 2587 2873
4 2075 2637 2505 2905
4 2645 2424 2716 2767
4 1005 1007 1347 2444
4 1389 1056 1173 2437
4 2319 2397 2612 2975
4 2448 2732 1640 3229
4 678 608 2534 3027
4 60 2637 2555 3069
4 891 2622 1353 2809
4 902 903 904 2448
4 2015 2820 2571 3199
4 1398 1387 880 2453
4 2459 2766 961 3211
4 2484 2616 2524 2865
4 37 2629 36 2702
4 1606 1674 2188 2465
4 2084 2790 2572 3012
4 2693 2729 2416 2992
4 586 1468 1466 2561
4 1633 2139 1631 3048
4 1108 2430 1110 3091
4 1438 2411 2796 2828
4 2369 2372 2407 3094
4 1142 1416 1070 2859
4 1445 1446 1136 2445
4 1285 1408 1429 2447
4 1242 2700 74 2752
4 912 2439 910 3043
4 876 2440 936 3073
4 1199 2418 941 2846
4 2052 1553 2473 2881
4 122 2658 2473 2751
4 894 893 895 2454
4 2162 2160 1816 2445
4 1115 2483 2595 2821
4 1340 1474 2504 2984
4 1490 2553 1046 2733
4 772 2485 750 2927
4 1752 2511 1750 2619
4 2040 1753 1751 2450
4 1817 2441 1731 3174
4 876 1366 2440 3073
4 1884 2970 2415 3161
4 583 636 1365 2634
4 1871 1992 1991 2468
4 2426 2611 2513 2743
4 1130 1137 1129 2940
4 126 127 475 2916
4 1676 2981 1664 3038
4 1021 1309 1019 2450
4 786 2735 2406 2763
4 1676 2425 2981 3038
4 72 146 2633 2780
4 1612 2686 2793 2870
4 1171 1055 2484 2709
4 2098 1613 2436 3017
4 875 1363 2436 3177
4 2128 2617 2552 2713
4 2406 2485 2603 2778
4 2326 2531 2375 2742
4 2241 2496 2137 2599
4 2364 2394 2742 3001
4 871 2434 2650 2757
4 593 1938 2529 2923
4 1199 2693 2418 2846
4 1863 2472 2015 3199
4 1681 2861 1685 2966
4 2450 1021 2766 3165
4 725 2410 2874 2998
4 1979 2406 2274 2734
4 1948 2277 2507 2623
4 1733 2441 1817 2948
4 1751 2619 2450 2768
4 2485 2735 750 2927
4 1825 2609 2537 3146
4 1895 2179 2587 2919
4 1135 2741 1442 2916
4 1752 2511 2619 2768
4 1630 1628 1694 2460
4 1655 2659 2408 3054
4 1223 1224 68 1225
4 1027 1028 1029 2464
4 1426 2442 879 3077
4 2321 2388 2521 2684
4 1308 2741 2489 3114
4 937 2465 2661 2811
4 1118 1283 1282 2469
4 1875 1829 2476 2712
4 2151 1661 2149 2459
4 1242 74 2700 3087
4 1996 1923 2609 3129
4 2004 1691 2195 2457
4 1363 2764 2436 3177
4 2503 2622 2408 2720
4 1834 2000 1925 2563
4 2041 2681 2153 3048
4 903 2448 902 2727
4 1672 1618 2096 2453
4 23 22 425 2635
4 876 936 1366 3073
4 916 879 2442 3077
4 2744 2811 2527 3098
4 1644 2654 2446 2675
4 894 2575 896 3139
4 948 2419 1383 3097
4 2496 2796 2558 2999
4 2504 2566 3040 3121
4 2390 2473 2308 2881
4 926 942 2425 2969
4 1030 981 2413 2759
4 1146 2486 1472 2896
4 1632 1633 1631 2454
4 2660 3084 2738 3092
4 1007 2444 1005 2733
4 2690 2961 2616 3021
4 893 895 2454 2809
4 2039 2681 2567 3176
4 1164 2510 2906 3007
4 2337 2378 2377 2505
4 1097 1096 1095 2566
4 1655 2408 2089 3054
4 748 2530 783 2894
4 1180 2406 1535 2763
4 1446 2626 2445 2662
4 1374 868 937 2465
4 2548 3052 2613 3159
4 1673 1610 2184 2458
4 1292 2550 1275 2945
4 127 2549 2741 2916
4 2568 2871 2447 3112
4 828 1234 2840 3178
4 2416 2729 2680 2832
4 1372 2661 2458 3206
4 1125 1127 1244 3039
4 2558 2796 2496 2962
4 1046 1490 1330 2553
4 2712 2930 2482 3005
4 2413 1030 2759 2858
4 1505 2578 2524 2987
4 1276 2516 1275 2618
4 921 1254 2547 2890
4 53 107 1395 1039
4 1715 1712 2416 3102
4 1792 2102 2435 3010
4 1767 40 1765 2647
4 2431 2704 2569 2781
4 919 1378 863 3025
4 2476 2850 2586 2866
4 1682 2594 2412 2646
4 2203 2197 1671 2463
4 2039 2040 2681 3176
4 1304 1096 2420 2730
4 2156 1902 2419 2724
4 1001 999 2848 3191
4 1147 2416 1065 3075
4 912 910 911 3043
4 2209 2702 2629 2770
4 1447 1443 933 2470
4 1248 2406 1180 2737
4 122 9 2658 2751
4 1125 3003 1127 3039
4 1626 1624 2443 2721
4 1120 2595 2487 2818
4 2621 2977 2527 3098
4 1388 1378 2421 3120
4 1087 1086 1085 2586
4 2256 2523 1568 3001
4 1633 2454 2673 3048
4 1001 2848 2441 3191
4 426 21 20 3171
4 1940 3020 2259 3243
4 1274 2618 1276 2853
4 122 13 9 2751
4 2469 2696 1282 3091
4 107 53 462 1039
4 1916 2620 2517 2799
4 1817 2948 2441 3174
4 632 1228 573 3143
4 2430 2800 152 2804
4 1866 2478 1865 2699
4 2443 2717 2622 2792
4 2348 3036 2371 3060
4 72 2643 2836 3087
4 2361 2519 2397 2958
4 2137 2599 2496 2999
4 2605 2809 2454 2910
4 2538 2753 2858 3145
4 1438 2796 1072 2828
4 865 864 2429 3098
4 2195 2457 1691 2731
4 1975 1974 1973 2533
4 2192 2688 2202 2719
4 2411 64 2608 3244
4 1298 2461 924 2990
4 1901 2156 2126 3135
4 727 3014 733 3134
4 1 414 0 2627
4 2140 2431 2107 2749
4 2552 2617 2128 2982
4 1618 2600 2453 2719
4 164 549 1281 2879
4 1990 2467 1869 2968
4 2574 2948 2087 3174
4 632 828 1228 3178
4 2500 2653 2634 3055
4 1933 1564 2234 2499
4 2023 2452 1812 2963
4 1457 2570 490 3044
4 1428 2482 1088 3007
4 2156 2419 1902 3135
4 2559 2963 2452 3089
4 1452 2462 1301 3219
4 2097 7 6 415
4 2023 2452 2963 3089
4 1006 1007 2733 2843
4 1304 2420 1096 3130
4 2004 1691 2457 3004
4 1902 2647 2419 2724
4 2668 2901 2499 3171
4 994 990 2942 3122
4 1475 2872 2855 3022
4 916 1426 879 3077
4 1599 2424 1600 3163
4 1159 1242 74 2752
4 64 2828 2411 3030
4 1443 2470 1447 2730
4 2112 2418 1711 3201
4 72 2665 140 2836
4 994 2942 2495 3122
4 1651 2899 2762 2912
4 2164 2574 2087 3174
4 1509 1479 2405 2755
4 1866 1864 1865 2478
4 865 2429 866 3098
4 868 869 2650 2754
4 2466 2595 1119 2818
4 1646 2652 2446 2731
4 1122 1124 1123 2472
4 1090 2482 1428 3007
4 850 2752 517 2882
4 2120 2536 780 2756
4 2175 2740 2594 3106
4 1831 2712 2482 3005
4 1685 1717 2426 2861
4 1126 2640 2478 2810
4 1442 2741 2720 2916
4 876 2440 1366 2903
4 1076 2452 1299 3066
4 1166 2524 1505 3021
4 1695 2503 1625 3054
4 2122 2421 1657 3148
4 1498 471 60 3069
4 1671 2463 2197 2731
4 60 2511 118 2630
4 2171 2127 2647 2947
4 1644 2446 2654 2731
4 910 2439 912 3240
4 2448 2651 1640 2732
4 1118 2595 2469 2821
4 801 2405 784 2813
4 1612 2793 1610 2870
4 1426 879 2442 2777
4 2475 2771 1261 2782
4 937 2811 2661 3039
4 2488 2703 3166 3233
4 1671 2203 2463 2732
4 1355 532 2792 3096
4 1662 2447 2013 3071
4 589 824 631 2636
4 2447 2675 1662 2880
4 1254 2418 1199 2924
4 2404 2683 1230 2837
4 1438 1270 1072 2796
4 740 2874 2125 2998
4 140 2836 2665 3087
4 2539 2852 2740 2967
4 1146 1174 2486 2729
4 1465 1145 1126 2478
4 740 2220 2125 2874
4 898 2697 2575 3186
4 2466 3050 1119 3073
4 1817 2164 2087 3174
4 1299 3066 2452 3165
4 1630 2659 2460 2926
4 2371 3036 2515 3060
4 1666 1679 1689 3051
4 2449 2697 900 3186
4 1831 1877 2482 2712
4 865 2648 2429 3025
4 2482 2712 2586 2930
4 2385 2765 2502 2952
4 1654 2442 2148 2960
4 2431 2704 2107 2749
4 1575 2507 2277 2953
4 2640 2810 1128 2940
4 871 2434 2757 3205
4 1657 2421 2122 2767
4 1270 2411 3030 3147
4 2556 2815 1714 3102
4 36 2035 2209 2629
4 1553 2051 2473 2726
4 2098 1696 1613 3017
4 28 1971 432 2607
4 1188 2519 1497 2958
4 1272 2416 1147 3075
4 2406 2737 1248 2778
4 2551 2970 2716 3161
4 60 2985 2511 3069
4 846 1385 751 2682
4 681 654 600 2548
4 1446 2626 2662 3172
4 1564 2234 2499 2893
4 1618 2453 1672 2719
4 1021 1309 2450 2766
4 1595 2133 2564 2646
4 926 2425 939 2890
4 1090 1428 1088 3007
4 159 2792 532 3096
4 1943 24 1945 2665
4 872 2598 2458 2650
4 1650 2439 1648 3004
4 2444 2580 2843 3072
4 953 984 2715 3228
4 1873 2430 2769 3063
4 1829 1875 2476 3146
4 1975 2533 1973 2832
4 1312 2288 2817 2972
4 2564 2646 2133 2941
4 862 2424 860 2794
4 2729 2992 1175 3042
4 1964 2275 2706 2917
4 7 115 2538 2694
4 1812 2452 2023 3083
4 953 2715 2743 3228
4 1426 2442 2723 2777
4 2408 2659 1655 2722
4 2310 2394 1568 2742
4 1828 2609 1826 3146
4 1865 2699 2478 2823
4 1367 1119 3050 3073
4 1290 1475 2855 3022
4 1959 1956 2865 3227
4 2201 2582 2490 2738
4 1810 2153 2681 3214
4 2604 2896 2498 3019
4 875 2436 964 3177
4 1130 2640 1128 2940
4 2443 2717 1626 2721
4 965 872 874 2725
4 2087 2474 1811 2790
4 2131 2415 1884 2946
4 1606 1608 2569 2857
4 1817 2087 2948 3174
4 824 631 2636 3149
4 1672 2453 2096 3015
4 2441 1733 2710 2948
4 1056 1173 2437 2986
4 2130 1895 2587 2835
4 861 860 2424 2939
4 2145 2167 2013 2880
4 105 1211 1210 1059
4 2426 2743 2715 3228
4 2517 2678 2512 2991
4 1279 1142 1429 2568
4 1645 2446 1646 2937
4 956 2432 976 3147
4 1627 1625 2717 3054
4 62 15 2619 2631
4 427 1699 2736 2902
4 2261 2642 2455 2897
4 2474 2790 2087 2948
4 2337 2505 2377 2905
4 2178 2512 2224 2678
4 1440 2408 1353 2741
4 1130 1128 2810 2940
4 1718 2426 1717 2775
4 1810 2153 2041 2681
4 2421 2691 1657 3148
4 1597 2109 2929 2941
4 1200 2415 1151 2943
4 1387 2453 2590 2932
4 2410 2901 1221 3144
4 1430 961 2766 3211
4 2257 2528 2625 3029
4 939 2890 2585 3193
4 2544 3126 3108 3241
4 35 82 2615 3078
4 2478 2640 1126 3003
4 631 658 2636 3149
4 1460 1175 2729 2992
4 2554 2775 2748 3246
4 1674 2465 1606 3195
4 688 647 2404 2801
4 976 2432 2703 2796
4 1861 2015 2472 2820
4 784 2405 801 2755
4 1228 828 1234 2840
4 2293 2374 2385 2502
4 1851 2430 1873 3063
4 948 2921 2419 3097
4 1877 2482 2712 2928
4 2452 1812 2963 3083
4 924 2656 2461 2727
4 1586 1563 1587 2509
4 2039 2149 2567 2681
4 973 2427 982 2833
4 2107 2431 1809 2781
4 1775 2054 2630 2637
4 1353 2408 923 2809
4 1005 2444 1347 2907
4 1094 1113 2493 2730
4 597 663 669 2510
4 622 1997 597 2671
4 2438 2785 2522 2786
4 1602 1604 2429 2819
4 2112 2602 2418 2914
4 2378 2817 2505 2964
4 1928 3047 2684 3207
4 1287 3026 2457 3240
4 2288 2378 2505 2972
4 2218 2020 2528 2974
4 972 2427 973 2911
4 571 2007 629 2888
4 1813 2433 1721 2775
4 1136 2445 1446 3072
4 2607 2633 2415 3161
4 1261 2771 2475 3164
4 2427 2614 164 2879
4 134 494 2876 3086
4 1261 2782 2771 3043
4 1726 2784 2785 2925
4 2348 2064 3036 3060
4 1908 2668 1933 3171
4 2013 2447 2014 3071
4 1025 3066 1299 3165
4 1762 2849 2584 2904
4 866 2429 865 2754
4 2291 2381 2371 2515
4 874 2725 2598 2903
4 1149 454 2976 3141
4 1054 2961 2690 3021
4 2131 2633 2607 3161
4 2234 2593 1908 3171
4 118 2511 60 2985
4 2526 2714 68 3044
4 109 108 458 1040
4 2052 1553 2051 2473
4 1662 2880 2675 2937
4 1648 2439 1650 3189
4 1387 1398 1283 2696
4 2177 2437 1821 2750
4 579 2669 1264 3157
4 1729 1727 2438 2785
4 2660 2738 2514 3092
4 2064 2031 3036 3060
4 1663 2428 1652 3105
4 424 1704 18 2608
4 997 996 2705 2954
4 1564 2296 2893 2934
4 786 755 2735 2763
4 1312 2505 1313 2972
4 1708 2826 1787 3233
4 2467 2967 1869 2968
4 2610 2661 2468 2802
4 888 2443 886 2863
4 2423 2611 2108 2966
4 1725 2433 1813 2784
4 1389 2437 1173 2791
4 1216 988 2811 3098
4 2439 3099 912 3240
4 1714 2556 1700 2815
4 1901 2573 2602 3135
4 23 22 2635 2642
4 2421 2645 919 3018
4 1886 2541 1941 2633
4 1304 2730 2420 3130
4 1632 1633 2454 2938
4 2288 2505 2378 2817
4 2004 2457 2195 2830
4 1650 2439 2912 3189
4 1607 1606 1608 2569
4 1864 2478 1866 3052
4 1959 1956 1898 2865
4 912 2771 2439 3043
4 2251 2606 2536 2756
4 494 1060 2876 3086
4 2424 2621 861 2939
4 1445 2445 1136 2916
4 2091 1626 1670 2717
4 2426 1685 2861 2966
4 879 2597 877 2764
4 1730 2522 1728 2785
4 908 906 2446 2877
4 432 28 2607 2951
4 1065 2416 1147 2886
4 1814 2438 1727 2784
4 2098 2436 1613 2788
4 868 2465 1374 2754
4 1353 923 2408 3114
4 1972 1880 1977 2680
4 1285 2447 1429 3112
4 1642 1640 2732 3229
4 2426 2715 984 3228
4 1922 2624 1920 2923
4 877 2597 875 2764
4 816 2578 2283 3239
4 1694 1630 2460 2926
4 1721 2433 1725 2925
4 1299 2452 1076 2761
4 1821 2437 2181 2908
4 937 1263 2811 3039
4 1729 2438 1814 2786
4 876 936 2440 2932
4 2462 1452 2697 3219
4 672 2490 673 3084
4 88 41 2614 2647
4 2102 2779 2435 3010
4 1617 2442 1654 2788
4 1408 1429 2447 2871
4 1886 2541 2633 2946
4 1094 1113 1092 2493
4 914 915 3156 3164
4 1751 2450 1753 2768
4 880 2453 1387 2932
4 1753 2450 2040 3176
4 1861 2472 1863 2988
4 68 2526 2668 2714
4 1618 2096 2453 2869
4 907 908 2446 2787
4 2500 2653 2081 3063
4 1833 1831 1877 2482
4 1655 2089 2408 3158
4 2344 2283 816 2578
4 1126 2478 1145 2810
4 1860 1859 2487 3100
4 2475 1261 2969 3192
4 2728 3156 915 3164
4 1457 70 490 2570
4 2579 2687 158 3107
4 1842 2738 2514 2971
4 1242 1481 74 3087
4 907 2446 906 2789
4 1645 2675 2446 2937
4 2405 2682 784 3008
4 1287 938 3026 3240
4 1650 2912 1649 3189
4 1353 2408 1440 3114
4 903 904 2448 2789
4 2517 2636 2512 3116
4 1631 1632 2454 2926
4 1737 2444 3012 3053
4 1689 2760 2417 3051
4 1374 2465 937 2811
4 2458 2598 2725 2870
4 1309 1019 2450 2814
4 1528 3042 1457 3115
4 926 2425 2890 2969
4 902 2448 904 2803
4 2023 2559 2963 3198
4 1833 2482 1877 2746
4 571 629 679 2888
4 893 2454 894 2816
4 1270 2411 1438 3030
4 1865 2478 1864 2823
4 2013 2447 1662 2880
4 2368 2506 2393 3136
4 1886 1940 2541 2946
4 787 2643 2540 3243
4 1668 2576 2177 3105
4 1668 2181 2576 3004
4 2138 2104 2464 3089
4 2488 3166 2670 3233
4 740 2125 695 2998
4 1076 1299 1025 3066
4 1952 2251 2606 2663
4 1369 2649 2435 2859
4 426 2593 21 3171
4 2162 2160 2445 3011
4 1674 2819 2465 3195
4 2456 2709 1416 3166
4 2506 2889 2587 3140
4 981 2759 1390 2943
4 2656 2673 2459 3234
4 1873 2769 1853 3063
4 1087 2586 1085 2983
4 2419 2602 2156 2724
4 1429 2447 2871 3112
4 1312 1313 2505 2817
4 1834 2000 2563 3040
4 497 2846 138 2992
4 918 3043 2707 3112
4 1294 2550 3137 3169
4 1599 1597 2109 2929
4 2548 2471 3052 3159
4 2487 2820 2595 2847
4 2486 2729 2680 2886
4 2145 1805 2589 2915
4 1841 1839 2042 2420
4 1287 2457 2877 3240
4 2097 2694 7 2753
4 2629 2702 84 2770
4 1546 2075 2505 2905
4 961 2605 2459 2910
4 2408 923 2809 3114
4 2112 1659 1968 2602
4 812 1365 636 2634
4 2649 2425 2779 3151
4 2022 3015 1876 3185
4 1610 2458 1673 2870
4 162 2501 2829 3059
4 2562 3066 1023 3165
4 2482 2930 2586 3005
4 2428 3156 2728 3164
4 1390 2759 2551 2943
4 1029 1027 2464 2774
4 974 979 500 501
4 2138 2464 2104 2913
4 1577 2526 718 2998
4 2476 1875 2712 2830
4 2515 3036 2031 3060
4 1859 2487 2820 3057
4 1859 1860 2487 3057
4 1938 2529 1918 2799
4 880 882 1398 3064
4 669 2671 2510 3217
4 1287 2877 938 3240
4 2006 629 2007 2888
4 2505 1316 2972 3069
4 1259 2506 1257 2885
4 2149 2151 2459 3048
4 2001 2504 2000 3040
4 1913 2406 1979 2898
4 784 2682 2405 2755
4 921 2547 1251 3164
4 2551 2716 2532 3161
4 2341 2382 2379 2516
4 1229 1230 2404 2683
4 583 676 2501 3013
4 1928 1570 2521 2684
4 432 1971 24 2607
4 1829 1827 1875 3146
4 1835 1879 2493 2746
4 984 2715 2426 2944
4 2140 2596 2135 3148
4 1904 2740 2175 3106
4 1602 2429 2691 2929
4 713 2507 736 3062
4 1991 1871 2468 2823
4 2004 2747 2457 2830
4 2364 2742 2523 3001
4 1340 1093 1474 2984
4 1737 3012 1739 3053
4 2656 3186 2673 3234
4 37 2208 438 2579
4 933 2470 1443 3139
4 1670 2443 1624 2989
4 2584 2849 1716 3135
4 1606 2465 2188 2857
4 2206 33 438 2579
4 424 18 19 2902
4 2293 2502 2385 2765
4 2656 2459 2795 3234
4 1457 3042 2570 3115
4 1108 1110 1284 3091
4 2022 2469 3015 3185
4 1027 1028 2464 2961
4 1055 1167 1171 2484
4 2504 2591 2566 3121
4 2184 1673 2458 2802
4 2149 2459 1661 2795
4 976 2432 2796 3147
4 1610 2184 2458 2857
4 2495 2785 1726 3035
4 1571 2057 2518 2952
4 1940 1941 1886 2541
4 2641 2546 3017 3174
4 2084 1811 2085 2572
4 2537 2747 2187 2830
4 72 2643 2541 2836
4 2430 3078 1873 3093
4 1389 1056 2437 2833
4 1681 1667 2513 3051
4 1367 1119 1121 3050
4 898 900 2697 3186
4 918 909 2707 3043
4 2341 2860 2516 2945
4 1602 2819 2429 2929
4 1734 2225 2710 3085
4 1261 917 2475 2969
4 2499 2893 2365 2934
4 733 3014 2570 3134
4 1 2606 48 2663
4 1197 1175 2992 3042
4 2437 2667 1173 2791
4 1935 2534 2068 3027
4 1355 2792 532 3107
4 1460 1197 1175 2992
4 1869 2467 1990 3111
4 1470 2739 1198 3110
4 1716 2584 1762 2849
4 663 669 2510 3217
4 2516 2860 813 2945
4 1689 2124 2716 2760
4 1841 2420 2042 2770
4 2377 2505 2378 2972
4 90 557 1418 2991
4 2517 2636 658 3149
4 1502 2543 1315 2956
4 2192 2202 2688 3093
4 680 2839 611 3055
4 886 2935 2443 3107
4 2513 2767 1667 2861
4 1406 2481 2804 3091
4 1577 2117 708 3014
4 1752 1786 2511 2768
4 1587 2509 1563 2982
4 1115 1114 1116 2483
4 1707 2601 1792 3151
4 680 2501 2839 3055
4 62 2631 2489 2741
4 1118 2469 1282 2821
4 2624 2923 2529 3082
4 1554 2831 625 3055
4 34 35 1848 2582
4 1298 924 1421 2990
4 725 2714 701 2936
4 1656 1987 2899 3173
4 1088 2482 1428 2850
4 1618 2453 2698 2869
4 1619 1617 2600 3049
4 681 2548 600 3159
4 33 32 2206 438
4 1868 1870 2471 2967
4 34 1849 35 2615
4 1657 2691 2421 2767
4 865 866 864 3098
4 2512 2636 2517 2991
4 1618 2453 2600 2698
4 2131 2633 2415 2946
4 2192 2033 2202 3093
4 1658 2099 2641 3225
4 1610 2793 2458 2870
4 1896 1894 1780 2422
4 1163 1042 1161 2422
4 12 13 2630 2751
4 2616 2690 2492 2961
4 2062 2502 2061 2776
4 72 514 146 2780
4 2128 2713 2552 2854
4 152 2430 2804 3078
4 1124 1123 2472 2773
4 1029 2464 2709 3006
4 152 82 529 2800
4 2738 3084 1932 3092
4 2321 1570 2320 2684
4 2075 2055 2238 2637
4 1043 2495 994 2942
4 2056 1571 2518 2726
4 585 655 657 2509
4 33 32 2615 2687
4 2321 2388 2373 2521
4 1542 2531 1926 2689
4 2209 2629 1872 2770
4 127 1135 475 2741
4 1652 2428 2899 2912
4 1940 2541 3020 3243
4 2464 2616 2138 2842
4 861 2621 2424 3025
4 2505 2817 2288 2972
4 1658 2641 2704 3225
4 1434 3114 1308 3222
4 1928 1897 2684 3047
4 2239 1752 1786 2511
4 1205 1534 2735 2927
4 1312 2817 2505 2972
4 2427 973 2911 3220
4 2374 2502 2293 2812
4 1269 951 497 2992
4 1243 2700 2409 2845
4 619 681 592 2548
4 2411 1270 2796 3147
4 1070 2456 1416 3166
4 2412 1409 2739 2744
4 2111 2488 1787 2826
4 1681 2513 1667 2861
4 2365 2499 2366 2893
4 2512 2588 1157 2949
4 1416 2709 2456 3006
4 1910 2520 2750 2947
4 1071 2824 2423 3068
4 1554 2081 2831 3055
4 2014 2167 2150 2589
4 2022 2199 1876 3015
4 1347 2444 2626 2907
4 1758 2616 2492 2842
4 2485 2734 1944 3020
4 1229 2683 2404 2840
4 1043 994 990 2942
4 1811 2085 2572 2960
4 1235 2592 92 3162
4 1675 1676 1664 3038
4 1261 2475 917 3164
4 2015 2472 2820 3199
4 1330 2502 1328 2638
4 1510 1535 2735 2763
4 1865 2699 2823 2968
4 2547 2728 2602 2924
4 1057 983 1384 2477
4 78 2713 2594 3058
4 164 88 2614 2947
4 1700 1714 2002 2556
4 1126 1465 2478 2844
4 1854 1855 1856 2483
4 2455 2642 2533 3042
4 36 37 2208 438
4 1122 2472 1123 2818
4 2486 2886 2680 2896
4 1095 1340 2566 2984
4 1805 2913 2589 2915
4 1855 1856 2483 3185
4 139 70 2533 2736
4 2291 2515 2371 2812
4 2511 2450 2931 2985
4 2055 2054 2637 2751
4 784 795 2682 2755
4 1870 2008 1868 2471
4 780 2536 793 2756
4 2514 2566 2420 2980
4 781 752 2259 3243
4 2111 2245 1787 2488
4 1189 1168 1334 2690
4 976 2796 2703 3024
4 2430 2821 1110 3091
4 1935 2068 2534 3100
4 1505 2524 1166 2987
4 2417 1689 2716 2760
4 2488 2826 2703 3233
4 2132 2758 2608 3244
4 1232 1231 94 2683
4 2230 2480 1740 2639
4 1133 1308 2814 3222
4 1792 2146 2102 3010
4 2429 1603 2691 2781
4 150 517 2752 2882
4 1606 2857 2569 3195
4 1428 2482 1090 2827
4 158 532 159 3107
4 911 2771 912 3043
4 1948 2623 2507 2706
4 1467 2657 1240 2810
4 7 2628 2611 2694
4 1600 2424 2716 3163
4 2274 2406 1913 2894
4 649 1218 2552 3016
4 1157 2588 2512 2636
4 1694 2460 2579 2702
4 1279 1142 2568 3006
4 1189 2524 1168 2690
4 1752 2619 1751 2768
4 1468 2561 586 3127
4 2021 2798 2466 2820
4 2408 2741 1440 3114
4 1820 20 2668 3171
4 1110 2821 2430 2996
4 2613 2988 1937 3052
4 2420 2566 2514 3121
4 7 2611 54 2694
4 762 823 2643 2927
4 154 2629 84 3130
4 1120 1289 1462 2487
4 2611 2743 2426 2966
4 1818 2750 2427 2947
4 663 2510 597 2808
4 82 2501 162 3059
4 2496 2828 1405 2962
4 1215 2744 1216 2811
4 2343 2765 2385 2952
4 1365 2501 1196 3013
4 2385 2328 2502 3036
4 1920 2529 2923 3082
4 123 2473 122 2959
4 2205 2615 32 2687
4 2529 2620 1918 2799
4 1860 1858 1859 3100
4 2012 2494 1903 3010
4 1240 2810 2657 3218
4 2296 2365 2893 2934
4 1916 2517 1931 2799
4 584 2577 664 3027
4 1042 987 2834 2942
4 2049 2514 1842 2738
4 1374 2754 2465 2811
4 2390 2380 2473 3197
4 2436 2718 964 3177
4 1801 1761 1762 3095
4 574 2799 1931 3116
4 1841 2420 2770 2971
4 2319 2397 2361 2612
4 33 2206 32 2687
4 585 2509 657 2982
4 2581 2871 2559 2990
4 2343 2384 2765 2952
4 2122 2767 2421 2861
4 2049 2514 2738 3092
4 1285 2707 2447 3112
4 2409 2700 1241 2752
4 2381 2515 2291 2851
4 2867 2971 1839 3121
4 1681 2513 1680 3051
4 1910 2750 2520 3105
4 1025 1023 3066 3165
4 1677 2914 2557 3038
4 2491 2848 2710 2948
4 1677 1675 2914 3038
4 786 2406 2734 2894
4 1369 2859 2435 3213
4 1563 2509 1586 2895
4 2203 2712 2463 2928
4 1771 426 20 2593
4 1126 2844 2478 3003
4 2520 2724 2171 3105
4 680 2501 676 3013
4 2155 2316 1580 3108
4 1657 1600 2691 2767
4 1946 2277 2624 2953
4 2288 2377 2378 2972
4 1896 2422 1780 3246
4 1656 1987 1651 2899
4 2974 3035 2017 3056
4 1049 2985 1498 3069
4 1854 1855 2483 2769
4 1841 1839 2420 2971
4 1903 2494 2012 2937
4 1893 2635 22 2642
4 1077 2474 1350 2825
4 2227 2485 1885 2946
4 2607 2633 146 2780
4 2409 2666 1966 3000
4 2624 2683 94 2840
4 1757 1812 2023 3083
4 2406 2735 2485 2778
4 2699 2810 2640 2940
4 64 2411 2828 3244
4 794 2356 760 2813
4 1007 1307 2626 3072
4 620 662 685 2588
4 670 625 2831 3055
4 2599 2975 2519 3065
4 1351 2605 895 2809
4 2522 2705 2438 2786
4 1842 2514 2049 2971
4 1958 2772 2479 2854
4 708 733 727 3014
4 1124 2472 1122 3204
4 1667 2767 2513 3051
4 2452 1076 2761 2990
4 1883 2227 1885 2946
4 7 54 2611 2628
4 2796 2828 2411 2999
4 2416 2886 1065 3075
4 2056 1571 2057 2518
4 2443 2792 888 3107
4 764 2700 2409 3000
4 2076 2505 2075 2822
4 1873 2430 1851 3078
4 1257 2506 1258 2632
4 1851 1873 1853 3063
4 2228 2226 2553 3101
4 1457 70 2570 3042
4 2429 2648 865 2754
4 2004 2457 2747 3004
4 1373 2743 2423 2834
4 2077 2075 2637 2822
4 2688 2719 2192 3015
4 1409 2977 2744 3154
4 14 1748 419 2630
4 2486 2933 2604 2973
4 152 2804 2615 3078
4 2475 2782 1261 3192
4 2445 2626 1446 3072
4 610 832 584 3022
4 585 1563 2895 2982
4 2193 2571 1874 3045
4 1336 804 1467 2548
4 1494 122 474 2909
4 1145 2478 1465 2920
4 1546 2075 2076 2505
4 1780 2748 2422 2835
4 2507 2683 736 3062
4 782 2485 772 3020
4 982 2427 972 2879
4 1198 2739 2539 3110
4 1458 1114 1170 2996
4 1172 2887 2838 3079
4 1718 2748 1719 2966
4 1241 2409 1243 2700
4 2584 2849 2414 2904
4 496 1197 2992 3042
4 2594 2713 2479 3058
4 110 1 2544 2627
4 1925 1573 2510 2808
4 1474 2906 2504 2984
4 1354 1377 1208 3024
4 158 2579 33 2687
4 646 706 739 2837
4 1686 2611 1702 2628
4 2062 2502 2776 3101
4 1732 1733 1734 2710
4 2420 2971 2867 3121
4 1786 2768 2543 2822
4 2587 3068 2824 3140
4 92 2592 1235 2856
4 1608 2569 2857 3225
4 1294 1484 2550 3169
4 1317 1316 1318 2555
4 1662 2013 2014 3071
4 2159 2082 2160 2549
4 2160 2159 2549 2884
4 2516 2853 1274 2860
4 1317 2555 1318 2959
4 1092 2493 1113 2827
4 2467 2699 2640 2940
4 593 660 2529 2799
4 727 2526 3014 3134
4 2218 2020 2974 3035
4 846 1509 1385 2682
4 2012 2880 2494 3010
4 1301 2697 900 2803
4 488 64 128 3030
4 2011 2745 2411 2999
4 1466 621 2561 2657
4 1301 2462 2697 2803
4 781 2259 3020 3243
4 1230 1229 2404 2837
4 1258 2632 2506 2889
4 1786 2511 2768 2822
4 82 162 537 3059
4 2183 2479 1958 2772
4 2228 2553 2226 3085
4 808 2502 1329 2812
4 2373 2521 2817 2964
4 2416 1715 2680 2849
4 2438 1729 2785 2786
4 1607 2569 1608 3225
4 2420 2514 2971 3121
4 1440 1353 1442 2741
4 2446 2789 2654 3236
4 2535 2454 2816 3139
4 1944 2485 2227 2734
4 529 1108 1112 2804
4 1447 2470 2697 2841
4 1308 476 62 2741
4 2464 2842 2138 3089
4 1005 2733 2444 3088
4 1129 2640 2467 3039
4 943 2692 2417 2759
4 1916 1917 2517 2678
4 1929 1930 2519 3065
4 1877 2746 2482 2928
4 164 2911 88 2947
4 1666 2417 2716 2767
4 2540 2700 74 3087
4 1480 2528 2853 2950
4 2239 2511 1786 2822
4 2454 2535 2938 3139
4 2468 1991 2823 2968
4 2474 2790 2572 2960
4 943 2759 2417 3167
4 1967 2409 1966 3000
4 1094 2493 1092 2984
4 2408 2722 1655 3158
4 1750 2511 2239 2630
4 1861 2472 2988 3057
4 1781 1726 2495 2925
4 2226 2776 2553 3101
4 1200 2780 2415 3117
4 2524 2684 1897 3047
4 74 2540 2666 2700
4 2239 2630 2511 2637
4 2490 2660 673 3084
4 1006 2733 2480 2843
4 2683 2856 1232 3062
4 2476 1086 2850 2866
4 86 536 163 2829
4 903 2581 905 2789
4 1290 2855 2534 3022
4 2341 2516 2379 2945
4 2247 1897 2524 2684
4 1243 2409 1241 2845
4 1496 1318 60 2959
4 1146 1174 1472 2486
4 1289 2487 1120 2855
4 1006 2480 1008 2843
4 934 1406 1401 2696
4 1676 2425 2779 2981
4 2629 2770 84 3130
4 1958 2713 2479 3106
4 2474 2907 1077 3077
4 1780 2422 1894 2835
4 2356 2312 760 2813
4 1096 1094 1095 2566
4 1931 2799 2517 3116
4 2434 2641 2099 3225
4 862 2645 2424 2794
4 2336 1552 2625 3230
4 2459 2673 2656 3186
4 1115 2483 1116 2855
4 1484 1275 1292 2550
4 2128 2854 2552 2982
4 1108 1284 2804 3091
4 1409 2744 2412 3154
4 1248 2735 2406 2778
4 1537 2824 2407 3094
4 1221 2410 843 2936
4 2496 2599 2241 2878
4 38 439 1846 2582
4 1691 2457 2652 2731
4 6 413 7 2628
4 786 2763 2406 2894
4 1007 1307 1347 2626
4 2021 2196 1874 3045
4 1806 2130 2108 2423
4 2011 2999 2411 3244
4 1573 597 1997 2671
4 1979 2406 2734 2898
4 2517 2636 1184 2991
4 942 2649 2425 2969
4 2382 2516 2341 2860
4 1866 2478 2699 3052
4 649 2552 1218 2797
4 2490 2582 163 2738
4 1737 2084 1739 3012
4 1731 2441 2710 2786
4 1458 1170 2577 2996
4 1487 2848 2542 3224
4 2277 1575 1948 2507
4 1120 2595 1117 2855
4 1834 1833 1835 2563
4 1430 961 1432 2766
4 1981 2538 2694 2753
4 2592 3019 2498 3162
4 1510 2735 755 2763
4 2459 2151 2673 3048
4 2543 2768 1786 2979
4 2273 2734 791 3020
4 2051 2053 2052 2751
4 1398 2696 2453 3064
4 86 2490 163 2738
4 2516 2974 2017 3056
4 40 442 41 2614
4 1837 1835 1879 2493
4 777 2540 787 2700
4 164 2427 2879 2911
4 1406 2804 2481 2935
4 782 791 2734 3020
4 1205 2735 2485 2927
4 2475 2762 2899 2912
4 2436 2686 1613 2788
4 1852 2081 2653 3063
4 880 2777 2453 2932
4 2427 2678 2614 2879
4 2487 3057 1860 3100
4 114 3 2753 2883
4 2070 2839 2501 3055
4 1677 1675 1665 2914
4 1108 2804 2430 3091
4 2416 2729 1147 2886
4 1625 2503 1695 3011
4 2317 2632 2544 3108
4 1354 1208 2488 3024
4 1895 1985 2179 2919
4 1124 2844 2472 3204
4 1213 1416 2709 3166
4 2454 2938 2575 3139
4 1321 1322 2909 2959
4 2060 2952 2502 3101
4 0 414 1881 2627
4 1464 52 2889 3140
4 2524 2690 2616 3021
4 2450 2681 2040 3176
4 741 2683 726 2837
4 2693 2815 2556 3102
4 2407 2885 2372 2919
4 2131 2415 2633 3161
4 1681 1680 1667 3051
4 1171 2709 2484 2838
4 1117 2595 1115 2855
4 1666 2417 2767 3051
4 1114 2483 1115 2821
4 2366 2499 2365 3144
4 726 2404 746 2837
4 2516 3035 2974 3056
4 1875 2830 2476 3146
4 12 2630 2235 2751
4 1813 2749 2433 2775
4 938 1422 3026 3240
4 2426 1717 2775 2861
4 1215 1216 988 2811
4 1625 1626 2717 2721
4 1671 2654 2463 2731
4 2710 2848 2441 2948
4 1028 2709 2464 2961
4 444 2584 41 2904
4 2668 2901 2410 2934
4 1894 2422 1896 3029
4 1071 2423 1373 3068
4 579 686 2669 3157
4 1287 938 1422 3026
4 2459 2910 2673 3186
4 1734 1735 2491 2948
4 2707 3043 2494 3112
4 550 1235 1233 2856
4 2453 2696 2590 3015
4 1976 2261 2455 3128
4 1820 1908 20 3171
4 2446 2654 2731 3236
4 2680 2729 2486 2832
4 1883 1979 2603 2898
4 1330 1329 1328 2502
4 2061 2062 2060 2502
4 2461 2656 924 2761
4 782 2734 2485 3020
4 2590 2696 2469 3015
4 1071 2423 2824 2834
4 427 2736 19 2902
4 2027 2674 2550 3155
4 2614 2647 1767 2947
4 1272 1147 1065 3075
4 2463 2654 1671 2732
4 2744 2977 2412 3154
4 2585 3030 2411 3147
4 1005 2444 2907 3088
4 1605 2569 2107 2781
4 2211 2470 2806 3181
4 2207 2746 2462 3223
4 854 522 855 519
4 1939 2970 1884 3161
4 2000 1548 2808 3175
4 2000 2808 2504 3175
4 1762 2414 1761 2849
4 2507 2856 2683 3062
4 808 1328 2502 2765
4 2021 2466 2798 3045
4 1317 1316 2555 2972
4 2056 2658 2518 2864
4 1758 2492 2616 3047
4 1311 1463 1143 2497
4 2798 2847 1857 3185
4 1981 2538 1701 3051
4 2039 2040 2149 2681
4 2468 2661 1244 2773
4 956 2649 2432 3147
4 655 2509 585 2895
4 1975 2455 2261 2642
4 2261 1975 1976 2455
4 1855 2483 2769 3185
4 2554 2834 987 2942
4 2419 2679 1383 3097
4 2486 2604 1472 2896
4 676 2501 680 3055
4 139 496 2992 3042
4 2577 2996 1170 3080
4 2538 2760 1701 3051
4 2566 2997 2591 3033
4 786 2734 2406 2735
4 1501 2496 2612 2828
4 2500 2996 2577 3080
4 1726 2785 2495 2925
4 2149 2459 2681 3048
4 801 2755 2405 2813
4 2127 2171 1910 2947
4 2533 2992 2729 3042
4 2399 2358 2755 3241
4 620 662 2588 2636
4 62 2619 15 2630
4 1977 2680 2486 2832
4 906 2789 2446 2877
4 2855 2872 2534 3022
4 1929 2519 2975 3065
4 1981 2694 2097 2753
4 2226 2553 2776 3085
4 1859 2820 2487 2847
4 871 2650 869 2757
4 1759 2138 2842 3089
4 1638 2651 2449 2806
4 576 811 613 2660
4 2594 2740 2539 3106
4 654 2613 2548 3125
4 589 631 658 2636
4 1509 2405 1479 3126
4 2544 2632 1439 3141
4 1813 2433 2749 2784
4 1264 2669 1265 3157
4 1051 2862 2679 2886
4 2548 2810 1467 2920
4 1171 2484 1167 3079
4 2274 2734 2406 2894
4 1809 2781 2431 3148
4 1806 2423 2108 2966
4 2472 1124 2773 3003
4 2042 2420 1839 2867
4 2368 2346 2919 3136
4 2149 2144 2567 2795
4 970 1373 2743 3068
4 1874 2193 2015 2571
4 174 90 2620 2875
4 1058 559 1031 562
4 794 760 801 2813
4 746 2404 726 3210
4 1610 2458 2793 2857
4 2410 2668 2237 2998
4 1316 1313 2505 2972
4 68 2714 2668 2901
4 1659 2899 2914 2981
4 1373 2423 1071 2834
4 1332 2515 1293 2851
4 1917 2517 2678 3116
4 1321 2909 2473 2959
4 2480 2733 2444 2843
4 1640 2651 2448 2807
4 2348 2064 2309 3036
4 1904 1905 2852 3106
4 1617 2698 2442 2788
4 2101 1937 2613 2988
4 1971 24 2607 2633
4 1869 2967 2467 3111
4 1674 2185 2610 2819
4 2449 3186 2656 3234
4 1740 2639 2480 3053
4 2370 2860 2528 2974
4 74 2700 2666 2752
4 2167 2145 1805 2589
4 2556 2736 2533 3102
4 2071 2501 2070 2839
4 1346 475 1135 2916
4 2049 2738 1932 3092
4 1276 1274 1275 2516
4 2444 2480 2843 3053
4 1613 2686 2436 2783
4 1728 2522 1782 2785
4 2272 2526 2186 2635
4 976 2796 975 3147
4 2604 731 3124 3184
4 2237 2874 2410 2998
4 1296 2515 1332 2812
4 1954 27 2665 3150
4 2506 2632 2393 3136
4 2437 1821 2750 2908
4 1582 2237 2874 2934
4 1415 2500 1109 2800
4 1369 991 2649 2859
4 2310 2364 2394 2742
4 2521 2690 2684 3123
4 1761 2414 1762 3095
4 2417 3018 943 3167
4 1985 2873 2179 2919
4 1057 983 2477 2833
4 1328 1329 808 2502
4 1879 2677 2493 2746
4 2368 2919 2506 3136
4 1809 2140 2135 3148
4 1222 701 2714 2936
4 2099 2641 2434 2783
4 1107 83 1106 1105
4 2385 2502 2374 3036
4 1895 2587 2835 2919
4 2639 2843 2480 3053
4 777 787 749 2700
4 1762 2414 2849 2904
4 1940 2259 1560 3243
4 1401 2696 1406 3091
4 1316 1312 1313 2972
4 2586 2712 2482 2850
4 907 2707 2446 2789
4 1736 1734 1735 2491
4 2138 2616 2464 3227
4 1522 1274 1276 2853
4 1054 1362 2690 2961
4 1272 2693 2416 3075
4 2138 2464 2913 3227
4 1907 2852 2772 2888
4 2490 2738 2660 3084
4 2544 3108 1580 3241
4 886 888 963 3107
4 1316 2505 1313 2956
4 2230 2480 2639 2864
4 1922 2404 2624 2923
4 2548 2657 1467 2810
4 2063 2309 2064 3036
4 2478 2988 2613 3052
4 2012 2494 2880 2937
4 1348 2723 2907 3172
4 907 2446 2707 2787
4 1113 2493 2730 2841
4 2131 1939 1884 3161
4 2454 2926 1632 2938
4 2111 2245 2488 3132
4 1975 1976 2455 2832
4 2610 2819 2185 3111
4 764 2409 796 2918
4 2480 2864 2230 3101
4 877 875 1363 2764
4 1356 2829 2490 3013
4 2459 2656 2910 3186
4 2183 1958 2479 3106
4 1537 1471 3094 3140
4 583 680 676 3013
4 2568 2880 2589 2915
4 2464 1029 2774 3006
4 2221 1726 2785 3035
4 1467 2548 804 2657
4 884 2565 886 2935
4 2102 2435 2779 3151
4 879 877 916 2764
4 2235 2630 2054 2751
4 1691 2652 2457 3004
4 1434 1308 1133 3222
4 902 2727 2448 2803
4 1811 2790 2474 2960
4 2448 904 2803 3041
4 1673 2458 2802 2870
4 1831 2482 1833 3005
4 2446 2652 1646 2937
4 713 2507 712 2953
4 2509 2895 1563 2982
4 1718 1720 1719 2748
4 736 2507 713 2953
4 1712 2815 2416 3102
4 86 163 2490 2829
4 984 2944 2426 3228
4 1873 2430 2688 2769
4 1917 2178 2224 2678
4 1187 2612 1497 3086
4 2492 2690 2616 3047
4 670 2831 2634 3055
4 876 2440 2903 2932
4 2478 2920 2613 2988
4 835 1319 2294 2957
4 1452 2841 2697 3219
4 1114 2483 2821 2996
4 1120 1119 2595 2818
4 2060 2502 1544 3036
4 2563 2808 2510 2906
4 1392 2969 1261 3192
4 1628 2717 2659 3054
4 1546 2505 2076 2964
4 1443 2672 2470 2730
4 1929 2975 2599 3065
4 2505 2956 1316 3069
4 675 674 2997 3092
4 835 2294 2347 2957
4 1405 2496 1501 2828
4 1502 1050 1315 2543
4 35 34 439 2582
4 1806 2423 2748 2835
4 2544 2663 2405 3241
4 2559 2589 2447 3071
4 2137 2599 2999 3244
4 1673 2802 2571 2870
4 45 2706 44 2904
4 1542 2067 2531 2742
4 1918 2620 2529 3082
4 1638 2806 2449 3234
4 2194 2043 2535 2702
4 2435 3010 2779 3173
4 2596 2775 1717 2861
4 2461 2807 2036 3198
4 2070 2501 2071 3055
4 584 664 678 3027
4 1296 1293 1332 2515
4 778 764 2700 2845
4 2678 2879 2427 2965
4 1115 2595 1118 2821
4 1095 1093 1340 2984
4 2462 2732 2207 3223
4 1205 1489 2485 2735
4 2461 2036 2807 3034
4 1309 2814 2450 3222
4 1750 1752 2239 2511
4 1627 1695 1625 3054
4 2407 2824 1537 3140
4 1462 1120 2487 3204
4 1544 2502 2060 2952
4 1870 2008 2471 2852
4 1640 2807 2448 3229
4 1753 2768 2450 3176
4 1274 813 2516 2860
4 1750 2619 2511 2630
4 1728 1730 1782 2522
4 2237 1933 1909 2668
4 2431 2685 1411 3242
4 2378 2304 2817 2964
4 2100 2440 3045 3168
4 2674 3060 2550 3155
4 35 82 152 2615
4 685 2588 662 2993
4 1252 2728 2419 2921
4 94 1231 1155 2840
4 2824 3068 1162 3140
4 1689 1679 2760 3051
4 2405 2755 1479 3126
4 592 2548 681 2657
4 1337 1467 2810 2920
4 2533 2642 70 3042
4 2441 2786 1731 3174
4 2245 1787 2488 3032
4 2420 2980 1096 3130
4 2439 2787 910 3043
4 1612 2686 1611 2793
4 1903 2494 2937 3189
4 122 1494 472 1322
4 2373 2817 2304 2964
4 2195 2457 2731 2830
4 893 2809 2454 2816
4 2060 2502 2062 3101
4 764 796 2409 2845
4 1447 2730 2470 2841
4 2043 2535 2702 2770
4 2462 2746 2207 2928
4 2437 1389 2833 3220
4 139 23 70 2736
4 1763 2584 1716 3135
4 2100 2870 2440 3168
4 1415 2500 2800 3059
4 2201 1844 2582 2738
4 2437 2747 2181 2908
4 1735 1736 2491 2790
4 2398 2410 2357 2874
4 1537 3094 2407 3140
4 2006 1907 2772 2888
4 2282 2368 2346 2919
4 1428 2676 2482 2827
4 2416 2729 2832 3102
4 1880 2170 1977 2680
4 1781 2495 1726 3035
4 1606 2465 2857 3195
4 832 610 1459 3022
4 1469 2797 2479 3127
4 1856 2847 2483 3185
4 994 2495 2695 3122
4 2342 2290 2370 2974
4 2357 2410 2398 2936
4 2427 2833 973 3220
4 1879 1837 2493 2867
4 585 2895 2509 2982
4 1806 2748 2423 2966
4 1200 2415 2943 3117
4 1298 1413 960 2581
4 1764 2584 444 2904
4 84 2629 37 2702
4 80 158 2687 3107
4 1346 1135 1442 2916
4 1166 3021 1505 3079
4 1298 1413 2581 2990
4 1673 2191 2571 2802
4 2431 1411 3208 3242
4 2447 2675 2880 2937
4 2418 2815 1711 3201
4 1055 2709 1028 3021
4 115 114 2753 3145
4 835 2957 2347 2972
4 888 2792 2443 2863
4 1189 1505 1166 2987
4 2170 2486 1977 2680
4 1707 1792 2102 3151
4 1136 2916 2445 3072
4 1650 2912 2439 3004
4 738 2311 707 2936
4 1480 1523 2528 2950
4 1167 2484 1055 3021
4 2055 2751 2555 2881
4 584 1435 615 2577
4 2375 2742 2531 3067
4 490 2570 70 3044
4 2415 1151 2943 3160
4 2027 2550 2029 3155
4 1920 2529 1938 2923
4 1528 1176 3042 3115
4 1409 2412 2739 3154
4 2439 1648 3004 3189
4 2112 2914 2418 3201
4 2710 2848 2491 3085
4 1818 2427 2750 2965
4 2571 2820 2472 3199
4 1925 3005 2510 3074
4 912 2439 2771 3099
4 741 1230 2683 2837
4 706 646 602 2837
4 1940 2541 2946 3020
4 2542 2710 2225 3085
4 2440 2870 2100 3045
4 2613 2920 2478 3052
4 2420 2867 2566 3121
4 931 2520 946 3156
4 2547 2914 2899 2981
4 1204 521 1206 1038
4 2429 864 3025 3098
4 2205 32 2206 2687
4 1863 2823 2472 3199
4 1771 2121 426 2593
4 746 2801 2404 3210
4 1694 2460 2702 2926
4 2838 2887 2523 3079
4 1066 2679 1383 2924
4 1055 2484 2709 3021
4 726 2683 2404 2837
4 1944 1885 2227 2485
4 2237 2125 2874 2998
4 1619 2148 1617 3049
4 1189 1166 2524 2987
4 1199 2418 2693 2924
4 1236 2896 2604 3019
4 1725 2784 1726 2925
4 1259 2889 2506 3140
4 2240 1786 2543 2822
4 1006 1008 1007 2843
4 1763 1902 2647 3135
4 816 1191 2578 3239
4 1354 2488 1208 2838
4 1902 2419 2647 3135
4 1311 2497 1143 3204
4 1337 2548 1467 2920
4 848 2509 2752 2882
4 994 2495 1043 2954
4 2407 2950 2824 3230
4 2684 3047 2690 3207
4 2211 3131 2470 3181
4 2130 2587 2179 2873
4 88 2647 2614 2947
4 2057 2056 2518 2864
4 1670 2687 2443 2989
4 1309 2450 2766 3222
4 60 2637 2630 2751
4 150 2509 2752 3150
4 2238 2055 2054 2637
4 1686 1703 6 2628
4 772 2485 2927 3020
4 1487 2542 2978 3224
4 1123 2818 2472 3050
4 2467 2527 2744 2811
4 427 18 1699 2902
4 608 1547 578 2583
4 2535 84 2702 2770
4 19 66 2608 2902
4 1509 2682 2405 2976
4 2471 2810 2699 2940
4 2099 2783 2434 3225
4 1469 2479 3110 3127
4 1242 1159 74 1481
4 134 2876 2519 3086
4 1325 2518 2638 2765
4 1763 2647 2584 3135
4 1851 2430 3063 3078
4 971 1364 113 954
4 1202 1153 72 2701
4 2371 2812 2515 3036
4 1160 2887 2531 3024
4 1415 2634 2500 3059
4 2452 2023 2842 3089
4 2476 2930 1829 3146
4 584 832 1435 2577
4 866 2429 2754 3098
4 2488 1208 2838 3166
4 162 2501 2582 2829
4 1675 1664 1665 2914
4 884 2565 2935 3064
4 1275 2516 813 2945
4 1120 2818 2487 3204
4 2415 2701 1151 3160
4 606 2854 1957 2982
4 1787 2670 2488 3032
4 2203 2463 2732 2928
4 2656 2727 899 3186
4 599 2808 1548 3175
4 1794 2427 1818 2965
4 2148 2960 2442 3049
4 1896 3029 2422 3246
4 66 2758 2608 2902
4 2218 2644 2528 3029
4 2475 2969 917 3164
4 1587 1586 2509 3150
4 1761 2680 2414 3095
4 2286 2336 1552 2625
4 2476 2866 2586 2930
4 170 2584 41 2647
4 1051 1053 2862 2886
4 150 2752 74 3150
4 2413 2737 2560 2898
4 58 116 2639 2843
4 1384 2477 983 2949
4 2492 2690 1362 2961
4 493 2876 1512 2901
4 1462 2487 1289 2872
4 2462 2207 2732 2928
4 1854 2483 1856 3202
4 1105 2829 1196 3059
4 2411 2828 1438 3030
4 658 2517 659 3116
4 1908 2593 20 3171
4 2771 2782 2475 3043
4 2270 2624 1922 3210
4 720 1238 700 2604
4 688 2404 647 3143
4 1324 1326 1325 2518
4 536 2829 86 3009
4 739 706 746 2837
4 670 595 625 3055
4 2430 1873 2688 3093
4 88 170 41 2647
4 1473 1085 2508 2983
4 787 2540 777 3000
4 90 164 2614 2879
4 2415 2633 2607 2780
4 1941 2633 2541 2836
4 2404 2837 1229 3143
4 848 2509 2882 3031
4 1924 1996 1828 2508
4 2555 2637 2505 3069
4 1737 3023 2790 3053
4 1951 2606 2251 2756
4 174 90 43 2620
4 2470 2677 2211 2806
4 1820 2668 1908 3171
4 1494 1322 122 2909
4 2422 2824 2423 2834
4 2421 2122 2861 3148
4 478 120 482 1495
4 1090 2827 2482 3007
4 709 1222 701 2714
4 2218 2528 2020 3029
4 2420 2730 2566 2867
4 2385 2374 2328 3036
4 1718 2426 2775 2966
4 2198 2869 2798 3015
4 2255 2974 2020 3035
4 1161 1163 2422 2950
4 1174 1526 2486 2805
4 159 2792 2579 3107
4 2520 2791 946 3156
4 1451 2868 2723 3212
4 2113 1657 2691 3148
4 2526 2635 2272 3014
4 886 2565 2863 2935
4 1350 2994 2474 3077
4 1405 1186 1501 2496
4 915 1251 2728 3164
4 1438 1036 488 2828
4 496 1197 495 2992
4 2413 2778 2737 2898
4 1895 2179 2130 2587
4 2543 2690 1050 3119
4 1764 1765 40 2584
4 1930 2593 2519 3065
4 37 437 36 2629
4 1275 1274 813 2516
4 1716 1763 1762 2584
4 2550 3060 2515 3155
4 2422 2423 2824 2835
4 916 2442 2764 3077
4 2100 3045 1697 3168
4 2541 2633 72 2836
4 961 2910 2459 3211
4 1829 2476 2712 2930
4 1928 1570 2079 2521
4 2486 2604 2933 3184
4 1786 2095 2240 2543
4 725 2410 2714 2936
4 2342 1566 2290 2974
4 1676 2779 2425 3038
4 2483 2577 2534 3202
4 1053 2414 2862 2886
4 2076 2075 2077 2822
4 645 779 759 2918
4 13 60 2630 2751
4 1259 1258 1257 2506
4 2474 2825 1077 2907
4 2345 2283 2578 3239
4 1473 1085 1190 2508
4 2437 2791 1389 3220
4 2824 2835 2407 3230
4 2237 2125 2220 2874
4 2166 2711 3049 3203
4 1885 2485 1944 3020
4 980 1051 1053 2862
4 1631 2454 2659 2926
4 2624 2840 2529 2923
4 1965 2666 2895 3150
4 2137 2241 1927 2496
4 1196 2829 2501 3059
4 130 70 2570 3044
4 1654 2165 2164 2960
4 1348 2907 1448 3172
4 872 871 2598 2650
4 493 2876 2901 3171
4 2478 1864 2823 2988
4 1954 2665 2666 3150
4 126 2549 127 2916
4 2386 2881 2555 2957
4 610 584 678 3022
4 2457 2664 1287 2877
4 1604 2429 2819 3195
4 1834 2563 1925 3005
4 1861 2820 2472 3057
4 88 2584 170 2647
4 2583 3037 2497 3057
4 1086 2866 2476 3196
4 1047 117 482 1012
4 1537 2950 2824 3094
4 2616 2690 2524 3047
4 2242 2523 2256 3001
4 25 2607 24 2633
4 1253 1383 1252 2924
4 1971 2607 2131 2633
4 2495 2644 1781 2925
4 1200 1396 1151 2780
4 1384 1057 2477 2892
4 1262 3043 918 3112
4 1123 2472 2773 3050
4 2386 2957 2555 2972
4 1663 2724 2428 3105
4 2679 2924 1066 3075
4 2503 2717 2443 2721
4 1173 2667 2437 2986
4 925 915 2728 3156
4 1301 2462 2803 3219
4 645 759 601 2918
4 2201 2490 1932 2738
4 627 1476 620 2588
4 30 2617 1589 2713
4 2656 2910 1349 3211
4 1054 2690 1168 3021
4 2036 2963 2795 3198
4 2437 2833 1056 2986
4 2709 2961 1028 3021
4 1902 2171 2647 2724
4 1936 3037 2583 3057
4 2417 2692 943 3018
4 1566 2342 2213 2625
4 9 420 8 2658
4 60 2511 2630 2637
4 2712 2850 2586 2930
4 1966 2409 1965 2666
4 2654 2675 1644 3229
4 2218 2255 2020 3035
4 1582 2874 2298 2934
4 1025 1023 1024 3066
4 2442 2960 2574 3077
4 1359 2662 1445 2720
4 2366 2958 2499 3144
4 848 2882 849 3031
4 1649 1648 1650 3189
4 713 2507 3062 3153
4 2248 2094 2405 2663
4 2379 2516 2382 3209
4 1265 2669 2525 3157
4 2101 2613 2497 2988
4 2436 2788 2098 3017
4 2311 2355 707 2936
4 2435 3192 1369 3213
4 84 2770 2535 3194
4 2469 1282 2821 3091
4 2466 2595 2487 2820
4 860 2794 2424 2939
4 1784 2480 2230 3101
4 576 1341 811 2660
4 1008 1006 1046 2480
4 2519 2593 134 3065
4 2049 2514 1840 2971
4 25 140 72 2665
4 2467 2527 2811 3111
4 2508 2930 2866 3146
4 1463 2497 1311 2922
4 170 171 45 2904
4 599 1999 1548 2808
4 868 869 870 2650
4 946 2520 931 2911
4 30 31 2713 3002
4 913 2771 1261 3164
4 996 998 2705 2954
4 1480 1523 1277 2528
4 2524 2865 1898 3046
4 2588 2636 662 2993
4 2042 2420 2867 3131
4 1502 1050 2543 2690
4 2428 2602 2547 2728
4 2371 2515 2381 3060
4 1941 2836 2541 3243
4 2435 2649 2601 2859
4 1359 1446 1445 2662
4 936 2440 2932 3073
4 2555 2881 2386 2905
4 151 2882 2713 3058
4 2522 2705 998 2954
4 0 412 1 2606
4 1885 2946 2485 3020
4 1334 1502 1314 2521
4 1324 1326 2518 2909
4 1652 2428 2912 3105
4 2004 2187 2747 2830
4 1238 2604 720 3019
4 2036 2795 2461 3198
4 2713 2882 2552 3058
4 893 1351 895 2809
4 2202 2719 2481 2989
4 2754 2811 1374 3098
4 1913 2406 2898 3138
4 2433 2784 1725 2925
4 2440 2725 1366 2903
4 1958 2168 2713 3106
4 2596 2426 2715 3120
4 989 1078 2944 3187
4 824 589 1193 2636
4 1366 2725 2440 3073
4 2452 2774 1076 2990
4 1143 2497 1463 2844
4 66 128 19 2608
4 675 2997 2591 3092
4 1161 2422 2824 2950
4 736 2683 2507 2953
4 1378 2648 2421 3120
4 862 2424 2645 3025
4 1570 2079 2521 2964
4 786 2734 767 2894
4 657 2509 655 3031
4 2511 118 2630 2985
4 1397 1438 488 3030
4 1388 2421 2715 3120
4 1898 2616 2524 3047
4 1076 2774 2452 3066
4 1936 2101 2497 2988
4 2547 2602 2428 2899
4 1070 2859 2456 3166
4 2410 2714 1221 2901
4 2448 2789 904 3041
4 2473 123 2751 2959
4 1600 1666 2716 2767
4 1758 2492 1756 2842
4 2438 2641 2545 3200
4 676 2634 2501 3055
4 909 2787 2707 3043
4 2685 2944 1078 3187
4 1042 1376 987 2942
4 2639 2658 1785 2864
4 2423 2422 2748 2835
4 1109 2800 2500 2996
4 1451 2723 3172 3212
4 2442 2788 2574 2960
4 1243 778 2700 2845
4 1137 2744 2467 2940
4 1721 2775 2433 2925
4 1554 2072 2081 3055
4 870 2650 1372 2661
4 41 2584 170 2904
4 1174 2486 2729 2805
4 1936 2988 2497 3057
4 62 2489 2631 2814
4 1113 2827 2493 2841
4 2368 2885 2506 2919
4 2067 1926 1542 2531
4 2469 2688 2022 3015
4 1634 2938 2806 3234
4 1999 2000 1548 2808
4 1088 2482 2850 3007
4 725 709 701 2714
4 1057 2833 2477 2986
4 1160 2531 2962 3024
4 1672 2719 2453 3015
4 2211 2806 1669 3181
4 2375 2391 2742 3067
4 599 637 1999 2808
4 1473 2508 1190 3081
4 2581 2675 2447 2707
4 2312 2755 760 2813
4 1633 2673 2454 2938
4 2426 2554 2748 3228
4 2531 1926 2689 3235
4 2428 2728 2547 3164
4 2498 2706 2275 2917
4 1662 2675 2447 3071
4 1792 2435 2915 3010
4 2540 2665 2836 3087
4 1924 2508 1828 2930
4 2472 2820 2571 3050
4 114 50 3 2883
4 2490 2839 672 3013
4 2123 2713 2594 3002
4 1737 2790 2444 3053
4 2416 2680 2729 2886
4 583 676 636 2634
4 2230 1784 1740 2480
4 2555 2905 2386 2972
4 2439 910 2787 3240
4 62 2814 2631 3214
4 747 2410 725 2936
4 2273 1944 2734 3020
4 869 2757 2754 3208
4 2524 2690 2684 3047
4 1654 2788 2442 2960
4 1409 1407 2977 3154
4 1349 2910 961 3211
4 1171 2838 2484 3079
4 2095 2543 1786 2979
4 2587 2628 2423 3068
4 138 1269 495 497
4 1702 1703 1686 2628
4 1426 2723 881 2777
4 2370 2528 2860 3090
4 2484 2865 3021 3079
4 2409 2700 764 2845
4 115 2753 2538 3145
4 931 2911 2520 2921
4 1186 2496 1405 2962
4 1496 1317 1318 2959
4 1119 1367 1357 3073
4 2446 2787 908 2877
4 2510 2983 2586 3007
4 1049 2511 1020 2985
4 1958 2479 2713 2854
4 2497 2613 2101 3037
4 2789 2877 906 3236
4 2885 3094 1471 3140
4 1001 2825 2441 2848
4 1758 1789 1756 2492
4 2473 2658 122 2909
4 1221 2714 1223 2901
4 982 2833 2427 2879
4 2296 2365 2366 2893
4 2256 2523 2242 3245
4 26 1954 27 2665
4 2342 2286 2213 2625
4 2531 3132 2067 3235
4 2462 2697 2841 3219
4 1439 2392 2360 2632
4 1369 2435 2649 3192
4 2478 2823 2699 2968
4 2441 2825 1001 3191
4 1426 2723 2442 3077
4 741 1230 698 2683
4 1375 988 1216 3098
4 2444 2733 2480 3053
4 2207 2210 2746 3223
4 1321 2959 2473 3197
4 2234 2593 2499 2893
4 2406 2734 2485 2735
4 2056 2518 2658 2726
4 430 24 1943 2665
4 1727 2784 2438 2785
4 1850 1852 2081 2653
4 80 158 33 2687
4 1487 2978 1033 3224
4 1695 2884 2503 3054
4 2542 2848 2710 3085
4 2247 1928 1897 2684
4 2449 2727 2656 3186
4 886 2863 2443 2935
4 2513 2715 2426 2743
4 2152 1658 2099 2641
4 31 2617 30 2713
4 606 1957 641 2982
4 7 2097 6 2694
4 2486 2170 2933 2973
4 2461 2795 2036 3034
4 1879 2493 2677 2867
4 2467 2699 2940 2967
4 1566 2016 2290 2974
4 2081 2500 1934 2831
4 1174 2729 1176 2805
4 2453 2869 2096 3015
4 2469 2595 2590 2798
4 1894 2835 2422 3029
4 2468 2823 1871 3199
4 2590 2595 2466 2798
4 2155 1580 2544 3108
4 1540 767 756 2734
4 1965 2895 1586 3150
4 2443 2687 2579 3107
4 725 2410 747 2874
4 2137 2496 1927 2999
4 2740 2744 2527 2941
4 688 2801 2404 2837
4 2176 2412 2740 2941
4 884 2935 1361 3064
4 848 2752 2509 3031
4 1835 2493 1837 3040
4 1891 2071 2501 3055
4 1758 2138 2616 2842
4 2216 590 2801 2923
4 649 1217 1218 3016
4 1454 2850 2664 3196
4 45 41 170 2904
4 989 2944 3122 3187
4 1638 2449 2651 3034
4 2219 2540 2665 2836
4 2138 1759 2104 3089
4 58 116 11 2639
4 1501 2612 2496 2995
4 1782 3056 2522 3109
4 1299 2452 2761 3165
4 2434 2704 2641 3225
4 871 2757 920 3205
4 2561 2657 679 2888
4 2029 2027 2222 2550
4 84 2770 2672 3130
4 30 2713 1591 3002
4 82 2653 2501 3059
4 1492 1325 1326 2638
4 2455 2805 2729 2832
4 863 1378 2648 3025
4 2426 2748 2966 3228
4 1328 2638 2502 2765
4 1625 2721 2503 3011
4 1502 2521 1334 2690
4 1184 2517 1399 3149
4 1064 1157 1063 2512
4 579 686 618 2669
4 1236 2498 2896 3019
4 2444 2626 2580 3072
4 1146 1147 2729 2886
4 2631 2814 2489 3214
4 2404 2801 746 2837
4 1972 1715 1880 2680
4 1948 1947 2277 2623
4 848 2752 850 2882
4 1869 2967 2699 2968
4 2384 2765 2518 3215
4 1752 1750 1751 2619
4 2421 2767 2513 2861
4 1526 1472 2486 3184
4 2243 2320 1570 2684
4 171 2904 2862 3162
4 689 648 2918 3232
4 2422 2423 2748 2834
4 2806 2938 2575 3234
4 1476 620 2588 2636
4 2586 2866 2508 2930
4 640 1341 576 3013
4 2032 1873 3078 3093
4 2502 2812 2776 2978
4 2571 2820 2466 3050
4 1255 1513 2499 2876
4 928 943 3018 3167
4 953 2715 945 2743
4 1870 2852 2471 2967
4 1354 2488 2838 2887
4 2163 2711 2572 3049
4 2140 2106 2596 2749
4 2182 2187 2537 2747
4 2120 2251 1576 2536
4 2345 2578 3001 3239
4 1381 1130 2810 2940
4 1167 2484 3021 3079
4 2483 1854 2769 2891
4 1506 2531 1160 2887
4 2626 1448 2907 3172
4 2506 2873 2627 3136
4 1983 2282 2346 2919
4 1144 3110 2940 3218
4 2472 2844 1124 3003
4 2412 2539 2740 2744
4 1732 1734 2225 2710
4 972 2879 2427 2911
4 782 2485 2734 2735
4 2572 2790 2444 3012
4 2366 2893 2499 2958
4 1381 2940 2810 3218
4 1101 2829 536 3009
4 2423 2743 1373 3068
4 86 2829 2490 3009
4 793 2536 757 3008
4 170 2584 171 2904
4 870 872 1372 2650
4 150 2752 2509 2882
4 45 444 41 2904
4 2156 1902 2126 3135
4 1126 1128 2640 2810
4 1108 2800 2430 2804
4 1876 2199 2798 3015
4 2344 2345 2283 2578
4 2458 2184 2802 2857
4 1955 641 1957 2982
4 2251 1953 2536 2663
4 659 2517 658 3149
4 2471 2852 2008 2888
4 2449 3034 1638 3234
4 1922 2624 2404 3210
4 1046 2480 1006 2733
4 2023 2141 2559 3198
4 1240 1381 2810 3218
4 725 2714 2410 2998
4 1884 2946 2415 2970
4 654 2548 681 3125
4 2795 3034 2656 3234
4 1381 1130 1128 2810
4 927 941 1254 2890
4 2608 2758 2411 3244
4 2740 2744 2539 2940
4 1947 1946 2277 2624
4 2422 2835 2824 3230
4 92 166 2706 2856
4 2504 2808 2563 2906
4 1624 2443 2721 2989
4 1591 30 1589 2713
4 1704 18 2608 2902
4 902 900 2727 2803
4 1936 2497 2101 3037
4 1277 1480 2528 2853
4 1145 2810 2478 2920
4 2036 2143 2963 3198
4 2055 2881 2555 2905
4 2539 2940 1144 3110
4 152 2615 82 3078
4 2446 2731 2877 3236
4 2187 2537 2830 3146
4 1180 2737 2406 2763
4 1708 2111 1787 2826
4 1130 1129 1128 2640
4 1990 2467 2968 3111
4 720 2604 735 3019
4 963 2935 886 3107
4 1445 2720 2445 2916
4 1139 1144 2940 3218
4 2422 2824 2950 3230
4 738 707 747 2936
4 1916 1918 2620 2799
4 779 796 759 2918
4 1998 1925 1573 2510
4 1628 2659 1629 3054
4 1122 2472 2818 3204
4 2495 2785 2784 2925
4 2478 2844 1465 2920
4 1086 2476 2850 3196
4 2538 2753 2560 2858
4 2022 2688 2469 2769
4 1908 1909 1933 2668
4 2410 2874 2237 2934
4 134 64 494 3086
4 2524 3021 2865 3079
4 2168 2594 2123 2713
4 2166 1660 2711 3203
4 2251 2536 1953 3008
4 2502 2776 2553 2978
4 1116 1458 1290 2855
4 1704 2608 1690 2902
4 2408 2503 2720 2884
4 1515 1238 720 3019
4 2060 2061 2502 3036
4 608 2068 1547 2583
4 840 2643 1532 3087
4 1085 1190 2508 2866
4 2420 2971 2514 2980
4 851 2882 516 3058
4 613 1338 642 2997
4 1573 637 597 2808
4 2723 2868 2451 3212
4 2310 1568 2066 2742
4 1903 2762 2494 3189
4 658 659 574 3116
4 1227 1457 490 3044
4 84 2672 2770 3194
4 2047 3057 2583 3100
4 2380 2726 2473 3197
4 54 954 456 2692
4 2306 2086 2074 2905
4 2810 2940 2471 3218
4 2493 2827 1092 2984
4 48 2606 2536 2663
4 2514 1840 2971 3121
4 1841 2770 2629 2971
4 1459 1290 832 3022
4 1957 2854 2128 2982
4 2895 2918 648 3232
4 2412 2744 2740 2941
4 2572 2907 2723 3172
4 2592 2706 2507 2856
4 1575 1948 2507 3153
4 1542 2244 2281 2689
4 92 2592 2498 3162
4 1270 3030 2585 3147
4 1063 1064 2512 2879
4 1805 2913 2915 3233
4 2261 2897 2455 3128
4 163 2582 2490 2829
4 2248 2405 2094 3241
4 1287 2664 2457 3026
4 1606 2569 1607 3195
4 2464 2104 2913 3089
4 1244 2661 2468 3039
4 2525 2669 686 3157
4 2445 2711 2162 3011
4 1836 2001 2000 3040
4 2404 2801 647 2923
4 1255 2876 2499 2901
4 1246 552 2862 3162
4 1735 2790 2491 2948
4 2723 2451 3172 3212
4 942 2649 2969 3192
4 2057 2058 2056 2864
4 1822 2477 1819 2908
4 1086 2850 1454 3196
4 2477 2537 2908 3142
4 2530 2763 783 2894
4 1027 2464 2774 2961
4 2186 2635 2526 2668
4 718 2526 727 2998
4 2271 2237 2668 2998
4 2470 2672 1443 3139
4 2372 2282 2336 2919
4 1649 2912 2762 3189
4 2657 2810 2471 3218
4 945 2743 2715 3183
4 1168 2690 2524 3021
4 2472 2823 1863 2988
4 1301 2803 1302 3219
4 19 2736 2556 2902
4 1160 2531 1185 2962
4 1839 2867 2420 2971
4 2511 2931 1020 2985
4 2094 2663 2544 3241
4 1996 2508 1924 3061
4 1965 2666 2409 2895
4 2170 2486 2680 2973
4 646 739 2801 2837
4 2423 2966 2834 3228
4 1340 2504 1474 3152
4 134 2593 2519 2876
4 2720 2741 2549 2916
4 2490 2582 2201 2839
4 1261 1392 917 2969
4 1475 1289 2855 2872
4 1499 1316 1313 2956
4 1044 2522 998 2954
4 859 861 2621 2939
4 2487 2595 2466 2818
4 606 687 2854 2982
4 2105 2180 2527 2929
4 930 946 2791 3156
4 2547 2602 2418 2924
4 1934 2891 2500 3063
4 1893 22 1978 2736
4 2042 2770 2420 3131
4 2459 2910 2656 3211
4 2275 2706 2498 3095
4 999 2705 1000 2848
4 2549 2720 2445 2884
4 1829 2712 1831 2930
4 1628 1630 1629 2659
4 1486 1044 1484 3169
4 2399 2755 2813 3241
4 802 700 2604 3184
4 1788 1956 3227 3245
4 2748 2834 2423 2966
4 803 775 755 2735
4 2262 2832 2486 2933
4 2060 1544 2061 3036
4 1613 2788 2686 3168
4 1967 1965 1966 2409
4 2051 2658 2473 2726
4 1611 2686 2783 2793
4 2500 2634 1415 3080
4 2178 1994 2224 2512
4 2426 2775 2596 2861
4 1532 2643 1203 3087
4 2495 2784 2695 2925
4 1582 2298 2314 2934
4 2519 2593 1930 2893
4 2664 2850 2476 3196
4 1920 1918 2529 3082
4 87 1101 1100 1102
4 2508 2866 2609 3146
4 2200 2687 2989 3093
4 1126 1145 1128 2810
4 1908 1771 20 2593
4 66 128 2608 2758
4 1350 2825 2474 2994
4 1852 2653 1850 3063
4 27 74 2665 2666
4 76 2939 2564 2951
4 1472 2604 2486 3184
4 2094 2405 2663 3241
4 688 2837 2404 3143
4 1219 3058 1470 3110
4 696 2570 1527 3134
4 1936 2497 3037 3057
4 696 717 822 2570
4 433 1588 2617 3150
4 2474 2948 2574 2994
4 2660 2738 2490 3009
4 1162 2824 1071 3068
4 2491 2825 1002 2848
4 2589 2913 2456 2915
4 2249 767 1540 2734
4 1500 2956 2931 3069
4 1929 2519 1930 2975
4 2540 2700 777 3000
4 816 1507 1191 3239
4 761 2540 787 3000
4 1938 1920 1918 2529
4 630 617 2215 2591
4 686 2525 628 3129
4 2318 2351 2397 2975
4 433 26 1588 3150
4 2483 2847 1856 3202
4 2494 2787 2707 2937
4 52 2628 2587 3068
4 2245 3032 2488 3132
4 2550 2618 2516 3056
4 2480 2638 1046 3182
4 2519 2876 1188 3086
4 2433 3122 2944 3187
4 1840 2514 2049 3121
4 38 2629 39 2738
4 1549 2335 2016 2974
4 2422 2748 1780 3246
4 2414 2680 1761 2849
4 825 2360 2301 2632
4 1916 2517 1917 3116
4 1891 2501 2653 3055
4 1235 2592 1233 2856
4 2290 2016 2335 2974
4 2272 1577 2526 3014
4 2351 2893 2397 2975
4 1469 1219 1470 3110
4 2790 3023 2444 3053
4 2525 2609 1923 3129
4 2629 2980 2420 3130
4 2523 2865 2242 3245
4 2795 2963 2461 3198
4 2703 2826 2601 3233
4 679 2657 667 2888
4 881 2777 2723 2868
4 2699 2810 2471 3052
4 593 1938 635 2799
4 2211 2677 2470 3131
4 1262 909 918 3043
4 2236 2893 2351 2975
4 2566 2730 2493 2867
4 159 2579 2792 3096
4 150 517 74 2752
4 2373 2521 2388 3123
4 2248 2813 2405 3241
4 1255 2499 1513 3144
4 1775 2054 2235 2630
4 2002 2556 2736 2902
4 1048 1016 119 1498
4 776 1243 778 2700
4 1605 1607 2107 2569
4 2149 2144 2039 2567
4 611 2839 2070 3055
4 2254 763 1967 3000
4 682 1567 600 2613
4 2166 2711 2163 3049
4 1184 1399 2517 2991
4 741 698 726 2683
4 2467 2811 2610 3111
4 2372 2885 2407 3094
4 488 1036 64 2828
4 2515 2776 2031 3036
4 2241 2878 2599 2975
4 106 2611 2628 3068
4 1693 2207 2732 3223
4 1506 1185 1160 2531
4 1927 2496 2241 2878
4 2424 2691 2621 2929
4 2548 2471 2810 3052
4 1191 3079 2578 3239
4 2617 2713 151 2882
4 2456 2915 2913 3233
4 2490 2839 2201 3084
4 1365 812 1400 2634
4 2834 2966 2748 3228
4 2356 2399 2312 2813
4 2189 2919 2835 3230
4 1298 901 924 2727
4 2495 2618 2785 3035
4 2256 3032 2523 3245
4 2010 1646 1644 2731
4 911 1261 2771 3043
4 158 159 2579 3107
4 456 954 1250 2692
4 1553 2308 2338 2726
4 2338 2050 1553 2726
4 1163 1480 1376 2942
4 1927 2999 2496 3235
4 2029 2550 3109 3155
4 2564 2939 2532 2951
4 2497 1463 2844 2920
4 1791 425 22 2635
4 2397 2893 2519 2975
4 2805 3115 732 3128
4 2824 2950 2407 3094
4 1360 2976 1509 3126
4 753 2655 770 3104
4 1781 1722 1726 2925
4 1241 2845 2409 3232
4 1186 1501 2496 2995
4 1356 2490 2829 3009
4 1311 2872 2497 3204
4 2071 2582 2501 2839
4 816 2283 1507 3239
4 2452 3066 2562 3165
4 2182 2187 1825 2537
4 1642 1640 2024 2732
4 1676 1687 1688 3151
4 2437 2576 2791 3105
4 1924 2508 2930 3074
4 2022 2769 2469 3185
4 2574 2948 2441 2994
4 2508 2671 1924 3061
4 1344 1164 2510 3118
4 1561 574 635 2799
4 2560 2753 1900 2883
4 1527 696 822 2570
4 1315 1314 1502 2956
4 2421 2513 2767 3018
4 1868 2471 2699 2967
4 1929 1798 1930 3065
4 2719 2868 2453 3064
4 1734 2491 1736 3085
4 2445 2884 2720 3011
4 1393 1218 2552 2797
4 1499 1316 2956 3069
4 679 2561 621 2657
4 2081 1891 2653 3055
4 2673 2575 2938 3234
4 2772 2852 2561 2888
4 2487 2855 1289 2872
4 1964 2706 1963 2917
4 1986 2336 2282 2919
4 1819 1822 1823 2477
4 493 135 2876 3171
4 849 2882 3016 3031
4 1304 2672 2730 3130
4 1145 1337 2810 2920
4 676 680 611 3055
4 147 2951 2607 3076
4 720 700 735 2604
4 2457 2747 2537 2830
4 1145 1337 1467 2810
4 1973 2533 1974 3102
4 1912 2530 2894 3138
4 1758 2616 1804 3047
4 1913 2894 2406 3138
4 1144 2539 1138 2940
4 2560 2737 2413 2858
4 2514 2738 2660 3009
4 1928 2684 2521 3207
4 1020 2511 1049 2931
4 2438 2705 2522 2954
4 2198 2798 2869 3045
4 1732 1731 1733 2710
4 1983 2919 2346 3136
4 78 151 2713 3058
4 2684 2690 2521 3207
4 138 2556 19 2736
4 2437 2791 2750 3105
4 1060 1188 2876 3086
4 1526 2486 2805 3184
4 2769 2891 1854 3063
4 1936 1862 2988 3057
4 2484 2865 2524 3021
4 1404 1173 2667 2791
4 2105 2527 2180 3111
4 2415 2970 3117 3161
4 2567 2963 1812 3083
4 94 2623 2507 2624
4 2326 2375 2391 2742
4 2222 2029 2550 3109
4 657 3016 2509 3031
4 672 2839 2490 3084
4 2559 2581 2447 2871
4 1342 2514 1097 2997
4 2453 2719 2600 2868
4 1598 1599 1600 3163
4 911 1261 913 2771
4 2551 3117 2970 3161
4 903 960 905 2581
4 2527 2929 2180 2941
4 1925 2510 1998 3074
4 1900 2753 1950 2883
4 90 2614 2678 2879
4 1594 2607 28 2951
4 2775 2925 1720 3246
4 2567 3083 1812 3176
4 2534 2855 2487 2872
4 2465 2650 2569 2754
4 2611 2743 2423 3068
4 2105 2819 2527 3111
4 2372 2885 2368 2919
4 60 2511 2637 3069
4 1173 2667 2986 3026
4 118 62 15 2630
4 2519 2893 1930 2975
4 1026 1362 2492 3119
4 2550 2674 2027 3056
4 751 784 795 2682
4 1581 2895 1965 2918
4 1591 1589 1803 2713
4 1984 2627 2873 3136
4 2114 2530 2252 2756
4 658 2636 2517 3116
4 1362 1026 2492 2961
4 2601 3166 2703 3233
4 2661 2811 2465 3039
4 914 3099 2771 3156
4 2114 2252 1558 2756
4 48 2976 2536 3103
4 2321 2320 2388 2684
4 2348 2309 2371 3036
4 1027 2961 2774 3066
4 1067 1061 981 2943
4 1526 1472 1174 2486
4 2141 2014 2150 2559
4 27 2666 2665 3150
4 2498 2592 92 2706
4 2511 2619 2450 2985
4 1302 2803 2676 3219
4 688 602 646 2837
4 2001 2000 2504 3175
4 2762 2912 2439 3189
4 2552 2713 2617 2882
4 2194 2043 2212 2535
4 1762 2414 2904 3095
4 2670 3032 1787 3245
4 2047 1936 2583 3057
4 1265 2525 2669 3133
4 2239 2637 2511 2822
4 1062 2737 1169 2858
4 1932 2490 2201 3084
4 1202 508 1204 3087
4 1327 808 2293 2765
4 2113 2122 1657 3148
4 1822 1825 1824 3142
4 2608 2758 1690 2902
4 760 2755 801 2813
4 2293 2352 1327 2765
4 2539 2594 2412 2740
4 1476 2588 1157 2636
4 2524 2865 2578 3079
4 1476 627 814 2588
4 2318 2236 2351 2975
4 1259 2506 2885 3140
4 802 721 700 3184
4 621 679 586 2561
4 1945 2633 1941 2836
4 2198 2096 2869 3015
4 2662 3203 2721 3212
4 1162 3068 1464 3140
4 1294 1486 1484 3169
4 1642 2732 2654 3229
4 2409 2845 796 2918
4 2240 2543 2095 3207
4 628 2525 686 3157
4 2596 2749 2106 2775
4 1337 1467 2548 3125
4 28 1594 1971 2607
4 2446 2877 2789 3236
4 2249 767 2734 2894
4 2052 2473 2751 2881
4 433 1588 1589 2617
4 38 1843 2629 2738
4 1935 2534 3027 3202
4 1834 1833 2563 3005
4 1500 1315 1050 2543
4 1822 1823 2477 3142
4 2011 2154 2999 3244
4 1044 998 996 2954
4 1386 769 753 3070
4 613 2660 811 2997
4 2390 2473 2957 3197
4 1926 2531 2067 3235
4 2652 3004 1648 3189
4 2382 2516 2974 3209
4 1612 1611 1610 2793
4 1898 1804 2616 3047
4 90 2517 2875 2991
4 2480 3023 1784 3053
4 1296 2812 1329 2978
4 1599 1602 2691 2929
4 2471 2940 2699 2967
4 1510 803 755 2735
4 128 2608 2758 3030
4 1426 881 879 2777
4 472 123 122 2959
4 2438 2522 2785 2954
4 1825 2609 1824 3142
4 2552 2854 687 2982
4 2654 2789 3041 3236
4 1353 923 891 2809
4 2448 2675 2581 2789
4 2487 2818 2466 2820
4 1888 2666 1965 3150
4 2183 2479 2772 3106
4 1782 2522 1730 3109
4 2805 2933 2832 3128
4 1157 1063 2512 2949
4 622 597 669 2671
4 2798 2869 2590 3015
4 2206 438 2208 2579
4 2213 2286 1552 2625
4 2212 2535 2043 3181
4 1525 1439 2632 3141
4 2282 2372 2368 2919
4 1937 2065 2613 3052
4 1325 1324 2518 3215
4 2703 2796 2432 3024
4 983 2477 2833 2949
4 1924 2671 2508 3074
4 1236 3019 1538 3162
4 2523 2887 2838 3245
4 1062 1248 2737 2778
4 1765 2584 1763 2647
4 2508 2669 1190 3081
4 891 2622 2809 3180
4 2473 2881 2390 2957
4 2108 1702 2611 2628
4 2444 2843 2580 3053
4 2170 2262 2486 2933
4 1864 1937 2988 3052
4 39 163 2582 2738
4 1135 476 1308 2741
4 776 778 764 2700
4 2467 2744 2740 2940
4 1672 2192 2719 3015
4 2610 2661 2465 3039
4 2523 3079 1192 3239
4 92 2706 2904 3095
4 2034 32 2205 2615
4 1697 3045 2869 3168
4 1629 2659 1655 3054
4 2011 2154 1807 2999
4 1283 1357 1387 2590
4 1969 2124 1980 2716
4 2091 1670 2206 2579
4 1761 1970 2680 3095
4 1614 2870 2100 3168
4 2721 3203 2565 3212
4 1201 1153 1202 2701
4 1953 2536 2663 3008
4 913 1261 917 3164
4 2077 2075 2238 2637
4 1198 1138 1144 2539
4 946 2791 2520 3220
4 1854 2891 2483 3202
4 834 1341 640 3013
4 2621 3025 864 3098
4 1417 1369 3192 3213
4 1864 2988 2478 3052
4 730 732 3115 3128
4 1827 1829 2930 3146
4 90 2678 2517 2991
4 1869 1906 2967 3111
4 1198 2539 1144 3110
4 2299 1571 2338 2726
4 1571 2050 2338 2726
4 2464 2774 2961 3066
4 1875 2197 2712 2830
4 2862 2904 2414 3162
4 34 1846 439 2582
4 1044 2618 2522 2954
4 2809 2816 893 3180
4 2515 2812 1296 2978
4 1311 2497 2872 2922
4 2002 2736 1699 2902
4 155 85 539 1300
4 884 886 1361 2935
4 2330 836 2292 2851
4 613 642 2660 2997
4 538 1132 1102 539
4 2438 2545 2641 2955
4 1008 2480 1046 3182
4 1594 1698 2607 2951
4 2241 2137 1887 2599
4 1596 1595 1597 2564
4 1596 1595 2564 2951
4 115 2538 2694 3145
4 836 1291 2292 2851
4 1635 1661 2151 2673
4 2017 3035 2019 3056
4 2438 2641 2546 2955
4 2518 2057 2864 2952
4 1500 1315 2543 2956
4 1241 2700 1242 2752
4 2512 2678 2178 2965
4 1504 2344 816 2578
4 1217 649 570 3016
4 37 2208 2579 2702
4 1965 2895 2409 2918
4 878 2597 879 2777
4 2089 2884 2408 3158
4 1964 2275 1963 2706
4 1948 2706 2507 3153
4 1923 2609 2525 3142
4 1740 2480 1784 3053
4 713 3062 728 3153
4 2187 1825 2537 3146
4 649 2552 687 3016
4 2344 2578 1504 2987
4 2224 2512 1994 2993
4 866 2754 1374 3098
4 587 648 2895 2918
4 1467 1240 1381 2810
4 2137 1887 2599 3244
4 1758 1789 2492 3047
4 1081 1080 2986 3026
4 2543 2511 2931 3069
4 2106 1717 2596 2775
4 2494 2787 2937 3189
4 1673 2191 2193 2571
4 2415 2607 2532 2780
4 2262 1977 2170 2486
4 1259 1258 2506 2889
4 1971 1594 1698 2607
4 1781 1726 2221 3035
4 1722 2925 1781 3246
4 2373 2378 2304 2817
4 758 801 784 2813
4 1500 2543 2931 2956
4 86 2971 2629 2980
4 1936 1862 2101 2988
4 2688 2696 2481 2719
4 2124 2970 2760 3237
4 1229 1231 1230 2683
4 1081 3026 2892 3196
4 1803 2168 2123 2713
4 1981 2129 2538 2753
4 2397 2519 2893 2958
4 1222 2714 2410 2936
4 2153 3158 2489 3214
4 1826 1996 1923 2609
4 1983 1986 2282 2919
4 825 1439 2360 2632
4 2420 2629 2971 2980
4 637 1573 1999 2808
4 426 2121 16 2593
4 2572 2626 2907 3172
4 1079 2766 1021 3165
4 1646 2937 2652 3189
4 1888 1965 1586 3150
4 739 746 2801 2837
4 1468 1178 1466 2561
4 92 3095 2904 3162
4 921 927 1254 2890
4 2536 793 2756 3104
4 1618 2600 1617 2698
4 2696 2719 2688 3015
4 1620 2600 1618 2719
4 2153 2722 2489 3158
4 2740 2941 2527 3111
4 432 2607 29 2951
4 1077 2907 2825 3088
4 783 2530 2756 3070
4 1819 2477 1823 2965
4 1834 1836 2000 3040
4 1581 587 2895 2918
4 1135 127 476 2741
4 2574 2764 2442 3077
4 139 2992 2533 3042
4 2537 2477 2892 3142
4 2343 2384 2385 2765
4 647 2801 590 2923
4 2469 2821 2595 3185
4 2735 2778 1489 3160
4 2112 1711 1678 3201
4 1169 2858 2737 3216
4 2510 1344 3118 3217
4 1231 2683 1229 2840
4 613 811 1338 2997
4 2407 3094 2885 3140
4 1736 2491 2790 3023
4 171 92 2904 3162
4 2676 2827 1428 3219
4 2216 605 590 2923
4 70 2642 2570 3042
4 2107 2704 2569 3225
4 1635 1661 2673 3234
4 1473 2983 2508 3081
4 2194 2535 2212 2938
4 1409 1407 2744 2977
4 2023 2963 2143 3198
4 1043 2853 2495 2942
4 43 90 2614 2678
4 2025 3071 2807 3229
4 1081 2986 2892 3026
4 2215 2073 630 2591
4 1030 1062 1169 2858
4 2906 2984 1091 3007
4 890 3096 2792 3180
4 2537 3026 2830 3196
4 2467 2610 2811 3039
4 1639 2651 1640 2807
4 2691 2781 1603 3148
4 1958 2713 2128 2854
4 2558 2432 2796 3024
4 1336 2548 1467 3125
4 2478 2640 2823 2968
4 64 2828 2599 3244
4 2866 2930 2476 3146
4 2557 2585 2425 2890
4 1834 2563 1835 3040
4 2242 2256 1568 3001
4 2549 2884 2159 3158
4 2450 2567 2681 3176
4 1916 1931 2517 3116
4 2438 2545 2784 3200
4 636 577 812 2634
4 833 1327 2352 2765
4 1914 2155 2544 3108
4 737 2714 2998 3134
4 1781 2925 2644 3246
4 1595 2133 1597 2564
4 1290 1475 1289 2855
4 2325 833 2352 2765
4 1838 2001 3040 3121
4 2737 2778 2406 2898
4 2526 2998 2714 3134
4 2529 2840 2624 3082
4 2364 3001 2523 3239
4 1234 2529 3178 3221
4 1026 1024 1362 3119
4 2522 2710 2705 2786
4 879 878 877 2597
4 1587 2617 2509 2982
4 1236 2896 2498 3162
4 931 946 930 3156
4 640 576 672 3013
4 2587 2873 2506 2919
4 2509 2617 1587 3150
4 808 1331 2293 2812
4 2445 2626 2580 2711
4 1191 1192 3079 3239
4 2512 2900 1994 2993
4 697 721 1380 3184
4 2512 2879 2678 2965
4 2485 2735 1489 3160
4 1903 2494 2762 3010
4 685 2993 575 3179
4 871 873 872 2598
4 1618 1619 1617 2600
4 2566 2591 2504 3033
4 786 789 2763 2894
4 2122 1667 2767 2861
4 2382 2974 2335 3209
4 1954 26 27 3150
4 2497 2844 1143 3204
4 1292 2851 2550 2945
4 1384 2892 2477 3238
4 1091 2984 2827 3007
4 2020 2528 2257 3029
4 2240 2822 2543 3207
4 2536 2976 2682 3103
4 2747 2986 2667 3026
4 1893 1978 1974 2736
4 138 2846 2556 2992
4 2441 2848 2825 2948
4 1190 2508 2866 3133
4 2563 2746 2493 2827
4 2032 1873 1851 3078
4 1331 2349 2293 2812
4 609 2068 608 3027
4 2105 2185 2819 3111
4 2488 2826 2111 3132
4 1789 1756 2492 2979
4 1615 2788 1613 3168
4 2021 2798 2196 3045
4 2327 2295 807 2817
4 1175 1176 2729 3042
4 1373 2743 2834 3228
4 2563 2984 2906 3007
4 1639 2651 2807 3034
4 2249 2734 2274 2894
4 2415 2970 2551 3117
4 840 1532 1203 3087
4 2065 600 1567 2613
4 2014 2559 2141 3071
4 2140 2106 2135 2596
4 2455 3115 2805 3128
4 1897 1898 2247 2524
4 2209 2043 2702 2770
4 2577 2891 2483 2996
4 1358 2955 2545 3187
4 2842 2979 1756 3083
4 1044 998 2522 3169
4 1259 1464 2889 3140
4 1157 2512 1064 2991
4 2432 2558 2826 3024
4 1340 3033 2504 3152
4 1257 825 2301 2632
4 2451 3049 2711 3203
4 456 2692 1250 3145
4 2487 2872 1462 3204
4 1908 2121 1771 2593
4 2570 2642 2455 3042
4 1577 2186 2272 2526
4 2715 3018 945 3183
4 44 2706 1982 2904
4 1549 2335 2974 3209
4 2247 2524 1898 3046
4 2515 2978 1296 3137
4 2512 1063 2879 2949
4 2572 2790 2474 2907
4 574 1561 1931 2799
4 2568 2589 2447 2871
4 1115 1117 1118 2595
4 2682 3103 838 3104
4 2516 2860 2382 2974
4 2444 2790 2572 2907
4 2595 2821 2483 3185
4 2 2753 3 2883
4 688 590 647 2801
4 173 95 559 1058
4 2543 2822 2511 3069
4 2729 2805 2486 2832
4 1985 2506 2873 2919
4 2723 2777 2600 2868
4 2194 2926 2535 2938
4 1596 3161 2532 3163
4 1234 2840 2529 3221
4 1621 2166 3049 3203
4 1332 2291 2349 2812
4 1289 1120 1117 2855
4 1521 698 1230 2683
4 2452 2963 2559 2990
4 2062 2776 2226 3101
4 2503 2884 1695 3011
4 759 2845 601 2918
4 623 1550 622 2671
4 2459 2681 2605 2766
4 2408 2622 2503 3054
4 2377 2905 2505 2972
4 1334 2690 2521 3123
4 140 508 72 3087
4 2064 2031 2063 3036
4 2543 2931 2956 3069
4 1311 2922 2872 3188
4 1086 2586 1087 2850
4 56 2658 2518 2909
4 1644 1645 1643 2675
4 1706 1708 1707 2601
4 1171 1213 2709 2838
4 2208 37 36 2702
4 2375 2531 2689 3226
4 905 2707 907 2789
4 1976 2455 2832 3128
4 2421 2513 2715 2861
4 681 2657 2548 3159
4 793 3008 785 3104
4 1332 2349 1331 2812
4 2386 2347 2294 2957
4 663 2510 3118 3217
4 1352 2546 2955 3191
4 859 2939 2621 2977
4 2426 2596 2775 2944
4 2 1950 2753 2883
4 2455 2805 2832 3128
4 2685 2775 2596 2944
4 2527 2819 2610 3111
4 735 3019 2604 3124
4 1900 3138 1800 3170
4 1867 1869 2699 2968
4 1928 2521 2079 3207
4 2524 2616 2484 3021
4 1255 1512 2876 2901
4 1977 2486 2262 2832
4 1248 1489 2735 2778
4 2185 2190 1674 2610
4 1349 2910 2656 3186
4 1706 1708 2601 2826
4 1872 2209 2035 2629
4 115 2694 54 3145
4 2589 2871 2568 3006
4 1319 835 1317 2957
4 2288 2327 807 2817
4 807 1312 2288 2817
4 66 128 2758 3030
4 2607 2951 2532 3076
4 2724 2728 2520 2921
4 1120 1119 1117 2595
4 1643 1644 2675 3229
4 1321 1320 2959 3197
4 1587 2128 2617 2982
4 1197 137 496 495
4 1576 2536 2251 3008
4 649 687 570 3016
4 1551 575 2993 3179
4 2085 2163 2572 3049
4 2482 2746 2563 2827
4 1314 2817 2521 2956
4 730 3115 2897 3128
4 1021 1079 1309 2766
4 851 516 1068 3058
4 1895 2835 2189 2919
4 2679 2862 2414 2886
4 1621 3049 3028 3203
4 2487 2534 2872 3100
4 1885 1940 2946 3020
4 2561 2772 2479 2852
4 2465 2754 2819 3098
4 835 1317 2957 2972
4 2396 2387 2289 3046
4 2386 2347 2957 2972
4 2464 2774 2589 2871
4 2433 2944 2685 3187
4 2197 2203 2037 2712
4 2123 1803 2713 3002
4 1672 2192 2202 2719
4 1291 2292 2851 2945
4 2695 2784 2433 2925
4 2473 2909 1321 3197
4 901 1298 903 2727
4 2545 2749 2433 2784
4 2411 2758 2608 3030
4 783 2763 2530 3070
4 1994 2512 2178 2965
4 2483 2891 2577 3202
4 2525 2669 2609 3129
4 1596 1980 3161 3163
4 1730 2522 2710 3109
4 2615 2804 2430 3078
4 769 1386 821 3070
4 2514 2591 2566 2997
4 1168 1189 1166 2524
4 2429 3025 2621 3098
4 2605 2766 2681 3222
4 1904 2175 1905 3106
4 86 2490 2738 3009
4 689 645 601 2918
4 2422 2834 2554 2942
4 2494 3010 2568 3213
4 2600 2777 2453 2868
4 1248 1180 1062 2737
4 2551 2532 3117 3161
4 1842 2049 1840 2971
4 2532 2607 2415 3161
4 2256 2066 1568 2742
4 1591 2713 1803 3002
4 865 2754 2648 3208
4 2012 2880 1662 2937
4 2574 2960 2474 3077
4 1412 2804 1406 2935
4 2580 2711 2626 3012
4 2492 1756 2842 2979
4 1393 2797 2552 3058
4 2383 2726 2380 3197
4 2513 2421 2715 3018
4 2419 2602 2573 3135
4 1102 542 539 1300
4 1838 3040 2867 3121
4 886 2565 884 2863
4 1791 22 1893 2635
4 2161 2098 2574 3017
4 1687 2745 1688 3151
4 2247 2684 2524 3046
4 1241 1243 1242 2700
4 2240 2964 2822 3207
4 681 2548 619 3125
4 1595 1682 2133 2646
4 1057 2477 2892 2986
4 1325 2638 1328 2765
4 674 675 630 3092
4 2287 2383 2380 3197
4 2715 2743 2513 3183
4 1337 1336 1467 3125
4 2535 2816 2702 3096
4 1520 1222 709 2714
4 2515 3060 2031 3155
4 2506 2919 1985 3136
4 1822 2477 2908 3142
4 2437 2667 2576 2747
4 1629 1655 2089 3054
4 2399 2755 2312 2813
4 2222 2550 2027 3056
4 2382 2290 2335 2974
4 2353 2399 2358 2755
4 2048 598 626 2839
4 2782 3043 1262 3112
4 1680 2513 2694 3051
4 1969 1689 2124 2716
4 2585 2890 2557 3193
4 2198 2798 2199 3015
4 1912 2883 2530 3138
4 871 869 920 2757
4 2432 2826 2703 3024
4 2594 2713 2168 3106
4 2161 2098 2164 2574
4 1614 2686 2870 3168
4 577 1335 2634 3080
4 92 2706 45 2904
4 2640 2468 2823 2968
4 2450 2768 2511 2931
4 2287 2383 3197 3215
4 2039 2567 1812 3176
4 1245 2645 862 2794
4 2439 3004 2652 3189
4 2406 2778 2603 2898
4 1347 2626 1448 2907
4 884 2565 885 2863
4 2409 2918 2895 3232
4 2107 2569 1607 3225
4 2076 2505 2822 2964
4 2592 3062 2507 3153
4 2726 3197 2383 3215
4 2721 2863 2662 3212
4 1095 2566 1094 2984
4 2257 1566 2213 2625
4 2516 2379 2945 3209
4 2587 2407 2919 3140
4 2869 3045 2440 3168
4 2576 2747 2667 3004
4 1916 1931 1561 2799
4 1434 1351 2605 3222
4 130 490 70 3044
4 1679 1701 2760 3051
4 2113 2691 1603 3148
4 2692 2759 969 3145
4 2450 2619 2511 2768
4 2664 2712 2463 2830
4 1137 1138 2744 2940
4 2707 2787 2494 3043
4 2707 2787 2446 2937
4 2110 1722 1781 3246
4 2589 2871 2774 3089
4 2483 2891 2769 3063
4 2552 2797 687 2854
4 426 2593 16 3065
4 2120 2251 2536 2756
4 2101 1864 1937 2988
4 2373 2817 2521 3123
4 2141 2023 2559 3089
4 841 2683 1232 3062
4 50 104 2606 2655
4 2028 2031 3060 3155
4 1075 2859 1369 3213
4 1434 2605 3114 3222
4 1159 850 75 1214
4 1117 1115 1116 2855
4 2464 2871 2589 3006
4 1194 1157 2588 2949
4 1135 127 475 476
4 2018 2017 2516 3209
4 1386 753 2655 3070
4 1166 1168 2524 3021
4 1156 1399 557 2875
4 138 497 66 2846
4 718 727 737 2998
4 1171 1267 1055 2709
4 2581 2727 2461 2807
4 2375 3067 2531 3226
4 1837 2493 2867 3040
4 642 1338 1339 2997
4 680 2839 2501 3013
4 1731 2710 1730 2786
4 2129 1701 1981 2538
4 1190 2669 2508 3133
4 1901 1713 1711 2573
4 994 2695 2495 2954
4 1293 2515 1296 3137
4 734 2917 2592 3019
4 2752 2895 2666 3150
4 2477 2900 1823 2965
4 2838 2887 2488 3245
4 728 3062 2592 3153
4 2589 2774 2464 3089
4 793 2536 3008 3104
4 56 2518 2658 2864
4 1434 2605 1351 3114
4 2428 2771 3099 3156
4 2104 2150 2167 2589
4 2516 2853 2974 3035
4 2581 2675 2448 3229
4 2398 2410 2874 2936
4 2494 3043 2782 3112
4 2667 2747 2437 2986
4 2551 2759 2413 2943
4 2587 2628 52 2873
4 2198 2199 2096 3015
4 2596 2861 2122 3148
4 2419 2728 2724 2921
4 2537 2457 2830 3026
4 2723 2907 2572 3077
4 2130 1806 1895 2835
4 1157 2636 2512 2991
4 72 2633 2541 2701
4 2523 2742 2364 3239
4 54 2694 2692 3145
4 2610 2465 2811 3039
4 2476 3146 2830 3196
4 628 3129 2525 3179
4 2474 2572 2907 3077
4 1492 2638 1326 3182
4 1501 2828 2612 3086
4 1500 2543 1050 2931
4 764 796 754 2918
4 2104 2150 2589 3089
4 2564 2939 76 3154
4 2030 3085 2776 3155
4 2606 2756 1951 2883
4 2085 2166 2163 3049
4 1373 2834 986 3228
4 1925 1999 1573 2808
4 68 130 2635 3044
4 2417 2692 2538 2759
4 686 2669 2525 3129
4 56 474 122 2909
4 1237 2604 1236 2896
4 1825 2182 2537 2908
4 127 2549 2631 2741
4 2636 2993 2512 3116
4 2640 2823 2468 3003
4 1673 2571 2193 2870
4 2082 1816 2160 2708
4 2565 2863 2721 3212
4 1399 2875 2517 2991
4 1575 2267 1948 3153
4 2488 2887 1354 3024
4 1601 1657 1600 2691
4 618 581 837 2669
4 1099 2980 1097 3009
4 2489 2681 2814 3222
4 2597 2686 2436 2788
4 1932 2738 2490 3084
4 1600 1599 1601 2691
4 2180 2941 2740 3111
4 2522 2618 2550 3056
4 2481 2989 2687 3093
4 1196 2501 2829 3013
4 1028 1055 1267 2709
4 2479 2852 2772 3106
4 2183 2772 2852 3106
4 1205 1534 1489 2735
4 2564 2929 2621 2941
4 2645 2794 1245 3167
4 675 642 582 3033
4 2675 2789 2448 3229
4 2527 2744 2740 3111
4 1706 2826 2601 3151
4 747 2874 2410 2936
4 1334 2521 1314 3123
4 1634 2673 2938 3234
4 2491 2848 1002 3224
4 1819 2908 2477 2965
4 2522 2618 2785 2954
4 2113 1657 1601 2691
4 2543 2768 2511 2822
4 2276 2189 2835 3230
4 2381 2515 2851 3060
4 2100 1697 1614 3168
4 1559 2897 716 3014
4 2568 2589 2456 2915
4 943 958 2759 3167
4 1264 837 1265 2669
4 2605 2454 2722 3048
4 1627 1625 1626 2717
4 1914 2544 1882 2627
4 1466 2657 2561 3218
4 2396 2987 2387 3046
4 2442 2764 2574 2788
4 1022 2562 1021 2931
4 2556 2736 138 2992
4 2830 3146 2537 3196
4 2509 3016 2882 3031
4 883 2868 1451 3212
4 2228 2062 2226 3101
4 2681 2450 2814 3222
4 1599 1602 1601 2691
4 2388 2521 2684 3123
4 1912 2530 2114 2894
4 2695 2784 2495 2785
4 2554 2925 2775 3246
4 61 121 481 1048
4 1026 2492 2961 3066
4 1263 1374 937 2811
4 1781 2644 2495 3035
4 1021 1022 1023 2562
4 2546 2574 3174 3191
4 1589 2617 2128 2713
4 2414 2896 1053 3162
4 2478 2823 2640 3003
4 2067 2531 2742 3132
4 2994 3174 2574 3191
4 903 1298 960 2581
4 898 933 896 2575
4 1785 2658 2231 2864
4 992 2703 991 2859
4 2491 2825 2848 2948
4 2432 2649 2601 3151
4 92 2706 2592 2856
4 1603 2113 1601 2691
4 70 496 139 3042
4 1601 1602 1603 2691
4 733 2897 2570 3014
4 2464 2774 2871 3006
4 1775 2630 2239 2637
4 2256 2742 2523 3032
4 2502 2812 2374 3036
4 657 2982 2509 3016
4 537 1103 1105 2829
4 2595 2847 2798 3185
4 1679 1981 1701 3051
4 2280 2361 2397 2958
4 1373 952 970 2743
4 2176 2740 2180 2941
4 2444 2790 2733 3023
4 2456 2589 2568 3006
4 1984 1985 2506 2873
4 48 2663 2536 2976
4 1896 2644 3029 3246
4 2570 3042 2455 3115
4 2509 1586 2895 3150
4 1353 1440 923 3114
4 2413 2551 2943 3237
4 933 898 1303 2697
4 68 2635 2526 3044
4 2627 2632 2506 3136
4 2295 1333 807 2817
4 2498 2973 2275 3095
4 1269 497 138 2992
4 1463 2920 2497 2922
4 2017 2018 2516 3056
4 2510 2983 1344 3217
4 2754 2781 2648 3208
4 1000 2848 2705 3169
4 2599 2608 64 3244
4 697 1380 2805 3184
4 2499 2876 1513 2958
4 2183 2772 1907 2852
4 2429 2648 2754 2781
4 1941 1560 2836 3243
4 530 1111 3130 3194
4 48 2544 2976 3141
4 730 2570 733 2897
4 1074 2648 3120 3208
4 1965 2409 1967 2918
4 1638 2651 2806 3223
4 2549 2720 2408 2741
4 2122 2135 2596 3148
4 2499 2958 1513 3144
4 2597 2686 2788 3168
4 2472 2818 2820 3050
4 2355 2874 707 2936
4 2421 2691 2645 2767
4 898 900 1303 2697
4 2499 2934 2365 3144
4 933 1303 1447 2697
4 64 2608 2599 3065
4 2089 2408 2884 3054
4 1596 2951 2532 3161
4 496 495 139 2992
4 2655 2756 2606 2883
4 41 164 88 2614
4 1879 2677 2044 2867
4 1335 812 577 2634
4 1946 2624 2270 3210
4 1656 2899 2981 3173
4 1981 2694 2538 3051
4 2618 2495 2785 2954
4 2527 2811 2610 2819
4 138 66 2556 2846
4 663 2510 2808 3118
4 2219 2665 2540 2666
4 2450 2814 2619 3214
4 2443 2503 2721 2863
4 2807 3071 2581 3229
4 1935 3100 2534 3202
4 2543 2964 2956 3207
4 1800 3138 2898 3170
4 1898 2524 1897 3047
4 1106 1108 529 2800
4 1914 1882 2544 2663
4 2676 2803 2462 3219
4 2274 2249 1540 2734
4 2408 2503 2884 3054
4 1384 2477 2949 3238
4 2370 2290 2382 2974
4 1282 1283 1401 2696
4 2528 2974 2853 3035
4 1813 2784 2749 3200
4 1901 1713 2573 3135
4 1023 1021 2562 3165
4 924 2761 2656 3211
4 981 1390 1067 2943
4 697 1380 715 2805
4 1925 1832 3005 3074
4 2569 2781 1605 3195
4 1049 2931 2511 3069
4 2404 2683 726 3210
4 1244 2773 2661 3206
4 2601 2649 2435 3151
4 2048 2839 626 3084
4 66 2556 2846 2902
4 666 3152 661 3175
4 2816 3096 2535 3194
4 57 117 482 1047
4 2485 2927 2701 3160
4 80 2615 2804 3093
4 683 2561 679 2772
4 1355 1423 532 3096
4 2701 2927 1152 3160
4 516 2882 151 3058
4 1758 2138 1804 2616
4 92 2498 2706 3162
4 2098 2788 2574 3017
4 857 2939 2977 3154
4 2485 2778 2735 3160
4 2314 2232 1582 2934
4 1906 1869 1990 3111
4 1984 2873 2506 3136
4 2535 3096 2702 3194
4 2068 2047 2583 3100
4 1301 1303 900 2697
4 2325 833 2765 3215
4 2527 2467 2744 3111
4 34 1848 1846 2582
4 1229 2840 2404 3143
4 2441 3174 2994 3191
4 38 1846 1844 2582
4 752 1560 2259 3243
4 2728 2921 931 3156
4 2242 2865 2523 3001
4 493 2901 68 3171
4 1199 2924 2693 3075
4 1277 2528 1523 3090
4 884 885 2565 3212
4 1596 2564 1597 3163
4 2572 2474 2960 3077
4 2409 2752 1241 3232
4 1582 2232 2237 2934
4 2565 885 2863 3212
4 1706 2601 1707 3151
4 2373 2295 2817 3123
4 2500 1934 2831 2891
4 1650 2576 2912 3004
4 1253 1066 1383 2924
4 2412 2646 2564 2941
4 1552 2336 1986 2919
4 2407 2835 2587 2919
4 2251 1952 1953 2663
4 2280 1497 2361 2958
4 2648 2781 2691 3148
4 785 3008 2682 3104
4 1957 2128 1955 2982
4 2709 2838 1213 3166
4 2481 2804 2688 3093
4 2830 3026 2664 3196
4 1395 1162 1071 3068
4 1466 2561 1178 3218
4 2486 2832 2805 2933
4 2354 2357 2398 2936
4 1302 932 2676 2803
4 609 1569 2068 3027
4 2844 3057 2472 3204
4 679 2561 683 3127
4 701 747 725 2936
4 2511 2985 1049 3069
4 2117 716 708 3014
4 581 1266 2669 3081
4 992 2703 2859 3166
4 2429 2691 2648 2781
4 2737 2763 1179 3070
4 1267 1171 1213 2709
4 2357 2874 2410 2934
4 1060 1391 494 2876
4 1188 2876 2519 2958
4 2218 2020 2257 3029
4 427 19 18 2902
4 2228 3023 2553 3085
4 1452 1303 1301 2697
4 1277 2853 2528 2860
4 1692 2036 2807 3198
4 80 2687 2615 3093
4 2590 2869 2798 3045
4 1559 716 2117 3014
4 1314 2521 2817 3123
4 2956 2964 2521 3207
4 943 969 2692 2759
4 1008 2843 2480 3182
4 2740 2967 1906 3111
4 1243 776 1519 2700
4 2569 2793 2650 2857
4 2002 1683 2556 2902
4 6 1703 413 2628
4 2749 2784 2545 3200
4 2555 2957 1317 2972
4 1231 1232 94 1155
4 2743 2966 2423 3228
4 688 646 2801 2837
4 2649 2425 2969 3192
4 1292 1294 2550 3137
4 1181 2544 1439 3141
4 1840 1839 2971 3121
4 857 76 2939 3154
4 655 2509 2895 3031
4 2420 2730 2672 3130
4 1738 1784 3023 3053
4 863 2648 865 3025
4 4 414 5 2627
4 661 3152 2808 3175
4 2664 2463 2731 2830
4 1494 1321 1322 2909
4 1292 2550 2851 3137
4 683 2772 607 2797
4 2341 813 1273 2860
4 2867 3040 2566 3121
4 91 560 1403 172
4 886 884 885 2863
4 606 641 687 2982
4 1181 1439 2544 3126
4 2236 1930 2893 2975
4 2546 2994 2574 3191
4 1706 2826 3151 3190
4 2564 2977 2939 3154
4 1872 2629 1841 2770
4 2198 2869 1697 3045
4 2110 1781 2644 3246
4 2506 2587 2919 3140
4 2492 2979 2842 3083
4 1921 2623 1961 3082
4 1273 2331 2341 2860
4 1784 3023 2480 3101
4 2456 2670 2709 2838
4 68 2526 2635 2668
4 2529 2799 660 3178
4 2461 2656 2761 2795
4 68 2635 21 3171
4 1792 2601 1707 2915
4 2616 2961 2709 3021
4 2762 2771 2475 3043
4 675 2997 642 3033
4 2569 2857 2465 3195
4 1282 2696 1401 3091
4 1997 622 1550 2671
4 2661 2773 2468 2802
4 587 689 648 2918
4 1098 1096 2980 3130
4 1668 2576 1652 2912
4 2533 139 2736 2992
4 127 2631 2549 3113
4 1269 495 1197 2992
4 1139 1144 1138 2940
4 2761 2795 2656 3211
4 75 148 520 1214
4 1099 1097 1342 3009
4 2330 2291 836 2851
4 2892 3026 2537 3196
4 1720 2775 1721 2925
4 2773 2802 2661 3206
4 478 125 480 1014
4 2481 2688 2804 3091
4 2505 2637 2555 2905
4 704 734 728 3019
4 1053 2414 2886 2896
4 2793 2857 2569 3225
4 2774 2871 2559 3089
4 1596 2951 2564 3163
4 2523 3001 2578 3239
4 2660 2997 674 3092
4 1174 1176 1526 2805
4 829 2305 2331 2860
4 1184 1399 824 3149
4 659 2799 2517 3149
4 823 762 1524 2927
4 2135 2122 2596 2861
4 921 2890 2547 2969
4 984 985 2944 3228
4 2467 2699 2967 2968
4 2564 2621 2424 2939
4 2548 2657 2471 3159
4 2702 2816 2460 3096
4 2421 2691 2648 3025
4 2044 2867 2677 3131
4 2551 2759 1390 3167
4 2509 150 2882 3150
4 1140 1001 2994 3191
4 1916 1561 1918 2799
4 598 2048 1543 2839
4 2561 2772 683 3127
4 2825 2948 2474 2994
4 873 2598 875 2903
4 118 2619 62 2630
4 675 2591 630 3092
4 2291 1332 836 2851
4 2623 2624 94 3082
4 2472 2844 2988 3057
4 2416 2815 2693 3102
4 875 2597 877 2903
4 1506 1185 2531 3226
4 1325 2518 2765 3215
4 876 2903 2597 2932
4 74 2666 27 3150
4 2447 2589 2568 2880
4 2412 2594 2539 2739
4 2589 2913 2104 3089
4 2838 3079 2523 3245
4 7 106 54 2628
4 70 139 2533 3042
4 1659 1653 1968 2899
4 1647 1903 2937 3189
4 1668 2576 1650 3004
4 28 29 431 2646
4 1881 1914 1882 2627
4 1007 1005 1006 2733
4 704 723 820 2592
4 62 2619 2814 3214
4 1927 2689 2496 2878
4 1356 2829 1101 3009
4 984 1370 1402 3120
4 2606 2655 104 3103
4 2592 2917 734 3153
4 1901 2126 1713 3135
4 1650 2576 1668 2912
4 2560 3138 1900 3170
4 2456 2838 2709 3166
4 171 2584 170 2862
4 19 2556 138 2902
4 1313 2505 2817 2956
4 929 1388 919 3018
4 1490 2978 2553 3224
4 2702 2816 2535 2926
4 1925 1998 1832 3074
4 2447 2880 2707 2937
4 47 2623 94 3082
4 733 2570 730 3115
4 2572 2960 2723 3077
4 1688 1706 3151 3190
4 2464 2709 2616 2961
4 1865 1867 2699 2968
4 1494 474 56 2909
4 2241 2599 1929 2975
4 1677 2557 2758 3038
4 2035 36 437 2629
4 2007 2888 571 3159
4 1304 1306 1096 2730
4 1514 1497 2280 2958
4 171 2862 552 3162
4 2370 2382 2860 2974
4 1029 1028 1267 2709
4 1269 138 495 2992
4 1278 2774 1029 3006
4 1580 1914 2155 2544
4 2445 2662 2626 2711
4 1086 1084 2866 3196
4 2460 2816 2702 2926
4 3 412 2 2606
4 1277 2860 2528 3090
4 2651 2697 2462 2803
4 2423 2824 2587 3068
4 1969 2716 1980 3163
4 2613 2920 2497 2988
4 2466 2820 2818 3050
4 2513 2426 2715 2861
4 2471 2657 2548 2810
4 2825 2994 1001 3191
4 897 2910 1349 3186
4 1677 2758 2557 2902
4 1999 1925 2000 2808
4 1953 2663 2248 3008
4 2537 2866 2892 3196
4 2589 2559 2871 3089
4 941 940 2846 2890
4 1348 2907 2723 3077
4 1494 56 1326 2909
4 1741 2580 1816 2708
4 2465 2811 2754 3098
4 2540 2665 74 2666
4 623 1550 2671 3061
4 2594 2646 1682 3002
4 2431 3120 2648 3208
4 581 1266 837 2669
4 2537 2892 2609 3142
4 1701 2538 2129 3170
4 1337 2548 2920 3125
4 2440 2870 2725 2903
4 1193 1184 824 2636
4 1238 802 700 2604
4 685 662 575 2993
4 1168 1054 1362 2690
4 50 2655 2606 2883
4 2398 2357 2298 2874
4 789 783 2763 2894
4 1434 1432 1351 3222
4 68 2668 2635 3171
4 142 29 2646 3002
4 80 2804 1412 2935
4 2423 2628 2611 3068
4 1650 1668 1652 2912
4 1181 1149 2976 3141
4 782 772 791 3020
4 1927 2496 2689 3235
4 2295 1333 2817 3123
4 1221 1222 2410 2936
4 2364 2345 3001 3239
4 2037 1875 2197 2712
4 1597 2564 2133 2941
4 931 2728 1252 2921
4 2048 2201 2839 3084
4 2474 2825 2907 3088
4 1921 2624 2623 3082
4 932 2676 2803 3041
4 1255 2901 2499 3144
4 1277 1274 2853 2860
4 2429 2819 2754 3098
4 2407 2835 2919 3230
4 1946 2953 2624 3210
4 2573 2693 2418 3075
4 171 2584 2862 2904
4 2538 2759 2692 3145
4 1891 2070 2071 3055
4 1961 2623 46 3082
4 2792 3096 2460 3180
4 2030 2225 3085 3155
4 2539 2940 3110 3218
4 2532 2415 2780 3117
4 2584 2647 88 3097
4 2286 2369 2336 2625
4 2456 2670 2838 3166
4 2296 1564 2314 2934
4 1765 1763 1902 2647
4 62 476 127 2741
4 2061 2776 2502 3036
4 1153 1151 1396 2701
4 890 935 3096 3180
4 689 2918 2845 3232
4 28 431 1593 2646
4 2358 3126 2755 3241
4 881 2723 1451 2868
4 735 734 3019 3124
4 980 1246 2862 3162
4 2452 3083 2567 3165
4 1473 1087 1085 2983
4 1377 2703 992 3166
4 2727 2807 2651 3034
4 2441 2948 2825 2994
4 912 3099 1414 3240
4 575 624 1551 2993
4 1938 1561 635 2799
4 2219 2666 2540 3000
4 1164 2906 2510 3118
4 2331 1273 829 2860
4 2853 2860 2516 2974
4 2440 2686 2870 2903
4 2454 2816 2659 2926
4 1025 1299 1023 3165
4 1203 2643 1202 3087
4 1713 1711 2573 2815
4 2617 2882 150 3150
4 2520 931 2921 3156
4 1638 2651 1639 3034
4 1432 2605 1351 3222
4 672 626 2839 3084
4 2573 2418 2924 3075
4 2208 1694 2579 2702
4 1652 2912 2576 3105
4 666 3033 3152 3175
4 2574 2994 2441 3174
4 2093 1625 1695 3011
4 620 1193 589 2636
4 2667 3099 2439 3240
4 115 114 3 2753
4 1208 1377 992 3166
4 104 48 1 2606
4 2588 2993 685 3179
4 942 2969 1392 3192
4 1096 1306 1094 2730
4 1984 2506 1985 3136
4 2542 3085 2225 3155
4 2538 2759 2413 2760
4 1760 1900 1800 3170
4 796 2845 759 2918
4 838 1212 1516 3103
4 2454 2659 2816 3180
4 127 2549 126 3113
4 2571 2802 2458 2870
4 2917 3019 734 3124
4 1971 1945 24 2633
4 627 620 685 2588
4 770 2756 793 3104
4 84 154 37 2629
4 1351 895 2605 2910
4 2549 2708 126 3113
4 1561 1938 1918 2799
4 1641 2025 2807 3229
4 54 2611 2743 3183
4 1580 2094 2544 3241
4 1831 2037 1877 2712
4 2659 2926 2816 3180
4 1812 2567 2039 2963
4 2207 2210 2088 2746
4 1172 1354 2838 2887
4 2564 2646 2412 3154
4 2447 2589 2559 2871
4 2491 3023 1736 3085
4 2469 2798 2590 3015
4 1928 2243 1570 2684
4 76 2646 2564 3154
4 2577 2831 664 3027
4 786 756 767 2734
4 1153 1396 1206 514
4 2144 2039 2567 2963
4 92 2706 3095 3162
4 730 2570 2897 3115
4 2529 2923 2840 3143
4 838 2682 1212 3103
4 1715 1972 1712 3102
4 2441 2948 2574 3174
4 1974 1975 1893 2642
4 551 1232 94 2856
4 2417 2759 2538 2760
4 1278 2871 2774 3006
4 1078 2685 1370 2944
4 1528 1177 1457 3042
4 2195 2731 2197 2830
4 1641 2807 1640 3229
4 66 2846 2557 2902
4 2503 2720 2884 3011
4 696 733 717 2570
4 56 2658 2639 2864
4 2504 2906 1474 3152
4 734 2592 728 3019
4 594 664 2831 3027
4 604 1581 587 2895
4 2885 2919 2407 3140
4 2569 2650 2465 2857
4 1213 1416 1267 2709
4 2772 2797 683 3127
4 1914 2094 1882 2663
4 2448 2727 2581 2807
4 3 2606 2 2883
4 994 1043 1482 2954
4 2796 2962 2558 3024
4 60 2555 2637 2751
4 1541 2007 571 3159
4 1425 1358 1433 2545
4 9 2639 56 2658
4 433 27 26 3150
4 2664 2850 1454 3231
4 642 675 674 2997
4 2583 2872 2534 3100
4 571 679 667 2888
4 784 801 795 2755
4 946 2520 2911 3220
4 1476 1194 1157 2588
4 2418 2602 2547 2914
4 145 518 522 854
4 1593 2646 431 3002
4 2164 2574 2098 2788
4 2219 1954 2665 2666
4 2537 2866 2609 2892
4 1444 1441 1352 2546
4 2553 2776 2502 3101
4 433 30 31 2617
4 989 1078 1370 2944
4 1677 2557 2914 3201
4 1970 2973 2680 3095
4 2422 3029 2644 3246
4 687 2552 649 2797
4 2362 3001 2396 3046
4 770 2655 2756 3104
4 614 1541 571 3159
4 2550 2674 2516 2945
4 954 2692 54 3183
4 2405 2813 2755 3241
4 929 945 3018 3183
4 2626 2711 2662 3172
4 2053 2231 8 2658
4 521 1206 73 1204
4 1251 925 915 2728
4 941 927 940 2890
4 1413 2774 2871 2990
4 1491 820 723 2592
4 2561 2852 2479 3110
4 2508 2669 2609 3133
4 951 968 2846 2992
4 945 953 984 2715
4 2475 2981 2899 3173
4 2606 2655 2536 2756
4 170 2584 88 3097
4 2058 1785 2231 2864
4 2497 3057 2844 3204
4 611 598 1543 2839
4 2225 2710 2542 3109
4 1088 2586 1087 3007
4 1884 2603 2946 2970
4 2560 2898 2737 3138
4 1535 803 1510 2735
4 781 792 752 3243
4 456 54 2692 3145
4 2598 2783 2686 2793
4 2417 2716 2551 2760
4 1595 2646 2564 2951
4 2507 2706 2592 3153
4 39 2629 86 2738
4 1551 653 575 3179
4 2186 2668 2526 2998
4 929 3018 944 3183
4 2194 2209 2043 2702
4 1714 1973 1974 3102
4 2492 3066 2562 3083
4 972 1280 1281 548
4 781 3020 792 3243
4 1112 529 1106 1108
4 704 728 2592 3019
4 2500 2891 2577 2996
4 139 138 2736 2992
4 2463 2731 2654 3236
4 1797 412 0 2606
4 1324 2909 2518 3215
4 2442 2600 2723 2777
4 929 944 945 3183
4 2471 2539 2852 3218
4 2512 2879 1064 2991
4 1392 1261 2782 3192
4 2273 1944 2227 2734
4 770 783 2756 3070
4 650 2046 682 3037
4 1094 1306 1113 2730
4 2616 2709 2484 3021
4 2551 2970 2943 3237
4 142 31 29 3002
4 2485 2603 2778 3160
4 2439 2667 2576 3099
4 2917 2973 2498 3124
4 1780 1806 2748 2835
4 2494 2880 2568 3010
4 707 2874 747 2936
4 2266 2498 2917 2973
4 2818 2472 3057 3204
4 2599 2612 2496 2828
4 2404 2840 2624 2923
4 627 814 2588 3157
4 1617 1615 2698 2788
4 2468 2661 2610 3039
4 2476 2850 2712 2930
4 2654 2732 2448 3229
4 2872 2922 2497 3188
4 787 788 2643 3243
4 2822 2964 2543 3207
4 829 2305 2860 3090
4 1429 2568 1142 3112
4 2509 2882 2617 3150
4 2677 2867 2730 3131
4 2578 3079 2523 3239
4 2569 2781 2754 3208
4 1304 1443 1306 2672
4 607 2797 2772 2854
4 1775 2238 2054 2637
4 2553 3023 2228 3101
4 38 437 39 2629
4 165 549 1281 548
4 907 2707 909 2787
4 84 2535 2702 3194
4 2194 2702 2535 2926
4 2827 2984 2563 3007
4 1393 2882 851 3058
4 2289 2320 2243 2684
4 2445 2720 2662 3011
4 2755 3126 2405 3241
4 1341 834 1356 3013
4 2413 2759 2538 2858
4 2018 2516 3056 3209
4 2472 2820 2818 3057
4 1684 2611 1686 2694
4 1634 2806 1636 3234
4 2557 2914 2425 3038
4 2897 3115 2455 3128
4 1294 1484 1292 2550
4 1004 3088 1003 3224
4 2031 2776 2515 3155
4 839 1225 2714 3044
4 2581 2990 2559 3198
4 1314 2817 1333 3123
4 2461 2990 2581 3198
4 43 442 42 2614
4 12 2053 420 2751
4 1306 2672 1443 2730
4 1304 2672 1306 2730
4 975 956 976 3147
4 1380 721 802 3184
4 115 3 7 2753
4 2543 2956 2822 3069
4 42 445 43 2620
4 2159 2082 2549 3113
4 2525 3129 1993 3179
4 1638 1636 2806 3234
4 2497 2988 2844 3057
4 1990 2968 2610 3111
4 2677 2746 2210 3223
4 2519 2876 2593 2893
4 1173 2986 1080 3026
4 605 2216 1579 2923
4 2452 2562 3083 3165
4 2593 2876 2499 2893
4 1000 1001 999 2848
4 2313 2344 1504 2987
4 1510 1180 1535 2763
4 762 771 1524 2927
4 2498 3019 1236 3162
4 2 2606 1797 2883
4 1659 2914 1664 2981
4 2650 2661 2465 2857
4 2419 2679 2573 2924
4 1325 1492 1328 2638
4 2662 2720 2503 3011
4 2685 2749 2596 2775
4 2415 3117 2532 3161
4 2221 1728 1782 2785
4 2682 3008 2536 3104
4 1626 1625 1624 2721
4 1689 1969 1666 2716
4 80 33 2615 2687
4 1831 1830 2930 3005
4 74 2665 2540 3087
4 2430 2821 2769 2996
4 2535 2770 2043 3181
4 2428 3099 2576 3156
4 1820 2635 2186 2668
4 677 608 578 2583
4 2629 2770 2420 2971
4 2447 2581 2559 3071
4 1788 3227 2670 3245
4 1835 2088 1879 2746
4 2494 2568 3112 3213
4 1789 2979 2492 3047
4 2067 2742 3032 3132
4 2435 2568 2915 3010
4 1647 1903 2012 2937
4 2693 2924 2418 3075
4 2023 2143 2141 3198
4 1813 2092 2784 3200
4 630 2591 2073 3092
4 2531 3067 1506 3226
4 2123 2594 1682 3002
4 48 449 49 3103
4 2609 2669 2525 3133
4 1457 71 70 3042
4 1693 2732 2651 3223
4 2673 3186 2575 3234
4 2528 2853 2644 3035
4 2301 2332 1257 2885
4 2682 2976 1212 3103
4 2226 2776 2030 3085
4 2272 2186 1892 2635
4 2808 3152 2504 3175
4 2514 3092 2049 3121
4 1993 2525 1923 3129
4 2332 2302 1260 2885
4 2707 2880 2494 2937
4 2575 2697 2449 3186
4 1929 2599 1887 3065
4 2599 3065 2608 3244
4 1235 1236 1538 3162
4 2045 2580 1739 3012
4 2446 2707 2675 2789
4 1613 1611 2686 2783
4 2250 2351 2236 2893
4 607 687 2797 2854
4 1413 2774 1278 2871
4 1973 2832 2533 3102
4 1308 62 1017 2814
4 2387 2684 2289 3046
4 1194 2588 1477 3238
4 2520 2921 2728 3156
4 78 516 151 3058
4 2275 2498 2266 2973
4 2560 2883 1900 3138
4 2828 2999 2599 3244
4 628 2525 3157 3179
4 2664 2830 2457 3026
4 1808 2558 1790 2999
4 2004 2195 2187 2830
4 1488 1296 1329 2978
4 1581 604 1585 2895
4 1808 2137 1927 2999
4 2666 2752 2409 2895
4 2659 2460 2926 3180
4 859 861 1375 2621
4 455 3145 1394 3216
4 1798 1929 1887 3065
4 1945 1941 1943 2836
4 2298 2874 2357 2934
4 2186 2526 1577 2998
4 2439 2576 2667 3004
4 2156 2171 1902 2724
4 2198 2196 2798 3045
4 1790 2999 2558 3190
4 2562 3066 2452 3083
4 2167 2104 2589 2913
4 2651 2697 2449 2806
4 2142 2915 2880 3010
4 1191 1192 1172 3079
4 878 876 2597 2932
4 2428 2576 3105 3156
4 1360 1509 1479 3126
4 1947 2623 1921 2624
4 142 2594 78 3002
4 2167 2589 1805 2913
4 2157 1815 2159 3158
4 1971 2131 1945 2633
4 2219 1942 2540 2836
4 2443 2863 2565 2935
4 66 138 2556 2902
4 689 601 2845 2918
4 475 1346 477 2916
4 1362 2690 2492 3119
4 2506 2919 2885 3140
4 2449 2656 3034 3234
4 433 2617 27 3150
4 1884 1802 2603 2970
4 2650 2793 2569 3225
4 2450 3165 2567 3176
4 664 2577 671 2831
4 2449 2575 3186 3234
4 728 2592 734 3153
4 1487 2978 2542 3137
4 1808 2999 1927 3235
4 2545 2641 2434 2704
4 762 1532 773 2643
4 2017 2974 2516 3209
4 2816 2926 2460 3180
4 2566 2591 2514 3121
4 2597 2777 878 2932
4 1049 1500 2931 3069
4 2408 2720 2549 2884
4 2417 2760 2538 3051
4 2446 2937 2787 3189
4 1407 1216 2744 2977
4 1433 2545 1358 2955
4 1555 2772 1958 2854
4 2532 2716 2551 2794
4 1089 1088 1087 3007
4 1404 2791 2667 3099
4 1567 2613 682 3037
4 2535 2770 2672 3194
4 611 1543 2070 2839
4 2539 3110 2852 3218
4 74 140 2665 3087
4 1441 1352 2546 2955
4 839 3044 2714 3134
4 2211 2806 2677 3223
4 142 2739 2646 3154
4 142 2646 2594 3002
4 2645 2716 2417 2767
4 1477 2588 3157 3238
4 2506 2632 2627 2889
4 427 1699 1978 2736
4 2473 2959 2957 3197
4 2234 1930 2593 2893
4 2387 2987 2684 3046
4 1173 1422 2667 3026
4 2045 1741 1739 2580
4 2733 2790 2491 3023
4 1017 1015 63 1308
4 741 726 746 2837
4 2430 2996 2769 3063
4 1621 1619 3028 3049
4 1754 1786 2768 2979
4 2099 1609 2783 3225
4 2754 2757 2569 3208
4 604 1563 1585 2895
4 2396 3001 2578 3046
4 715 732 2805 3115
4 2005 2011 2745 2758
4 2216 1922 1579 2923
4 2670 2488 3032 3245
4 106 2611 54 2628
4 1652 2576 1668 3105
4 2601 2456 3166 3233
4 1552 2213 2625 3230
4 584 615 664 2577
4 2979 3047 1789 3207
4 1969 1980 1598 3163
4 1528 1176 1177 3042
4 1265 3157 2525 3238
4 875 964 1363 3177
4 1920 1938 1579 2923
4 896 898 2575 3186
4 2496 2612 2599 2878
4 1074 1402 1411 3120
4 2103 1724 2670 2913
4 2432 3151 2826 3190
4 1571 2059 2057 2952
4 2363 2612 819 2995
4 593 605 1579 2923
4 1306 1443 1447 2730
4 2567 2795 2761 3211
4 1490 2553 2733 3224
4 1949 1900 1950 2883
4 1916 1795 1917 2678
4 2587 2824 2423 2835
4 2791 3105 2576 3156
4 1875 2037 1829 2712
4 2163 2166 1660 2711
4 1892 2635 1893 2642
4 859 2621 1375 2977
4 1688 1705 1706 3190
4 1909 2271 2237 2668
4 899 901 900 2727
4 1162 1395 1464 3068
4 901 903 902 2727
4 770 2756 2655 3070
4 857 2939 859 2977
4 2085 2572 2163 3012
4 1622 2721 1623 3028
4 1186 2496 2962 2995
4 2516 2674 2550 3056
4 2599 2878 2612 2975
4 86 154 39 547
4 82 35 152 546
4 72 140 25 526
4 88 164 41 566
4 92 45 166 567
4 54 106 7 466
4 50 3 104 467
4 1226 1527 2570 3134
4 2594 2646 142 2739
4 2425 2914 2547 2981
4 647 2404 2923 3143
4 2124 2760 1710 3237
4 1823 2900 2477 3142
4 2159 1815 2082 3113
4 1382 715 1380 2805
4 2464 2616 2709 3227
4 652 686 628 3129
4 593 1579 1938 2923
4 928 3018 2645 3167
4 2509 2895 2752 3150
4 678 609 608 3027
4 2539 2471 2940 3218
4 2494 3043 2787 3189
4 1683 1700 2002 2556
4 2827 2841 1113 3219
4 2543 2492 2979 3207
4 1614 2686 1612 2870
4 1838 2867 1839 3121
4 2651 2727 2448 2807
4 2760 2970 2551 3237
4 84 530 3130 3194
4 94 3082 2840 3221
4 717 2570 733 3115
4 775 786 755 2735
4 2121 2593 1930 3065
4 1073 1186 1405 2962
4 1470 1198 1144 3110
4 1004 1003 1002 3224
4 2156 2602 1968 2724
4 2024 1640 2651 2732
4 11 126 2708 3113
4 696 733 2570 3134
4 2413 2760 2551 3237
4 2049 1842 1932 2738
4 2530 2655 50 2883
4 585 1563 604 2895
4 2450 2562 3165 3176
4 2127 1767 2647 2947
4 1690 2608 2132 2758
4 2647 2911 2520 2947
4 1622 2989 2721 3028
4 86 2738 2629 2971
4 2252 2114 1912 2530
4 1798 2121 1930 3065
4 2527 2819 2105 2929
4 2484 2709 2616 3227
4 2406 2737 2530 2763
4 68 130 507 2635
4 1159 517 850 2752
4 2537 3146 2866 3196
4 2454 2605 2722 2809
4 2621 2691 2429 2929
4 2635 2642 1892 3014
4 2697 2806 2651 3223
4 2807 3071 2025 3198
4 2600 3028 1619 3049
4 1248 1150 1489 2778
4 2543 2690 2492 3207
4 2306 2386 2323 2905
4 1644 2654 2010 2731
4 2482 2712 2676 3231
4 723 1491 2592 3062
4 998 2705 2522 3169
4 1476 1193 620 2636
4 62 2631 2619 3214
4 2609 2866 2537 3146
4 2386 2881 2323 2905
4 1156 1418 557 1399
4 2576 3099 2791 3156
4 2024 2654 1642 2732
4 901 2656 924 2727
4 2624 2953 2404 3210
4 2446 2675 2654 2789
4 2052 2751 2055 2881
4 1390 2943 2551 3117
4 2084 2572 2085 3012
4 542 1100 155 1300
4 2732 2803 2676 3041
4 2887 3032 2488 3245
4 1553 2323 2308 2881
4 2406 2530 2737 3138
4 1762 1761 1716 2849
4 2648 3120 2431 3148
4 667 679 621 2657
4 2520 2911 2647 2921
4 2343 1571 389 2299
4 833 2352 349 2325
4 2352 833 349 1327
4 835 2294 353 2347
4 1571 2343 389 2059
4 2294 835 353 1319
4 1816 1741 2045 2580
4 1571 2299 2338 390
4 2050 1571 2338 390
4 1631 1655 2659 2722
4 1608 2857 2793 3225
4 2445 2916 2708 3072
4 1320 2957 2959 3197
4 2892 2986 2537 3026
4 2605 2673 2454 3048
4 2502 2638 2553 3101
4 2543 1050 2931 3119
4 1589 2128 1803 2713
4 1609 2793 2783 3225
4 31 431 29 3002
4 2010 2652 1646 2731
4 60 1318 1498 3069
4 1051 2886 2679 3075
4 2447 2707 2880 3112
4 1763 1765 1764 2584
4 892 3096 935 3180
4 2183 1958 1555 2772
4 2733 2790 2444 3088
4 2422 2942 2554 3246
4 3028 3049 2451 3203
4 1291 2292 2341 343
4 2017 2255 2019 3035
4 2323 1553 2086 2881
4 2571 2802 2773 3206
4 2323 392 1553 2308
4 1194 1477 2588 3157
4 2338 1553 391 2308
4 2050 2338 1553 391
4 2420 2770 2629 3130
4 2141 2559 2150 3089
4 2418 2693 2573 2815
4 880 2777 881 2868
4 2465 2819 2811 3098
4 2180 2527 2941 3111
4 813 1291 2341 343
4 388 2343 2328 2059
4 2059 2328 388 1544
4 2352 2293 1327 348
4 348 2293 1327 808
4 1342 2514 2997 3009
4 345 2330 2291 836
4 1472 802 2604 3184
4 2622 2659 2460 2717
4 2663 2682 2536 2976
4 1872 1841 2042 2770
4 836 2292 344 2330
4 2334 1574 384 2307
4 1202 73 72 1153
4 2292 836 344 1291
4 1866 1865 1867 2699
4 2445 2708 2580 3072
4 2409 2700 2666 3000
4 1574 2334 384 2026
4 88 2911 2647 2947
4 926 2890 921 2969
4 2515 1293 2851 3137
4 2212 2938 2535 3181
4 2086 392 1553 2323
4 1791 1893 1892 2635
4 2334 1574 2307 2674
4 2493 2730 2677 2867
4 1081 2892 2866 3196
4 725 747 740 2874
4 723 2592 728 3062
4 2334 2026 1574 2674
4 764 778 796 2845
4 1386 2655 753 3104
4 1342 2660 811 3009
4 1397 488 1438 1036
4 1070 1416 1213 3166
4 2624 2683 2404 2953
4 2607 2951 1698 3161
4 1422 2667 3026 3240
4 2272 2635 1892 3014
4 2538 2760 2413 3170
4 1923 2525 1993 3142
4 2291 1332 345 836
4 2089 2157 2884 3158
4 2876 2893 2519 2958
4 1181 2976 2544 3141
4 2108 2130 1702 2628
4 2144 1812 2039 2963
4 717 733 730 3115
4 1542 1926 2244 2689
4 2337 394 2074 2306
4 1150 1489 2778 3160
4 1790 2826 2558 3132
4 1914 2544 2094 2663
4 2167 1805 2104 2913
4 2494 2880 2707 3112
4 1425 2545 1433 3205
4 1441 2718 2546 3177
4 1088 1087 2586 2850
4 2295 807 356 2327
4 2327 807 355 2288
4 1312 355 807 2288
4 1684 1702 1686 2611
4 1192 2887 2523 3239
4 395 1546 2304 2337
4 2103 2913 2670 3227
4 2425 2585 2557 3038
4 2454 2722 2659 2809
4 2182 2747 2537 2908
4 2306 2074 2337 2905
4 425 20 21 2635
4 1358 2545 1425 3187
4 2479 2852 3106 3110
4 66 497 951 2846
4 1693 2024 2651 2732
4 1387 2590 936 2932
4 1596 2532 2951 3163
4 2510 3005 2563 3007
4 2266 2973 2917 3124
4 2449 2697 2575 2806
4 1477 3157 1265 3238
4 1018 471 1498 2985
4 1444 1441 2546 3177
4 575 662 624 2993
4 2657 2888 2471 3159
4 2499 2893 2876 2958
4 2522 3056 2550 3109
4 2528 2950 1523 3090
4 2534 2872 2583 3022
4 2255 2017 2974 3035
4 2513 3018 2715 3183
4 393 2086 2074 2306
4 2599 2828 2496 2999
4 2482 2850 2712 3231
4 1695 2884 2160 3011
4 2306 393 2086 2323
4 1614 1612 2100 2870
4 2441 2710 2705 2848
4 1596 1698 2951 3161
4 1671 2010 2654 2731
4 2349 2293 347 1331
4 1331 2293 347 808
4 1018 1049 1020 2985
4 2575 2697 2470 2806
4 2487 2818 3057 3204
4 2024 1671 2654 2732
4 342 2331 2341 1273
4 382 2335 2290 2016
4 386 2309 2348 2064
4 1332 2349 2291 346
4 386 2063 2309 2064
4 1332 1331 2349 346
4 2335 382 1549 2016
4 2341 813 342 1273
4 1912 2252 2530 2883
4 947 2911 931 2921
4 1000 2705 998 3169
4 2668 2714 2410 2901
4 1867 1990 1869 2968
4 1204 141 521 1038
4 2051 2056 2658 2726
4 1088 2850 2586 3007
4 1444 2546 1352 3191
4 1501 819 2612 2995
4 1622 2719 2202 2989
4 2596 2431 3120 3148
4 2059 1544 2060 2952
4 901 899 2656 2727
4 1546 394 2074 2337
4 2536 2655 2606 3103
4 1691 2652 2010 2731
4 1516 838 3103 3104
4 1780 1894 1806 2835
4 2455 2832 2729 3042
4 2018 2027 2674 3056
4 2074 1546 2337 2905
4 1393 1219 2797 3058
4 2528 2860 2853 2974
4 2552 2982 687 3016
4 1844 2201 1932 2738
4 1409 1407 1216 2744
4 2011 2132 2154 3244
4 1253 1252 2728 2924
4 2610 2811 2527 3111
4 955 1268 939 2585
4 1916 1917 1931 3116
4 1610 1673 1612 2870
4 2538 2692 2417 3051
4 1928 1897 3047 3207
4 947 946 931 2911
4 1790 3132 2558 3235
4 2439 2771 2762 3043
4 2416 2533 2729 3102
4 932 1455 2676 3041
4 1777 2628 2130 2873
4 1831 1829 2037 2712
4 1018 1498 1049 2985
4 896 2575 933 3139
4 1127 3003 2640 3039
4 2341 2292 1291 2945
4 2818 2820 2487 3057
4 1738 3023 1737 3053
4 2425 2890 2547 2914
4 1291 813 2341 2945
4 1832 1834 1925 3005
4 1600 1666 1969 2716
4 2688 2804 2430 3093
4 1380 802 2805 3184
4 1799 2898 2603 3237
4 2361 1497 819 2612
4 2024 1693 2207 2732
4 1605 1607 2569 3195
4 878 876 877 2597
4 1912 1900 2883 3138
4 1686 6 2097 2694
4 2032 3078 2615 3093
4 1567 682 2046 3037
4 2095 2979 1789 3207
4 1900 2753 2560 3170
4 1404 1389 1173 2791
4 1185 2962 2531 3226
4 2692 2694 2538 3145
4 1356 1101 1195 3009
4 2511 2768 2543 2931
4 787 774 788 3243
4 1578 2219 2540 3000
4 2 1949 1950 2883
4 2135 2106 1717 2596
4 2610 2811 2465 2819
4 1722 1725 1726 2925
4 2198 1697 2196 3045
4 1708 2601 2826 3233
4 2483 2821 2769 3185
4 1381 1139 2940 3218
4 2256 2242 1911 3245
4 2648 2691 2429 3025
4 1393 2882 2552 3016
4 873 874 872 2598
4 2675 2581 3071 3229
4 1051 1065 2886 3075
4 2204 3131 2211 3181
4 1271 2773 1244 3206
4 2234 2121 1908 2593
4 2590 2869 2453 3015
4 1883 2603 1799 2898
4 1417 3192 2782 3213
4 48 454 110 3141
4 815 1471 2885 3094
4 894 896 1436 3139
4 2769 2821 2469 3185
4 1485 502 498 1035
4 1833 1877 2088 2746
4 2463 2654 3041 3236
4 2654 2789 2675 3229
4 1536 1232 2856 3062
4 2127 1767 1765 2647
4 2448 2727 2651 2803
4 2 1797 1949 2883
4 929 945 2715 3018
4 433 1589 30 2617
4 25 146 2607 2633
4 2195 1691 2010 2731
4 2044 2677 2211 3131
4 675 2591 2997 3033
4 1739 3012 2580 3053
4 1357 936 1387 2590
4 1565 1993 3129 3179
4 2010 1671 2197 2731
4 1226 2570 1457 3044
4 1578 2219 1942 2540
4 2571 2802 2191 3199
4 1393 1219 1218 2797
4 642 674 2660 2997
4 1861 2988 1862 3057
4 1668 2003 2181 3004
4 431 2646 29 3002
4 1007 2843 1009 3072
4 1625 2093 2721 3011
4 1451 2723 1348 3172
4 2538 2858 2759 3145
4 2372 2302 2885 3094
4 1620 1618 1672 2719
4 2569 2431 2781 3208
4 2590 2798 2466 3045
4 1860 3057 2047 3100
4 143 511 510 2739
4 2239 2077 2637 2822
4 2631 3113 1815 3158
4 1719 2748 1806 2966
4 1912 1900 1949 2883
4 1482 1043 1522 2853
4 2231 1785 8 2658
4 2504 3152 3033 3175
4 987 2834 2554 3228
4 2612 2828 2599 3086
4 2055 2086 2881 2905
4 1919 445 1796 2620
4 1792 2915 2142 3010
4 1620 1619 1618 2600
4 2846 2890 940 3193
4 1450 2994 1350 3077
4 2396 2578 2344 2987
4 1348 1347 1448 2907
4 1260 2302 815 2885
4 2659 2717 2622 3054
4 2543 2822 2956 2964
4 2055 2074 2086 2905
4 1694 2702 2194 2926
4 2222 2550 3056 3109
4 2494 2782 3010 3213
4 2433 2545 2784 3187
4 2610 2968 2467 3111
4 2131 1886 2633 2946
4 951 1269 968 2992
4 94 2624 2840 3082
4 2485 2946 2541 3020
4 1233 1235 1538 2592
4 257 641 606 1957
4 2517 2875 1399 3149
4 1570 2078 2079 2964
4 1760 1800 2898 3170
4 1182 2950 1537 3094
4 2454 2816 2809 3180
4 1671 2024 2203 2732
4 2272 2117 1577 3014
4 1211 49 449 3103
4 2759 2858 969 3145
4 2950 3029 2422 3230
4 841 724 1521 2683
4 858 2939 76 3076
4 2553 2638 2480 3101
4 1763 1762 2584 2904
4 884 1361 934 3064
4 2411 2745 2585 3147
4 2135 2596 1717 2861
4 2493 2746 2841 3219
4 729 2805 732 2933
4 2332 1260 1257 2885
4 831 2987 1189 3123
4 792 2927 2541 3020
4 578 1547 650 3037
4 1492 1046 2638 3182
4 2018 3056 2674 3209
4 2616 2842 2464 2961
4 2510 2563 2906 3007
4 2776 3085 2542 3155
4 2157 2159 2884 3158
4 2424 2645 2716 2794
4 2483 2769 2996 3063
4 58 2708 2916 3072
4 2570 3014 2526 3134
4 864 863 865 3025
4 1837 2867 1838 3040
4 2541 2485 2701 2946
4 1862 1861 1863 2988
4 889 2622 890 2792
4 2193 2015 2571 3199
4 11 10 421 3113
4 46 2623 47 3082
4 578 2583 1547 3037
4 528 152 529 2804
4 2483 2996 2891 3063
4 1382 715 2805 3115
4 641 257 1955 1957
4 2568 3010 2435 3213
4 2544 2976 1360 3126
4 2313 2396 2344 2987
4 1769 2226 2030 3085
4 2663 2682 2405 3008
4 1236 2604 1238 3019
4 599 661 2808 3175
4 1194 2949 2588 3238
4 2145 2880 2142 2915
4 2406 2763 2530 2894
4 90 174 557 2875
4 2260 3108 2627 3136
4 2185 1990 2610 3111
4 1295 1296 2978 3137
4 2189 1552 2919 3230
4 848 850 849 2882
4 2554 2942 987 3122
4 1036 1158 64 2828
4 1850 3063 2653 3078
4 1677 2902 2557 3201
4 2006 2007 1907 2888
4 666 2591 675 3033
4 1865 2823 1991 2968
4 2088 1835 1833 2746
4 925 914 915 3156
4 2131 1884 1886 2946
4 667 2657 681 3159
4 2411 2796 2745 3147
4 2144 2567 2795 2963
4 2670 2913 1724 3233
4 1698 2131 1971 2607
4 2451 2565 3203 3212
4 1371 3208 1411 3242
4 1748 2619 1750 2630
4 2491 2790 2733 3088
4 2106 2749 1813 2775
4 2569 2650 2434 2757
4 2342 2367 2286 2625
4 1803 1958 2168 2713
4 2688 2430 2804 3091
4 1287 2877 2664 3236
4 2421 2645 2691 3025
4 2562 2768 2450 2931
4 1870 1904 2852 2967
4 1638 2806 2038 3223
4 1393 2552 2882 3058
4 2621 2691 2424 3025
4 2038 2806 2211 3223
4 675 2591 666 3175
4 284 708 718 1577
4 2695 2925 2433 3122
4 2092 1814 2784 3200
4 2241 1887 1929 2599
4 987 2944 2554 3122
4 2406 2894 2530 3138
4 68 507 21 2635
4 1161 2824 1537 2950
4 62 127 2631 2741
4 1178 3110 2561 3127
4 2404 2683 2624 2840
4 1752 1751 1753 2768
4 2716 2794 2645 3167
4 1484 1044 1276 2618
4 2229 2230 2864 3101
4 1885 1944 1940 3020
4 2621 2939 2564 2977
4 2670 3166 2456 3233
4 1782 1730 2223 3109
4 865 863 1378 2648
4 594 664 671 2831
4 929 2715 1388 3018
4 142 29 527 2646
4 2531 3024 2887 3132
4 1354 1208 1172 2838
4 1677 2914 1665 3201
4 2478 2699 2640 2968
4 2001 1836 1838 3040
4 840 1242 2700 3087
4 1704 1690 18 2902
4 1519 749 840 2700
4 2476 2664 2712 2850
4 2451 2723 2600 2868
4 1171 1172 2838 3079
4 866 868 1374 2754
4 1719 1806 2108 2966
4 2101 2613 1567 3037
4 1262 2782 3112 3213
4 2410 2934 2901 3144
4 652 3129 628 3179
4 2201 2582 2071 2839
4 1075 991 1369 2859
4 2749 3187 2685 3242
4 2392 2317 2360 2632
4 2024 1671 1642 2654
4 1409 2739 950 3154
4 2880 2915 2568 3010
4 862 2645 919 3025
4 1693 2024 1640 2651
4 2411 2585 2745 2758
4 114 3145 455 3216
4 2571 3045 2725 3073
4 532 1423 533 3096
4 2002 1699 1683 2902
4 905 1285 907 2707
4 1704 2132 1690 2608
4 2047 1860 1936 3057
4 5 2628 4 2873
4 2677 2730 2470 3131
4 2666 2700 2409 2752
4 2302 815 2885 3094
4 928 2645 1245 3167
4 955 1270 1268 2585
4 862 919 863 3025
4 870 1372 937 2661
4 698 1521 724 2683
4 1701 2760 2538 3170
4 136 979 967 1032
4 942 1392 2649 3192
4 1551 624 2214 2993
4 2531 3032 2742 3132
4 709 711 1520 2714
4 2676 2732 2462 2803
4 2414 2584 2679 2849
4 1920 1579 1922 2923
4 2095 2543 2979 3207
4 2410 2714 2668 2998
4 142 527 76 2646
4 2545 2433 2749 3187
4 2112 1678 2914 3201
4 1393 851 1068 3058
4 1255 1512 1513 2876
4 858 857 76 2939
4 2190 2185 1990 2610
4 1669 2204 2211 3181
4 939 2585 1268 3193
4 928 862 1245 2645
4 582 642 198 1339
4 2457 2537 2747 3026
4 1639 1638 1640 2651
4 147 76 2951 3076
4 662 624 2993 3116
4 1466 804 621 2657
4 2447 2707 2675 2937
4 2492 2690 2543 3119
4 1644 1671 2010 2654
4 2362 2396 2289 3046
4 670 2634 2831 3080
4 395 1546 2078 2304
4 356 1333 807 2295
4 992 2859 1070 3166
4 867 2754 865 3208
4 762 792 771 2927
4 2205 2206 1670 2687
4 1750 1748 1749 2619
4 936 2932 2590 3073
4 2419 2647 2584 3097
4 2413 2759 2551 2760
4 1424 2761 924 3211
4 2010 1691 1646 2652
4 2573 2416 2815 3075
4 1369 991 956 2649
4 74 2752 2666 3150
4 841 1231 1232 2683
4 1369 942 1392 2649
4 2712 2850 2664 3231
4 697 1380 271 715
4 1098 1304 1096 3130
4 954 944 2692 3183
4 1369 2649 1392 3192
4 987 2554 2944 3228
4 900 901 902 2727
4 1994 2900 2512 2965
4 901 899 924 2656
4 2554 2834 2748 3228
4 894 1436 2816 3139
4 54 2694 2611 3183
4 1883 1884 1802 2603
4 2370 2860 2305 3090
4 1677 2758 2005 3038
4 2562 3066 2492 3119
4 782 2734 786 2735
4 891 889 1353 2622
4 2588 2900 2525 3238
4 890 892 935 3180
4 711 839 1520 2714
4 2088 2677 1879 2746
4 328 1576 757 780
4 2012 2142 2880 3010
4 653 685 575 3179
4 577 812 204 636
4 2676 3041 1455 3231
4 2103 2670 1788 3227
4 2685 2749 2433 3187
4 432 29 28 2951
4 571 254 629 2007
4 2582 2829 2501 2839
4 2551 2759 2417 2760
4 4 2627 5 2873
4 470 471 119 2985
4 2449 2727 2651 3034
4 961 1351 1432 2605
4 2481 2719 2565 2989
4 2084 2085 2163 3012
4 2065 3052 2136 3159
4 1414 3099 2667 3240
4 1919 445 2620 3082
4 2366 2324 2958 3144
4 2474 2825 2790 2948
4 2405 3126 2544 3241
4 1487 1295 2978 3137
4 241 2048 598 626
4 2615 2430 2804 3093
4 992 991 1070 2859
4 1468 1178 2561 3127
4 630 239 588 3092
4 2745 3151 2432 3190
4 954 944 1250 2692
4 2557 2758 66 2902
4 2252 2756 2530 2883
4 2429 2754 2819 3195
4 2571 3050 3045 3073
4 1887 1772 3065 3244
4 1655 2157 2089 3158
4 1665 1664 1659 2914
4 2831 2891 2080 3027
4 1270 2585 955 3147
4 1984 2260 2627 3136
4 2452 2761 2963 2990
4 1421 2761 1076 2990
4 2353 2755 2358 3126
4 1615 2698 2788 3168
4 804 592 621 2657
4 945 952 2743 3183
4 776 749 1519 2700
4 1846 2201 1844 2582
4 2404 2953 2683 3210
4 1092 2827 1091 2984
4 2540 2836 2643 3087
4 675 666 617 3175
4 2773 2823 2468 3199
4 713 723 728 3062
4 789 748 783 2894
4 2464 2913 2589 3089
4 1698 2131 2607 3161
4 2545 3187 2749 3242
4 732 2933 2805 3128
4 2012 1903 2142 3010
4 608 609 247 2068
4 2363 819 1518 2995
4 1458 1435 832 2577
4 792 3020 2541 3243
4 2634 2653 2501 3055
4 2719 2989 1622 3028
4 2467 2967 2740 3111
4 2237 2232 1933 2934
4 104 3 50 2606
4 58 2580 2708 3072
4 1251 1253 2728 2924
4 1526 802 1472 3184
4 2470 2697 2677 2806
4 1299 1076 1421 2761
4 2762 2475 2782 3043
4 673 576 613 2660
4 674 613 642 2660
4 630 675 617 2591
4 1343 3118 1344 3217
4 1690 2758 1677 2902
4 642 613 199 1338
4 2495 2925 2695 3122
4 1472 2604 1237 2896
4 1490 1046 1006 2733
4 2629 2738 1843 2971
4 2465 2819 2754 3195
4 1950 1949 2 1797
4 2647 2911 88 2921
4 2530 2763 2737 3070
4 2429 2691 2621 3025
4 2572 2451 2711 3172
4 615 206 1435 584
4 2542 2848 1487 3169
4 1739 2580 1741 3053
4 1585 604 259 1563
4 12 420 13 2751
4 2537 2986 2747 3026
4 2472 2823 2773 3199
4 2141 2150 2023 3089
4 2525 3133 1265 3238
4 1138 1409 1137 2744
4 2428 2724 2602 2728
4 2088 2210 2677 2746
4 1117 1119 1118 2595
4 2395 2612 2363 2995
4 2412 2646 2739 3154
4 2418 2846 2557 2890
4 788 762 2643 3243
4 1715 1761 2680 2849
4 2575 2938 2806 3181
4 1911 1787 3032 3245
4 610 832 207 584
4 2376 2381 2851 3060
4 788 792 762 3243
4 636 1365 203 583
4 653 1551 1988 3179
4 2521 2964 2079 3207
4 936 2590 1357 3073
4 450 952 55 3183
4 2513 2611 2694 3183
4 2622 2659 2408 2809
4 2531 2887 1506 3067
4 2567 2459 2795 3211
4 702 716 286 2897
4 2693 2815 2416 3075
4 127 11 15 3113
4 915 921 1251 3164
4 1959 1788 1956 3227
4 882 880 881 2868
4 1826 2609 1825 3146
4 1023 2562 1022 3119
4 2392 1439 842 3126
4 157 1132 539 1300
4 1661 3034 2795 3234
4 2395 2878 2612 2995
4 2489 2681 2605 3048
4 2538 2753 2129 3170
4 1898 1897 1804 3047
4 2677 2746 2462 2841
4 2738 2980 86 3009
4 1680 1684 1686 2694
4 84 3130 2672 3194
4 2304 2078 396 2321
4 2539 2740 2940 2967
4 2209 1872 2043 2770
4 1370 2685 1402 3120
4 1799 2603 1883 3237
4 1048 1014 1495 478
4 2474 2790 2825 3088
4 528 529 1112 2804
4 786 789 755 2763
4 682 600 654 2613
4 2005 2758 2745 3038
4 1724 2913 1805 3233
4 968 2693 2846 2992
4 935 2792 890 3096
4 425 1791 20 2635
4 1700 2556 1683 3201
4 621 214 1466 586
4 2887 3024 2488 3132
4 1543 611 242 598
4 2516 2618 2853 3035
4 2161 2574 2164 3174
4 201 576 640 1341
4 56 122 2658 2909
4 1981 2097 2129 2753
4 1870 1904 1905 2852
4 1492 1046 1330 2638
4 2407 2625 2950 3230
4 1808 1790 2558 3235
4 2575 2806 2470 3181
4 2475 2771 2762 2912
4 989 3122 993 3187
4 2254 1967 1966 3000
4 1287 2664 3026 3196
4 1761 1801 1970 3095
4 1415 2800 1107 3059
4 2439 3004 2667 3240
4 1359 885 2662 2863
4 1619 2600 1620 3028
4 1736 2790 1737 3023
4 2194 1632 2926 2938
4 2585 2758 2411 3030
4 877 2597 876 2903
4 2648 2691 2421 3148
4 625 595 244 1554
4 1106 529 82 2800
4 766 751 838 2682
4 980 1053 1069 3162
4 962 1359 1445 2720
4 604 585 259 1563
4 1305 3130 1111 3194
4 613 576 200 811
4 873 874 2598 2903
4 1954 2666 1888 3150
4 2738 2971 86 2980
4 1342 2997 2660 3009
4 2573 2602 2419 2924
4 2754 2781 2569 3195
4 2572 2711 2163 3012
4 2450 2681 2567 2766
4 31 78 2713 3002
4 46 443 47 2623
4 2183 2168 1958 3106
4 5 413 4 2628
4 2469 2769 2688 3091
4 2773 2823 2472 3003
4 1270 1268 2585 3030
4 171 92 45 2904
4 1236 1237 2896 3162
4 2538 2413 2858 3170
4 2567 2681 2459 2766
4 578 608 248 1547
4 175 2620 3082 3221
4 3045 3050 2466 3073
4 1442 1353 962 2720
4 1547 2583 1936 3037
4 39 86 163 2738
4 1457 70 71 490
4 2534 2487 2855 3100
4 2462 2841 2746 3219
4 16 2593 2121 3065
4 2796 2999 2411 3190
4 679 586 2561 3127
4 2549 3113 2631 3158
4 76 77 857 858
4 849 3016 826 3031
4 2376 2851 2674 3060
4 2452 2842 2774 3089
4 2421 2861 2596 3148
4 2440 2870 2686 3168
4 2522 3109 2550 3169
4 1902 2171 2127 2647
4 667 571 2888 3159
4 832 1435 206 584
4 1468 1466 214 586
4 2110 2644 1896 3246
4 2816 3096 892 3180
4 2467 2940 2740 2967
4 162 535 537 2829
4 697 272 1380 721
4 457 114 455 3216
4 999 998 1000 2705
4 2044 1879 2211 2677
4 1195 1342 811 3009
4 2852 3110 2561 3218
4 2576 2912 2428 3105
4 48 1212 2976 3103
4 953 945 952 2743
4 1729 1728 1727 2785
4 1459 832 207 610
4 2517 2799 2620 2875
4 724 736 2683 3062
4 883 881 1451 2868
4 2109 2180 2929 2941
4 2670 2913 2709 3227
4 2497 2872 2583 3057
4 60 2555 2751 2959
4 2071 1846 1848 2582
4 675 617 2591 3175
4 66 2758 2557 3193
4 1441 2546 2718 2955
4 2557 2846 2556 2902
4 151 2617 31 2713
4 537 535 1103 2829
4 1512 69 1224 1511
4 2396 2578 2987 3046
4 1402 2685 1411 3120
4 2006 629 254 2007
4 2068 2047 1547 2583
4 2103 1724 1788 2670
4 1501 1518 819 2995
4 28 2646 1593 2951
4 2171 2174 1910 3105
4 1351 2605 961 2910
4 2414 2680 2896 3095
4 2185 2105 2180 3111
4 1048 119 1016 481
4 2492 2842 2616 2961
4 997 996 998 2705
4 1017 63 62 1308
4 2322 2387 2987 3123
4 1983 1985 2919 3136
4 1183 2875 555 3221
4 831 1189 1334 3123
4 2433 2749 2685 2775
4 1890 3132 1790 3235
4 2513 2743 2611 3183
4 2790 2825 2491 2948
4 1487 3137 2542 3169
4 90 164 43 2614
4 1559 286 716 2897
4 2520 2728 2724 3156
4 2683 2953 726 3210
4 2571 2466 3045 3050
4 2194 2212 1632 2938
4 592 1336 212 619
4 804 1336 212 592
4 2551 1390 3117 3167
4 2405 2663 2544 2976
4 2434 2641 2545 3205
4 1755 1812 3083 3176
4 1505 1504 816 2578
4 762 823 1532 2643
4 2468 2823 2773 3003
4 2619 2814 2450 2985
4 1758 1804 1789 3047
4 2105 2109 2180 2929
4 1446 2626 1307 3072
4 2455 2533 2832 3042
4 1226 1527 822 2570
4 2584 2647 2419 3135
4 926 927 921 2890
4 2816 3139 1436 3194
4 2643 2836 2540 3243
4 2159 2089 2157 2884
4 1782 2222 3056 3109
4 2175 1682 2123 2594
4 2591 3033 666 3175
4 2627 2873 2506 2889
4 1935 2068 1569 3027
4 911 913 912 2771
4 671 664 615 2577
4 1466 804 213 621
4 2493 2746 2677 2841
4 1156 555 1183 2875
4 17 16 424 2608
4 1456 2827 1113 3219
4 1237 1238 1236 2604
4 2418 2547 2890 2914
4 825 1257 1258 2632
4 637 1999 236 599
4 2670 3227 2484 3245
4 622 1997 234 597
4 1480 1163 1523 2950
4 2477 2908 2537 2986
4 2003 1668 1650 3004
4 77 858 76 3076
4 2573 2815 2693 3075
4 2675 3071 2025 3229
4 2769 2821 2483 2996
4 2452 2963 2567 3083
4 571 614 253 1541
4 1452 1301 1302 3219
4 1873 2688 2022 2769
4 1738 1740 1784 3053
4 2601 2859 2703 3166
4 2679 2886 2849 3075
4 623 1550 233 622
4 2604 3019 2498 3124
4 2745 2796 2411 3190
4 2705 2710 2441 2786
4 2193 2571 2191 3199
4 951 66 2846 3193
4 1178 1469 3110 3127
4 2615 3078 2430 3093
4 92 171 552 3162
4 896 2575 2910 3186
4 2439 2652 3004 3240
4 822 2570 717 3115
4 139 19 23 2736
4 2575 2449 2806 3234
4 2680 2973 2896 3095
4 2535 2816 2454 2926
4 1707 2601 1723 2915
4 47 45 166 2623
4 2501 2839 2829 3013
4 39 154 86 2629
4 2745 2411 2999 3190
4 1044 1486 998 3169
4 2469 2821 2769 3091
4 1587 2128 1589 2617
4 1887 3065 2599 3244
4 848 849 826 3031
4 1514 1188 1497 2958
4 617 2215 238 630
4 2422 2644 2942 3246
4 534 1419 532 3107
4 2523 3032 2887 3245
4 829 2860 1277 3090
4 2794 3117 1390 3167
4 2761 2795 2567 2963
4 2413 2943 2603 3237
4 126 2708 2549 2916
4 2412 2646 2594 2739
4 1057 1056 983 2833
4 2232 1564 1933 2934
4 2677 2806 2697 3223
4 553 169 552 2862
4 2750 2833 2427 3220
4 498 979 1485 1035
4 839 1225 1223 2714
4 592 213 804 621
4 1525 1181 1439 3141
4 2481 2935 2565 3064
4 1843 38 1844 2738
4 2479 2713 2594 3106
4 2208 1694 2091 2579
4 2010 2197 2195 2731
4 2246 3001 2362 3046
4 2621 2941 2527 2977
4 2458 2661 2650 2857
4 1124 1125 2773 3003
4 2454 2673 2605 2910
4 1338 198 642 1339
4 1447 2697 1303 2841
4 2581 2448 2807 3229
4 1580 2094 1914 2544
4 2544 2663 48 2976
4 736 713 712 2953
4 2597 2436 2686 2903
4 159 2702 2579 3096
4 10 2708 1745 3113
4 2433 2554 2775 2944
4 2135 1717 2122 2861
4 650 1547 2046 3037
4 2444 3023 2733 3053
4 2229 1784 2230 3101
4 1425 3187 2545 3242
4 1960 1898 2865 3046
4 815 1537 1471 3094
4 50 2606 3 2883
4 1796 445 42 2620
4 1202 1204 1203 3087
4 592 681 667 2657
4 1124 1125 1123 2773
4 2366 2365 2324 3144
4 2776 2978 2515 3155
4 2088 2210 1879 2677
4 2458 2802 2571 3206
4 1777 4 2628 2873
4 1127 1126 2640 3003
4 2048 1543 241 598
4 869 2754 867 3208
4 2840 3082 2529 3221
4 2572 2711 2451 3049
4 2446 2787 2652 3189
4 142 78 31 3002
4 2450 2766 2567 3165
4 2601 2456 2859 3166
4 946 2911 973 3220
4 1303 2697 1452 2841
4 889 890 888 2792
4 2429 2781 2754 3195
4 2493 2827 2746 3219
4 1057 1056 2833 2986
4 2597 2903 2440 2932
4 2627 3108 2632 3136
4 2603 2946 2415 3160
4 2789 906 3041 3236
4 2558 2962 2531 3024
4 2238 2239 2077 2637
4 1428 1131 2850 3231
4 943 928 958 3167
4 69 68 1224 1225
4 2161 3017 2574 3174
4 2482 2676 2746 3219
4 2571 2773 2802 3199
4 2002 1714 1974 2736
4 2514 2980 2738 3009
4 2158 2641 2783 3017
4 2459 2605 2673 2910
4 1241 844 2845 3232
4 2446 2652 2937 3189
4 840 1481 1242 3087
4 2557 2890 2425 2914
4 14 2631 15 3113
4 2572 2711 2626 3172
4 2774 2842 2464 3089
4 812 204 1335 577
4 2080 594 2831 3027
4 2229 2864 2952 3101
4 2459 2673 2605 3048
4 1541 253 571 2007
4 2645 3018 2417 3167
4 2406 2737 2898 3138
4 2509 2617 2552 2982
4 2214 2993 624 3116
4 2464 2842 2774 3066
4 2454 2535 2926 2938
4 2252 1951 2756 2883
4 2229 2864 2057 2952
4 2437 2833 2750 3220
4 2338 2308 2380 2726
4 54 2692 2694 3183
4 2622 2717 2503 3054
4 1505 1504 2578 2987
4 1567 1937 2065 2613
4 2440 2869 2590 3045
4 1439 825 1525 2632
4 1895 2276 2189 2835
4 2203 2037 2712 2928
4 579 618 191 837
4 2332 1257 337 2301
4 2282 377 1983 2346
4 1308 63 62 476
4 1797 2 412 2606
4 2439 2576 2912 3099
4 1668 2177 2174 3105
4 2072 244 595 1554
4 1963 2917 2706 3153
4 1181 842 1439 3126
4 1456 1428 2827 3219
4 2539 2940 2471 2967
4 2250 2236 1930 2893
4 1637 3034 1661 3234
4 2476 2712 2664 2830
4 2483 2534 2855 3202
4 2558 3024 2531 3132
4 2467 2640 2699 2968
4 2461 2963 2761 2990
4 986 1373 1071 2834
4 1743 1741 1816 2708
4 951 66 67 497
4 921 2969 2547 3164
4 2492 3047 2979 3207
4 2070 611 242 1543
4 1200 2943 1390 3117
4 884 2868 2565 3064
4 2019 3035 2221 3056
4 910 912 1414 3240
4 2456 2709 2670 2913
4 2190 2610 1990 2968
4 939 940 2890 3193
4 1577 284 708 2117
4 2542 2978 2776 3155
4 2013 1662 2012 2880
4 1824 1825 1826 2609
4 2439 2912 2576 3004
4 973 2833 1389 3220
4 2006 1907 2183 2772
4 1176 1382 2805 3115
4 1545 2362 2289 3046
4 2129 2753 1900 3170
4 2232 2314 1564 2934
4 430 26 27 2665
4 1171 1167 1172 3079
4 2564 2941 2621 2977
4 2619 2630 118 2985
4 1173 1080 1422 3026
4 2457 3026 2667 3240
4 1958 1803 2128 2713
4 2776 2812 2515 2978
4 2439 2912 2771 3099
4 2539 2471 2852 2967
4 1730 1731 1732 2710
4 1451 1348 1448 3172
4 2568 2880 2494 3112
4 2499 2901 2876 3171
4 157 538 539 1132
4 1348 2723 1426 3077
4 2149 2681 2041 3048
4 1928 1899 1897 3207
4 2170 2680 1880 2973
4 2273 791 1944 3020
4 2558 2826 1790 3190
4 2605 2681 2489 3222
4 2486 2604 2896 2973
4 1179 2737 1180 2763
4 82 2653 2800 3078
4 1660 2166 1621 3203
4 2082 2708 2549 3113
4 1999 1548 236 599
4 2078 1546 2076 2964
4 2468 2802 2773 3199
4 2111 2826 1790 3132
4 1808 2558 2999 3235
4 147 2607 2780 3076
4 2534 2577 3027 3202
4 1249 2794 2939 3076
4 1065 1147 1146 2886
4 2670 2709 2484 3227
4 765 1584 330 758
4 795 846 314 751
4 2392 842 2284 3126
4 66 3030 2758 3193
4 761 787 777 3000
4 150 74 27 3150
4 1160 1073 1052 3024
4 2684 2987 2387 3123
4 49 1212 48 3103
4 1317 2957 2555 2959
4 726 2683 736 2953
4 2705 2848 2710 3169
4 2576 2667 2437 2791
4 2594 2713 78 3002
4 2514 2971 2738 2980
4 2476 2586 2850 2930
4 1431 2816 1436 3194
4 1330 1328 1492 2638
4 1723 1805 2915 3233
4 76 527 29 2646
4 2943 2970 2603 3237
4 2774 2842 2452 3066
4 2433 2775 2554 2925
4 630 2073 239 3092
4 2068 609 247 1569
4 1286 2877 1287 3236
4 811 2660 1342 2997
4 2477 2537 2892 2986
4 1859 2021 1874 2820
4 2588 2949 2900 3238
4 2413 2898 2560 3170
4 2082 1745 2708 3113
4 1083 2866 1081 2892
4 935 1355 2792 3096
4 2891 2996 2500 3063
4 2592 2706 2498 2917
4 2078 1570 396 2321
4 1292 2851 1293 3137
4 2463 2732 2676 3041
4 2484 2709 2670 2838
4 1593 2646 1595 2951
4 2898 3138 2560 3170
4 2246 2362 1545 3046
4 785 2682 766 3104
4 1754 2095 1786 2979
4 1427 3026 1081 3196
4 2489 2605 2722 3048
4 1469 818 2797 3127
4 1769 2030 2225 3085
4 598 672 626 2839
4 2024 2732 2207 2928
4 1861 1874 2015 2820
4 1455 3231 3041 3236
4 972 973 946 2911
4 2193 2870 2571 3045
4 951 67 66 3193
4 618 581 192 837
4 2529 3082 2620 3221
4 1287 3026 1427 3196
4 513 512 966 3076
4 2491 2825 2790 3088
4 2024 2203 2732 2928
4 1435 615 2577 3080
4 2208 36 2209 2702
4 1325 2765 833 3215
4 1631 2659 1630 2926
4 2231 2053 2051 2658
4 203 812 1365 636
4 841 724 2683 3062
4 1877 2712 2037 2928
4 494 1391 492 2876
4 1142 3112 2568 3213
4 2376 2330 2292 2851
4 1647 2937 1646 3189
4 2515 2851 2550 3137
4 2293 2385 2352 2765
4 1884 2603 1883 2946
4 1355 532 1419 3107
4 2492 2842 3066 3083
4 2225 3109 2542 3155
4 1968 1901 2112 2602
4 2158 2641 2099 2783
4 1417 1369 1392 3192
4 1991 1865 1871 2823
4 1566 381 2342 2290
4 2305 341 829 2331
4 594 625 245 2831
4 1250 2692 969 3145
4 127 126 11 3113
4 2719 2868 2565 3028
4 28 1593 1594 2951
4 2005 2132 2011 2758
4 2024 2207 2203 2928
4 671 2577 615 3080
4 493 68 135 3171
4 2478 2844 2920 2988
4 1160 2962 1073 3024
4 1705 1688 1687 2745
4 2264 752 774 3243
4 74 517 1159 2752
4 1146 1147 1174 2729
4 2331 341 829 1273
4 1566 381 2290 2016
4 2416 2849 2886 3075
4 766 2682 838 3104
4 7 54 115 2694
4 2478 2810 2548 2920
4 1634 2673 1633 2938
4 2552 2713 2479 2854
4 2184 2188 2802 2857
4 1219 1469 818 2797
4 17 19 128 2608
4 549 90 91 2879
4 775 1534 750 2735
4 155 87 1100 542
4 637 235 1573 597
4 1129 1215 1263 3039
4 1215 2811 1263 3039
4 1362 1050 2690 3119
4 850 517 515 2882
4 2441 2994 2825 3191
4 640 834 201 1341
4 2036 1692 2143 3198
4 2442 2723 2600 3049
4 2360 2393 2301 2632
4 2415 2946 2603 2970
4 1256 3050 2773 3206
4 1107 1415 1109 2800
4 1174 1175 1176 2729
4 2823 2844 2472 3003
4 1253 1252 1251 2728
4 2376 2851 2292 2945
4 2066 2326 2310 2742
4 2721 3011 2093 3203
4 2541 2701 2485 2927
4 2554 2426 2775 2944
4 2389 2878 2395 2995
4 2187 2830 1875 3146
4 2546 2718 2641 3017
4 1191 1505 816 2578
4 2325 2765 2384 3215
4 702 286 2118 2897
4 926 1392 942 2969
4 2552 2617 2509 2882
4 2486 2896 2680 2973
4 2565 2868 2719 3064
4 426 17 2593 3065
4 2674 3056 2516 3209
4 2574 2474 2994 3077
4 2762 2771 2439 2912
4 588 2660 674 3092
4 14 1747 2631 3113
4 2481 2565 2719 3064
4 2750 2791 2520 3105
4 1103 1196 1105 2829
4 76 2564 2646 2951
4 1425 2545 3205 3242
4 1828 1827 2930 3146
4 1233 2856 2592 3062
4 2415 2946 2701 3160
4 250 682 650 2046
4 1930 2121 2234 2593
4 1179 2763 1379 3070
4 811 199 613 1338
4 1713 2849 2573 3135
4 1755 2039 1812 3176
4 906 2877 1286 3236
4 2257 2625 1915 3029
4 1131 1454 2850 3231
4 2978 3137 2515 3155
4 2451 3203 2662 3212
4 1761 1880 1715 2680
4 144 512 514 2780
4 1342 1097 1165 2997
4 1341 200 576 811
4 2572 2626 2444 2907
4 994 2695 993 3122
4 1262 3112 1437 3213
4 558 168 561 978
4 1623 3028 2721 3203
4 1060 1188 1391 2876
4 1773 42 442 2614
4 1920 2624 1921 3082
4 1542 2326 2066 2742
4 2156 1901 1968 2602
4 520 1038 141 1214
4 2180 2740 1906 3111
4 1159 75 74 1481
4 1088 1086 1087 2850
4 1280 165 1281 548
4 2417 2716 2645 3167
4 2530 2756 2655 2883
4 1354 2887 1160 3024
4 3 415 7 2753
4 667 614 571 3159
4 2418 2890 2557 2914
4 2108 1702 1684 2611
4 2435 2568 2859 2915
4 2729 2832 2533 3042
4 1212 1211 49 1149
4 847 1241 3031 3232
4 1306 1113 2730 2841
4 2437 2908 2833 2986
4 2452 2774 2559 3089
4 2035 437 1843 2629
4 1520 1223 1222 2714
4 1726 2784 1727 2785
4 1775 1750 2239 2630
4 1521 1230 1231 2683
4 2153 2083 3158 3214
4 1807 2999 1790 3190
4 2397 2893 2366 2958
4 2448 2732 2654 3041
4 116 2639 2843 3182
4 2634 2653 2500 3059
4 985 984 953 3228
4 1547 608 248 2068
4 1763 2584 1764 2904
4 2718 2783 2641 3017
4 1536 841 1232 3062
4 17 424 19 2608
4 1593 1595 1594 2951
4 2546 2574 2994 3177
4 2435 3010 2782 3213
4 2497 2920 2844 2988
4 1797 2606 1949 2883
4 2226 2062 2061 2776
4 1772 2608 16 3065
4 140 25 27 2665
4 2271 2668 2186 2998
4 1565 1993 1923 3129
4 154 531 86 3130
4 1385 314 846 751
4 2600 2719 1620 3028
4 1427 1080 1081 3026
4 777 2700 764 3000
4 2022 2688 2192 3015
4 1997 233 1550 622
4 1827 2187 1875 3146
4 2361 819 2363 2612
4 336 825 2360 2301
4 1760 3170 2898 3237
4 1643 2675 2025 3229
4 866 865 867 2754
4 2542 3137 2978 3155
4 1553 2050 2051 2726
4 2472 2844 2823 2988
4 1730 2710 2223 3109
4 1142 2568 2859 3213
4 145 966 513 512
4 2046 2101 1567 3037
4 2353 1479 2755 3126
4 2412 2977 2564 3154
4 650 578 249 1547
4 2565 2868 884 3212
4 1559 2118 286 2897
4 1306 2730 1447 2841
4 724 713 736 3062
4 1271 1256 2773 3206
4 1288 3041 906 3236
4 535 536 161 2829
4 604 587 648 2895
4 2319 2612 2395 2878
4 78 151 31 2713
4 959 951 67 967
4 2176 1906 2180 2740
4 1013 125 1015 1135
4 2418 2602 2573 2924
4 1611 2783 1609 2793
4 64 2828 1158 3086
4 2108 2611 1684 2966
4 1959 1804 2138 3227
4 2482 2827 2676 3219
4 2488 2838 2670 3166
4 1747 2631 2083 3214
4 667 2888 2657 3159
4 159 37 2579 2702
4 2557 2902 2556 3201
4 47 166 94 2623
4 575 228 1551 624
4 1853 2769 1854 3063
4 1157 1184 2636 2991
4 131 69 502 1511
4 1264 579 191 837
4 704 728 723 2592
4 2545 2704 2434 3205
4 657 687 2982 3016
4 2478 2844 2823 3003
4 1804 2616 2138 3227
4 2367 2340 2369 2625
4 1582 2314 2298 410
4 942 2649 956 3147
4 2762 3010 2782 3173
4 2370 2331 2305 2860
4 2571 2725 3050 3073
4 468 469 116 3182
4 1382 271 1380 715
4 594 246 609 3027
4 2481 2565 2935 2989
4 2168 2175 2123 2594
4 2375 2303 3067 3226
4 1924 2671 1550 3061
4 1200 1067 1390 2943
4 2408 2884 2549 3158
4 2408 2549 2741 3158
4 1066 2924 1199 3075
4 2641 2704 2545 3200
4 139 138 19 2736
4 2451 2565 3028 3203
4 1502 1362 1050 2690
4 164 41 43 2614
4 2900 3142 1993 3179
4 1745 10 1743 2708
4 817 3033 1340 3152
4 600 682 251 1567
4 2119 1584 330 765
4 258 1563 585 2982
4 2219 1888 1954 2666
4 152 33 35 2615
4 1572 588 239 3092
4 568 607 2772 2854
4 2547 2969 2425 2981
4 1501 1158 2828 3086
4 2463 2712 2676 2928
4 2752 3031 1241 3232
4 2457 2731 2664 2877
4 1302 932 1455 2676
4 2389 2689 2878 2995
4 898 899 900 3186
4 2510 2586 3005 3007
4 2004 2003 1691 3004
4 2557 2846 66 3193
4 188 589 620 1193
4 2532 2780 2607 3076
4 1947 1961 1921 2623
4 685 628 3157 3179
4 2677 2470 2730 2841
4 2573 2924 2679 3075
4 1112 1108 1284 2804
4 1127 1126 1128 2640
4 2073 238 2215 630
4 2716 2794 2532 3163
4 1807 1705 2011 3190
4 118 62 2619 2985
4 662 2993 2636 3116
4 2442 2698 2597 2788
4 2436 2574 2788 3017
4 2556 2846 2557 3201
4 2823 2844 2478 2988
4 1923 1824 2609 3142
4 175 3082 94 3221
4 1294 3137 1487 3169
4 2461 2727 2656 3034
4 2421 2715 2596 2861
4 2490 2829 2582 2839
4 969 2759 1030 2858
4 1891 1850 2081 2653
4 2245 1911 1787 3032
4 1820 1909 1908 2668
4 2639 2864 2480 3182
4 2273 756 791 2734
4 2411 2999 2828 3244
4 1623 2721 2093 3203
4 1686 2097 1981 2694
4 1906 2740 1904 2967
4 627 189 620 1476
4 352 806 2350 2957
4 1191 1505 2578 3079
4 2541 2701 2633 2946
4 2462 2746 2677 3223
4 2270 1946 1922 2624
4 711 839 2714 3134
4 2452 3066 2842 3083
4 2461 2795 2761 2963
4 845 1229 2837 3143
4 549 91 1281 2879
4 1344 1343 1164 3118
4 2019 2221 1782 3056
4 47 443 45 2623
4 337 1260 1257 2332
4 786 767 789 2894
4 2139 2153 2722 3048
4 1983 1986 377 2282
4 657 612 3016 3031
4 2477 2833 2908 2986
4 2525 2900 3142 3238
4 2747 2908 2437 2986
4 28 29 2646 2951
4 2532 2794 2939 3163
4 627 2588 685 3157
4 1663 2156 1968 2724
4 1 3 104 2606
4 1020 1049 1500 2931
4 2498 3019 2917 3124
4 2476 2830 2664 3196
4 1449 2994 1450 3077
4 1494 57 56 474
4 2672 2730 2420 3131
4 751 1385 838 2682
4 2340 2625 2367 3090
4 1181 2544 1360 3126
4 1277 1274 1522 2853
4 2451 2572 2723 3172
4 2596 2685 2431 2749
4 2424 2939 2794 3163
4 2474 2907 2790 3088
4 1091 2827 1090 3007
4 450 55 54 3183
4 2418 2693 2556 2846
4 2419 2921 2647 3097
4 1808 1790 1807 2999
4 1129 1127 2640 3039
4 48 110 2544 3141
4 2174 2750 1910 3105
4 1161 1537 1182 2950
4 1372 872 965 3206
4 685 3157 2588 3179
4 2256 1911 3032 3245
4 2457 3004 2652 3240
4 1624 2721 1622 2989
4 1383 2679 957 3097
4 2492 2543 2979 3119
4 1651 2762 1649 2912
4 2662 2721 2503 2863
4 875 877 876 2903
4 1388 929 945 2715
4 1915 2257 2213 2625
4 2434 2650 2569 3225
4 617 2215 2591 3175
4 2507 2683 2624 2953
4 2345 2578 2396 3001
4 81 534 80 3107
4 1292 1291 2851 2945
4 1869 1906 1904 2967
4 873 875 874 2903
4 1181 1360 2544 2976
4 2182 2004 2187 2747
4 2600 2723 2451 3049
4 2433 2775 2685 2944
4 1292 1291 836 2851
4 890 2792 2622 3180
4 1883 1799 1979 2898
4 2436 2686 2598 2783
4 2503 2721 2662 3011
4 2511 2630 2619 2985
4 2299 2338 2383 2726
4 2436 3017 2718 3177
4 1889 2591 2001 3121
4 38 1843 437 2629
4 2546 2718 3017 3177
4 2575 2470 3139 3181
4 2525 1993 3142 3179
4 475 124 477 1346
4 2579 2717 2443 2792
4 2696 2719 2453 3064
4 1745 1743 2082 2708
4 1108 2800 1109 2996
4 56 2864 2639 3182
4 2207 2746 2088 2928
4 2463 2676 2712 3231
4 1454 2664 1287 3196
4 11 2708 10 3113
4 1670 2200 2687 2989
4 2549 2708 2445 2916
4 2440 2597 2686 2903
4 2392 335 1439 2360
4 17 2608 64 3065
4 1624 1623 1622 2721
4 830 2920 1463 2922
4 494 492 134 2876
4 1705 2745 2011 3190
4 2672 3131 2770 3181
4 2579 2792 2443 3107
4 2608 3065 1772 3244
4 1499 2956 1500 3069
4 2391 2364 2742 3067
4 2327 2373 2295 2817
4 2605 2809 1351 3114
4 2589 2456 2913 3006
4 2152 2641 1814 3200
4 808 1327 1328 2765
4 256 568 1555 2854
4 2438 2785 2695 2954
4 1966 2666 2219 3000
4 1251 1254 1253 2924
4 1894 2835 3029 3230
4 2453 2719 2696 3015
4 1312 354 2288 2972
4 2174 2177 2750 3105
4 729 732 719 2933
4 2565 2443 2935 2989
4 1924 1997 2671 3074
4 1463 1465 2844 2920
4 2482 2746 2827 3219
4 12 419 1748 2630
4 2493 2841 2827 3219
4 2424 2691 2645 3025
4 657 655 612 3031
4 1194 2588 814 3157
4 1982 2904 2706 3095
4 555 557 174 1156
4 1634 1635 2673 3234
4 2459 2605 2681 3048
4 1152 2701 1201 2927
4 2575 2673 2454 2910
4 2676 2712 2482 2928
4 1677 1665 1678 3201
4 1249 2939 858 3076
4 2545 2749 2704 3242
4 1431 894 1436 2816
4 2679 2849 2584 3135
4 256 606 568 2854
4 2349 2374 2293 2812
4 2440 2686 2597 3168
4 1335 1415 2634 3080
4 2177 1821 1818 2750
4 245 2080 594 2831
4 33 436 35 2615
4 2460 2792 2579 3096
4 2575 3139 2938 3181
4 436 33 32 2615
4 493 1512 1224 2901
4 2291 2371 2349 2812
4 677 2583 684 3188
4 837 581 192 1266
4 1240 1467 804 2657
4 1602 2105 2819 2929
4 2640 3003 2468 3039
4 16 1704 424 2608
4 2379 2674 2376 2945
4 697 715 732 2805
4 2612 2878 2319 2975
4 1125 1244 1271 2773
4 935 892 2816 3096
4 781 1944 791 3020
4 2238 1775 2239 2637
4 2434 2718 2641 3205
4 1110 1108 1109 2996
4 2742 3067 2364 3239
4 1677 1683 2902 3201
4 1437 3112 1142 3213
4 1233 1536 2856 3062
4 2348 2371 2381 3060
4 2307 2381 2376 3060
4 1899 3047 1897 3207
4 13 419 12 2630
4 2537 2908 2747 2986
4 2563 2504 2984 3040
4 2464 2589 2913 3006
4 44 1962 1982 2706
4 2307 2376 2674 3060
4 1648 2652 1691 3004
4 1625 2093 1623 2721
4 187 631 589 824
4 1029 2709 1267 3006
4 2546 1444 3177 3191
4 605 647 590 2923
4 1955 1563 258 2982
4 2455 2642 2570 2897
4 588 3084 2660 3092
4 1194 814 1477 3157
4 39 37 154 2629
4 495 1269 136 497
4 730 2897 702 3128
4 2599 2612 2519 2975
4 2677 2730 2493 2841
4 2501 2653 2634 3059
4 2556 2693 2418 2815
4 2286 379 1552 2336
4 1723 2601 1707 3233
4 47 43 445 2620
4 475 477 126 2916
4 1692 2807 2025 3198
4 843 2279 1220 370
4 2196 2193 1874 3045
4 2120 1951 2251 2756
4 2480 2733 2553 3023
4 2388 2684 2387 3123
4 84 2702 3096 3194
4 2445 2720 2549 2916
4 935 2816 1431 3096
4 2454 2809 2659 3180
4 19 427 23 2736
4 2027 1574 2674 3060
4 1416 1267 2709 3006
4 142 78 2594 2739
4 1013 1346 475 1135
4 2920 2922 830 3125
4 485 118 13 486
4 544 39 154 547
4 487 116 9 484
4 35 152 546 545
4 45 166 567 564
4 524 142 29 527
4 505 17 128 506
4 465 7 106 466
4 566 164 41 565
4 464 104 3 467
4 525 25 140 526
4 2030 2776 2031 3155
4 1621 2166 1619 3049
4 147 29 2607 2951
4 1997 1550 1924 2671
4 2651 2732 2462 3223
4 935 1355 890 2792
4 552 169 1246 2862
4 958 1390 2759 3167
4 2548 2920 2613 3052
4 1129 1127 1128 2640
4 2188 1992 2184 2802
4 1573 1999 235 637
4 1777 413 1703 2628
4 987 989 2944 3122
4 1349 2656 899 3186
4 931 925 2728 3156
4 1421 924 1424 2761
4 2615 2687 2205 3093
4 2513 2694 2692 3183
4 1250 943 969 2692
4 2547 2890 2425 2969
4 803 308 755 775
4 1312 807 1313 2817
4 258 585 641 2982
4 1811 2165 2085 2960
4 2555 2751 2473 2881
4 1477 1264 1265 3157
4 1029 1278 1027 2774
4 2288 2378 2327 2817
4 68 1225 491 3044
4 594 2080 246 3027
4 2325 2352 2384 2765
4 995 2695 994 2954
4 1331 808 1329 2812
4 1707 2601 1708 3233
4 2679 2849 2573 3075
4 2339 2281 2244 2689
4 2168 2175 2594 3106
4 1095 1094 1093 2984
4 150 515 517 2882
4 41 442 43 2614
4 1412 1406 1361 2935
4 2462 2676 2746 2928
4 1494 56 57 1326
4 2440 3045 2590 3073
4 635 225 1938 593
4 1723 2915 2601 3233
4 2431 2704 2749 3242
4 2417 2759 2551 3167
4 2080 2891 2069 3027
4 1962 2623 1948 2706
4 1631 2139 1655 2722
4 1602 2105 1604 2819
4 1043 1480 2853 2942
4 2664 2731 2457 2830
4 704 2592 820 3019
4 2590 3045 2466 3073
4 2480 2843 2639 3182
4 27 74 140 2665
4 994 993 990 3122
4 1 412 3 2606
4 2433 2784 2695 3187
4 2158 2783 1696 3017
4 737 2714 725 2998
4 2672 2770 2535 3181
4 2536 3103 2682 3104
4 961 1430 1349 3211
4 2313 831 2322 2987
4 5 52 106 2628
4 2706 2917 2592 3153
4 2435 2859 2601 2915
4 2122 1681 1667 2861
4 2602 2728 2419 2924
4 1389 973 1056 2833
4 1051 1066 1065 3075
4 2091 2206 2208 2579
4 1322 1321 1320 2959
4 1868 2699 1869 2967
4 2541 2927 2485 3020
4 634 682 2613 3037
4 805 1506 3067 3226
4 869 871 870 2650
4 1051 2679 1066 3075
4 2434 2783 2793 3225
4 1472 802 1238 2604
4 2578 2865 2524 3046
4 1760 2898 1799 3237
4 2869 2932 2698 3168
4 2426 2966 2743 3228
4 1071 2824 1161 2834
4 2579 2702 2460 3096
4 625 1554 245 2831
4 1997 1573 234 597
4 716 708 285 2117
4 919 2645 928 3018
4 159 532 533 3096
4 2533 2736 2556 2992
4 2536 2756 2655 3104
4 1325 1327 833 2765
4 1226 2570 3044 3134
4 1433 2545 2955 3205
4 1694 2194 1630 2926
4 930 2791 3099 3156
4 1826 1923 1824 2609
4 955 942 956 3147
4 2462 2697 2651 3223
4 1777 2130 2179 2873
4 2659 2809 2622 3180
4 1770 16 2121 3065
4 1450 1449 1350 2994
4 930 3099 914 3156
4 472 120 1494 474
4 1351 961 895 2910
4 2743 2423 2834 3228
4 2416 2573 2849 3075
4 352 1319 806 2957
4 2464 2961 2842 3066
4 2240 2079 2964 3207
4 352 2350 2294 2957
4 2184 2191 1673 2802
4 2664 2877 2731 3236
4 2551 2532 2794 3117
4 861 864 2621 3025
4 1393 849 2882 3016
4 2470 2672 3139 3181
4 1349 897 961 2910
4 2470 3131 2672 3181
4 2677 2697 2470 2841
4 1417 1392 2782 3192
4 1489 1535 1248 2735
4 80 528 1412 2804
4 5 52 2628 2873
4 2550 2515 3137 3155
4 451 970 450 3068
4 2429 2929 2819 3098
4 272 802 1380 721
4 2930 3005 1830 3074
4 2790 2907 2444 3088
4 2479 2797 2772 3127
4 1071 1373 1395 3068
4 1747 2083 1749 3214
4 2138 2104 2103 2913
4 2776 2978 2542 3085
4 2479 2713 2552 3058
4 2571 2870 2725 3045
4 2566 2984 2504 3040
4 890 889 891 2622
4 2866 2892 1083 3133
4 1446 2662 922 3172
4 2431 2569 2704 2757
4 2504 2906 2563 2984
4 2718 2955 2641 3205
4 1036 1438 1158 2828
4 756 1540 324 767
4 2535 3139 2672 3181
4 1882 0 1952 1783
4 164 90 549 2879
4 2417 2551 2716 3167
4 957 2679 1051 2862
4 1979 2274 2227 2734
4 684 2583 578 3037
4 2688 2769 2430 3091
4 2584 2679 2419 3097
4 1449 2764 2994 3077
4 719 2933 732 3128
4 607 683 568 2772
4 629 683 679 2772
4 874 1366 2725 2903
4 944 3018 2692 3183
4 2027 2029 2028 3155
4 573 632 184 1228
4 256 1555 1957 2854
4 1877 2088 2746 2928
4 2463 3041 2676 3231
4 1252 931 925 2728
4 2592 2856 2507 3062
4 2829 2839 2490 3013
4 529 82 83 1106
4 2003 1650 1648 3004
4 1629 1631 1655 2659
4 1123 1121 2818 3050
4 1660 2162 2711 3011
4 817 1340 1474 3152
4 2375 2689 2389 3226
4 2389 2689 2339 2878
4 2117 285 716 1559
4 2373 2388 2295 3123
4 2388 2387 2322 3123
4 812 1335 1415 2634
4 2421 2767 2645 3018
4 2028 2031 2064 3060
4 2369 2625 2340 3094
4 2444 2626 2572 3012
4 1245 862 860 2794
4 927 939 940 2890
4 9 11 116 2639
4 2705 2786 2441 3191
4 1639 2807 2036 3034
4 1712 1714 2815 3102
4 2138 2913 2103 3227
4 2046 650 249 1547
4 46 1961 443 2623
4 2598 2686 2436 2903
4 2434 2704 2569 2757
4 2552 2479 2797 2854
4 2462 2697 2677 2841
4 1873 2022 1853 2769
4 1245 2794 1390 3167
4 671 2831 2577 3080
4 605 223 2216 590
4 864 1375 2621 3098
4 1030 969 981 2759
4 2475 2899 2771 2912
4 1243 1519 1242 2700
4 2581 3071 2807 3198
4 550 166 92 2856
4 2456 2913 2670 3233
4 1792 1707 1723 2915
4 634 2922 2613 3125
4 752 774 320 2264
4 762 1532 304 773
4 2017 2019 2018 3056
4 256 1957 606 2854
4 2174 2177 1910 2750
4 2458 2650 2598 2793
4 2598 2650 2434 2793
4 150 27 2617 3150
4 2527 2819 2929 3098
4 2083 2631 1815 3158
4 2060 2229 2952 3101
4 2513 2767 3018 3051
4 1418 91 90 2879
4 2347 2288 354 2972
4 1312 835 354 2972
4 2244 2253 2339 2689
4 1895 2189 1985 2919
4 1249 1390 2794 3117
4 1023 1022 1024 3119
4 2502 2952 2638 3101
4 2475 2969 2547 2981
4 943 958 969 2759
4 1701 1689 1679 2760
4 1359 887 885 2863
4 2452 2559 2774 2990
4 2534 2855 2847 3100
4 163 162 35 2582
4 2547 2899 2475 2981
4 2025 1692 1641 2807
4 2548 2478 2920 3052
4 2422 2748 2554 2834
4 2386 2390 2881 2957
4 118 15 13 2630
4 2745 2796 2432 3147
4 1227 1226 1457 3044
4 1600 1657 1666 2767
4 946 1389 2791 3220
4 1657 2122 1667 2767
4 1448 1347 1307 2626
4 4 2173 2627 2873
4 2415 2551 2943 3117
4 2562 2979 2931 3119
4 174 43 47 2620
4 872 870 871 2650
4 2106 1718 1717 2775
4 1187 819 1497 2612
4 2653 3063 2800 3078
4 2690 3047 2492 3207
4 2558 2999 2796 3190
4 1086 1454 1084 3196
4 964 2718 1441 3177
4 2056 2050 1571 2726
4 2494 2782 2762 3010
4 2087 2790 1735 2948
4 2092 1725 1813 2784
4 1729 1814 2090 2786
4 990 987 2942 3122
4 981 958 1390 2759
4 2124 1689 1710 2760
4 2566 2867 2493 3040
4 2106 1813 1721 2775
4 908 1286 906 2877
4 2565 2989 2719 3028
4 1211 1212 49 3103
4 1581 604 260 1585
4 492 1512 493 2876
4 2092 1814 1727 2784
4 1572 239 2073 3092
4 902 1301 900 2803
4 890 2622 891 3180
4 1611 2099 1609 2783
4 1788 1787 1911 2670
4 2428 2547 2899 3164
4 1455 3041 1288 3236
4 1734 1733 1735 2948
4 2223 1732 2225 2710
4 932 2803 904 3041
4 1617 1654 1615 2788
4 2048 2201 1543 2839
4 1735 2087 1811 2790
4 1605 2107 1809 2781
4 1613 1696 1611 2783
4 735 734 720 3019
4 2545 2757 2704 3205
4 2662 3011 2721 3203
4 2149 2041 2151 3048
4 903 905 904 2789
4 1785 2230 2639 2864
4 907 906 905 2789
4 1721 1720 1718 2775
4 2662 2863 885 3212
4 68 493 1224 2901
4 907 909 908 2787
4 1371 1074 1411 3208
4 2601 2826 2432 3151
4 1440 2741 1308 3114
4 2228 2226 1769 3085
4 1435 2577 1170 3080
4 1253 1199 1066 2924
4 1811 2084 1737 2790
4 892 893 2816 3180
4 1615 2098 1613 2788
4 1662 2675 1645 2937
4 1828 1826 1827 3146
4 995 994 996 2954
4 1759 2842 2023 3089
4 2051 2056 2231 2658
4 1003 1077 2825 3088
4 418 9 8 2639
4 1932 3084 1572 3092
4 2139 2041 2153 3048
4 2021 2198 2196 2798
4 2431 2781 2648 3148
4 2464 2913 2709 3006
4 944 943 2692 3018
4 1249 2794 860 2939
4 2340 2625 3090 3094
4 2480 3023 2553 3101
4 2478 2548 2810 3052
4 1700 2815 2556 3201
4 80 2935 1412 3107
4 2782 3010 2435 3173
4 37 438 33 2579
4 2569 2704 2434 3225
4 2414 2679 2584 2862
4 2428 3105 2724 3156
4 1914 2544 2627 3108
4 682 250 1567 2046
4 1404 1173 1414 2667
4 106 451 450 3068
4 282 740 2220 2125
4 1306 1447 1113 2841
4 2574 2994 2764 3077
4 1120 1121 1119 2818
4 2845 2918 2409 3232
4 2319 2878 2278 2975
4 574 226 1561 635
4 574 659 635 2799
4 2311 707 263 738
4 2525 2900 2588 3179
4 1634 1669 1636 2806
4 2477 2900 2949 3238
4 2520 2724 3105 3156
4 1331 1296 1332 2812
4 1526 2805 802 3184
4 1674 2105 2185 2819
4 1639 1692 2036 2807
4 1266 1190 2669 3081
4 1984 2627 2173 2873
4 2596 2431 2685 3120
4 637 663 597 2808
4 599 661 637 2808
4 2237 2271 2125 2998
4 1454 1287 1427 3196
4 1404 2667 1414 3099
4 2003 1648 1691 3004
4 1922 1921 1920 2624
4 106 7 5 2628
4 1581 1585 1965 2895
4 2005 2745 1687 3038
4 2625 1915 3029 3230
4 2434 2793 2650 3225
4 2580 2626 2445 3072
4 1593 1682 2646 3002
4 2618 3035 2516 3056
4 2847 2855 2534 3202
4 843 2354 2279 370
4 39 437 37 2629
4 1450 1348 1426 3077
4 2144 2149 1661 2795
4 631 659 658 3149
4 2243 2684 2247 3046
4 1876 2199 2198 2798
4 2432 2796 2745 3190
4 2065 600 251 1567
4 1638 3034 1637 3234
4 2572 2960 2085 3049
4 1446 1359 922 2662
4 25 72 146 2633
4 448 104 2655 3103
4 2538 2694 2692 3051
4 2581 2807 2461 3198
4 825 336 1257 2301
4 2649 2779 2435 3151
4 2432 2826 2558 3190
4 258 641 1955 2982
4 2676 2482 2746 2928
4 654 634 2613 3125
4 530 84 85 3194
4 1633 2673 2151 3048
4 1989 2993 2900 3179
4 2463 2712 2664 3231
4 1308 1017 1133 2814
4 2457 2747 2667 3026
4 1647 1645 1646 2937
4 1446 1448 2626 3172
4 2042 2867 2044 3131
4 2674 2945 2379 3209
4 2439 2787 2652 3240
4 907 918 909 2707
4 1514 2324 827 2958
4 2422 2554 2748 3246
4 1610 2793 1608 2857
4 1773 1796 42 1795
4 2772 2797 2479 2854
4 1446 1448 1307 2626
4 639 197 817 3033
4 935 892 1431 2816
4 750 782 775 2735
4 1622 1620 2719 3028
4 1256 2725 3050 3206
4 53 451 52 3068
4 1880 2680 1970 2973
4 2698 2932 2597 3168
4 1934 2080 2831 2891
4 1792 2145 2142 2915
4 2559 2871 2774 2990
4 2479 2772 2561 3127
4 2342 380 2213 2286
4 2891 3027 2577 3202
4 593 635 660 2799
4 2768 2931 2562 2979
4 2377 2386 2905 2972
4 1949 2606 1951 2883
4 2473 2751 2555 2959
4 2638 2952 2864 3101
4 68 69 491 1225
4 553 170 554 3097
4 2704 2757 2434 3205
4 679 683 586 3127
4 1854 1853 1855 2769
4 152 80 33 2615
4 1754 1755 2979 3176
4 704 723 276 820
4 2324 1514 2280 2958
4 1936 1547 2047 2583
4 319 774 761 2264
4 666 3033 639 3152
4 1309 1133 1019 2814
4 1295 1293 1296 3137
4 468 1010 469 3182
4 1115 1118 1282 2821
4 64 3065 2599 3086
4 2597 2788 2698 3168
4 1415 1400 2634 3059
4 2552 2797 2479 3058
4 902 904 932 2803
4 639 582 197 3033
4 1228 632 184 828
4 2769 2821 2430 3091
4 1456 1428 1090 2827
4 134 135 17 2593
4 519 79 143 853
4 1631 1629 1630 2659
4 1255 1221 2901 3144
4 1638 1636 2038 2806
4 2442 2723 2960 3077
4 1301 932 1302 2803
4 205 615 1435 3080
4 163 35 39 2582
4 2535 2938 3139 3181
4 2164 2098 1654 2788
4 1924 1998 1997 3074
4 2571 2773 2472 3050
4 2407 2950 2625 3094
4 2800 2996 2430 3063
4 1712 1714 1700 2815
4 1713 1712 1711 2815
4 2462 2746 2676 3219
4 1309 1133 2814 3222
4 2681 2766 2450 3222
4 1494 1326 1324 2909
4 2500 2800 2653 3063
4 2668 2714 2526 2998
4 1696 2158 2099 2783
4 2519 2599 3065 3086
4 1763 1764 1762 2904
4 2556 2902 1683 3201
4 1678 1711 1700 2815
4 1370 984 985 2944
4 2481 2696 2688 3091
4 2787 3043 2439 3189
4 448 50 51 1207
4 2592 2917 2498 3019
4 1256 1123 2773 3050
4 2413 2778 2603 2943
4 1255 1220 1221 3144
4 831 358 2313 2322
4 1842 1843 2738 2971
4 2328 387 1544 3036
4 23 425 21 2635
4 2199 2022 2192 3015
4 17 16 2608 3065
4 71 496 70 3042
4 2175 1904 2176 2740
4 448 104 50 2655
4 2424 2794 2716 3163
4 2320 397 1570 2321
4 1911 2670 1787 3245
4 684 677 578 2583
4 2664 2731 2463 3236
4 636 670 577 2634
4 1166 1505 1167 3079
4 1755 3083 2979 3176
4 1447 1303 1452 2841
4 2600 2868 2719 3028
4 1106 82 83 2800
4 1534 775 803 2735
4 2444 2580 2626 3012
4 2440 2932 2869 3168
4 1662 2025 1643 2675
4 25 430 27 2665
4 2539 3106 2852 3110
4 136 498 500 979
4 1078 989 993 3187
4 2181 2003 2747 3004
4 3109 3137 2550 3169
4 1935 2047 2068 3100
4 2758 3030 2585 3193
4 1114 1115 1110 2821
4 2332 338 1260 2302
4 1986 378 2282 2336
4 1788 2670 1911 3245
4 1965 1967 1581 2918
4 1476 814 1194 2588
4 2217 2813 2248 3241
4 1212 2682 1509 2976
4 2264 1560 752 3243
4 1678 1711 2815 3201
4 1076 2774 1413 2990
4 1890 2111 1790 3132
4 993 995 1358 3187
4 1690 2005 1677 2758
4 2025 2675 1662 3071
4 2301 2368 2332 2885
4 1678 2815 1700 3201
4 1465 1143 1463 2844
4 1435 1458 1170 2577
4 2186 1820 1892 2635
4 1245 1249 1390 2794
4 1641 1639 1640 2807
4 245 1554 2080 2831
4 1608 1606 2188 2857
4 1468 1469 1178 3127
4 827 1513 2958 3144
4 963 1412 2935 3107
4 993 2695 995 3187
4 2001 2591 2215 3175
4 2215 2001 1889 2591
4 2395 2389 2339 2878
4 2027 2028 1574 3060
4 1476 188 620 1193
4 2376 2379 2334 2674
4 1271 1256 1123 2773
4 715 730 732 3115
4 2672 2420 2770 3131
4 531 1098 2980 3130
4 1457 2570 822 3115
4 897 1349 899 3186
4 1725 1727 1726 2784
4 1963 1557 2917 3153
4 710 726 2953 3210
4 426 16 17 3065
4 737 711 2714 3134
4 2442 2597 2698 2777
4 2280 2324 368 1514
4 2547 2475 2899 3164
4 919 928 929 3018
4 825 1439 335 2360
4 1414 2667 1422 3240
4 1942 1560 2264 3243
4 1003 1077 1350 2825
4 1948 1962 1947 2623
4 1834 1832 1833 3005
4 1140 999 1001 3191
4 1166 1167 3021 3079
4 1418 2879 90 2991
4 604 260 587 1581
4 1476 627 189 814
4 1230 845 1229 2837
4 892 893 894 2816
4 740 282 695 2125
4 2190 1990 1991 2968
4 352 2294 1319 2957
4 918 2707 1285 3112
4 1687 2005 2011 2745
4 1210 1207 51 1059
4 551 94 166 2856
4 9 418 11 2639
4 1314 807 1333 2817
4 2462 2732 2676 2928
4 3023 3085 2491 3224
4 2440 2725 3045 3073
4 2520 2947 2911 3220
4 2396 2345 2344 2578
4 1975 1973 1976 2832
4 931 1252 948 2921
4 2465 2754 2569 3195
4 2171 2724 1663 3105
4 2654 2448 2789 3229
4 703 2116 289 714
4 308 755 1510 803
4 2017 1549 2974 3209
4 552 93 92 3162
4 2554 2944 2433 3122
4 1413 1076 1278 2774
4 997 999 1352 3191
4 2448 2654 2789 3041
4 2073 2215 1889 2591
4 1198 1470 1420 2739
4 615 205 577 3080
4 1362 1054 1026 2961
4 2596 2715 2426 2861
4 80 1412 81 3107
4 2223 2710 2225 3109
4 2543 2931 2979 3119
4 2994 3177 1444 3191
4 670 2831 671 3080
4 1913 2898 1800 3138
4 2782 3173 2435 3192
4 2415 2943 2603 3160
4 1588 1587 2617 3150
4 1279 2871 1278 3006
4 1757 2023 1759 2842
4 1896 2644 2218 3029
4 512 2780 966 3076
4 2520 2791 2750 3220
4 2116 289 1539 703
4 1408 1279 1429 2871
4 246 1569 609 3027
4 710 726 736 2953
4 35 439 39 2582
4 1716 2849 1713 3135
4 2568 2456 2859 2915
4 2543 2931 2768 2979
4 829 1273 1277 2860
4 2297 2395 2363 2995
4 2447 2880 2568 3112
4 1221 843 1222 2936
4 2428 2899 2771 3164
4 531 2980 86 3130
4 2904 3095 2414 3162
4 1619 1620 1621 3028
4 2326 2066 2310 402
4 1660 2093 2162 3011
4 1759 2138 1758 2842
4 1146 1472 1237 2896
4 868 867 869 2754
4 1122 1123 1121 2818
4 997 2705 999 3191
4 2489 2741 2631 3158
4 1552 2213 379 2286
4 1015 1308 1135 476
4 15 419 13 2630
4 1092 1113 1456 2827
4 1757 2842 1756 3083
4 910 2787 909 3043
4 785 784 2682 3008
4 2440 2725 2870 3045
4 1554 2081 1934 2831
4 1417 1392 1261 2782
4 2475 2762 2782 3173
4 2666 2700 2540 3000
4 2405 2976 2544 3126
4 2462 2677 2697 3223
4 1156 174 555 2875
4 1114 2821 1110 2996
4 2414 2849 2679 2886
4 2273 1540 756 2734
4 2049 1932 1572 3092
4 2351 2250 2296 2893
4 623 622 668 2671
4 1698 1596 1980 3161
4 2036 2795 1661 3034
4 82 1107 83 2800
4 1953 2248 2119 3008
4 1449 2994 2764 3177
4 21 17 135 2593
4 2044 2042 1839 2867
4 1617 1615 1616 2698
4 670 2634 676 3055
4 1042 1071 1161 2834
4 2553 3085 3023 3224
4 1797 1951 1949 2606
4 968 1460 2693 2992
4 146 147 25 2607
4 55 450 970 952
4 1464 53 52 3068
4 152 80 2615 2804
4 2347 354 835 2972
4 1751 2619 1749 3214
4 2672 3130 1305 3194
4 1635 1633 1634 2673
4 2667 2791 2576 3099
4 47 2620 445 3082
4 638 809 193 3081
4 904 2789 906 3041
4 2621 2929 2527 2941
4 2472 2773 2571 3199
4 878 880 1387 2932
4 1616 2698 1615 3168
4 732 730 702 3128
4 2036 1661 1637 3034
4 1355 888 2792 3107
4 2253 2339 2689 2878
4 15 2631 127 3113
4 2461 2656 2795 3034
4 2477 3142 2900 3238
4 770 769 783 3070
4 583 202 640 3013
4 878 2777 880 2932
4 1564 2296 2250 2893
4 1370 1411 1402 2685
4 770 780 793 2756
4 2229 2058 2057 2864
4 1613 1611 1612 2686
4 1175 1147 1460 2729
4 911 910 909 3043
4 2432 2558 2796 3190
4 1249 860 858 2939
4 983 973 982 2833
4 1086 1131 1454 2850
4 1415 1400 812 2634
4 2551 3117 2794 3167
4 1660 3011 2711 3203
4 2492 2842 2961 3066
4 2045 2163 2162 2711
4 680 672 2839 3013
4 581 618 665 2669
4 2163 2711 2045 3012
4 1585 1563 1586 2895
4 2437 2750 2791 3220
4 2040 1810 2041 2681
4 174 555 2875 3221
4 2732 2448 2803 3041
4 1610 1608 2184 2857
4 1877 2207 2088 2928
4 2657 2888 2561 3218
4 1451 3172 922 3212
4 2376 2674 2851 2945
4 2448 2651 2732 2803
4 1294 1487 1486 3169
4 1620 2202 1622 2719
4 1233 2592 1491 3062
4 1868 1867 1869 2699
4 2332 2372 2302 2885
4 782 791 756 2734
4 1857 1876 2021 2798
4 1270 1438 1397 3030
4 1085 1086 1084 2866
4 2434 2718 2598 2783
4 2353 2284 1479 3126
4 2598 2718 2436 2783
4 2519 2612 2599 3086
4 2317 2285 2393 3108
4 2249 324 1540 767
4 1388 2715 984 3120
4 2532 2951 2607 3161
4 2359 2316 2317 3108
4 746 705 2801 3210
4 510 511 142 2739
4 802 273 700 721
4 930 2791 1404 3099
4 1398 934 2696 3064
4 2520 2750 2947 3220
4 2551 2415 2943 2970
4 2892 2609 3142 3238
4 976 2703 1377 3024
4 2141 3071 2559 3198
4 1279 1416 1142 3006
4 2512 2636 2588 2993
4 861 859 860 2939
4 2556 2815 2418 3201
4 2463 2676 2732 2928
4 1579 224 605 593
4 164 548 88 2911
4 1491 276 723 820
4 76 142 2646 3154
4 628 686 579 3157
4 1288 904 906 3041
4 2555 2881 2473 2957
4 2093 1695 2160 3011
4 677 3022 2583 3188
4 119 471 1018 2985
4 228 2214 1551 624
4 2515 2812 2776 3036
4 822 1457 1226 2570
4 922 2662 1359 3212
4 827 368 2324 1514
4 1576 328 2120 780
4 781 2259 1944 3020
4 944 929 943 3018
4 2174 2171 1663 3105
4 2364 2283 2345 3239
4 2477 2949 2900 2965
4 1088 1428 1131 2850
4 2471 2888 2657 3218
4 1156 557 174 2875
4 627 685 628 3157
4 1652 1668 2174 3105
4 2771 2899 2475 3164
4 1237 1472 1238 2604
4 47 175 174 2620
4 1337 1463 830 2920
4 773 787 788 2643
4 1201 823 1524 2927
4 1106 83 1107 2800
4 831 2313 1504 2987
4 177 739 646 706
4 1398 934 1401 2696
4 1656 2899 1659 2981
4 210 572 830 2922
4 2071 2201 1846 2582
4 2080 1569 246 3027
4 2475 2547 2969 3164
4 2498 3095 2706 3162
4 410 1582 2314 2232
4 2525 3142 2900 3179
4 1084 1081 2866 3196
4 1441 2718 1368 2955
4 2644 2925 2495 2942
4 1202 72 73 508
4 2471 2561 2888 3218
4 2482 2827 2563 3007
4 1492 1326 1493 3182
4 2709 2913 2456 3006
4 2076 2822 2240 2964
4 2446 2731 2652 2877
4 1355 963 888 3107
4 2374 2812 2371 3036
4 1443 2672 1305 3139
4 2331 2382 2341 2860
4 1886 1941 1945 2633
4 620 589 662 2636
4 1876 2798 1857 3185
4 1249 2794 3076 3117
4 1825 1822 2182 2908
4 88 548 89 2911
4 1159 850 848 2752
4 1256 2725 1366 3073
4 1952 1797 0 2606
4 1937 1567 2101 2613
4 2356 760 298 794
4 2454 2673 2575 2938
4 1836 1834 1835 3040
4 1757 1758 1756 2842
4 914 913 2771 3099
4 1279 1278 1029 3006
4 2488 3024 2826 3132
4 1649 1651 1987 2762
4 1903 3010 2762 3173
4 2556 2418 2846 3201
4 2110 1896 1780 3246
4 2031 2776 2061 3036
4 783 790 770 2756
4 1359 2662 885 3212
4 2152 2158 1814 2641
4 2481 2719 2696 3064
4 666 639 661 3152
4 2550 2851 2674 2945
4 60 13 123 2751
4 581 638 193 3081
4 2464 2709 2913 3227
4 2004 2747 2003 3004
4 513 147 512 3076
4 614 600 252 3159
4 596 232 623 3061
4 1866 2699 1868 3052
4 202 583 1365 3013
4 838 313 751 766
4 2603 2778 2413 2898
4 2563 2827 2493 2984
4 963 534 81 3107
4 2289 2387 2320 2684
4 22 23 427 2736
4 831 358 1504 2313
4 1368 2955 2718 3205
4 2558 2826 3024 3132
4 1091 1092 1090 2827
4 1002 2825 1001 2848
4 2297 2363 1518 2995
4 552 1246 93 3162
4 2097 415 2 2753
4 1984 2179 1985 2873
4 793 757 785 3008
4 1186 2995 2962 3226
4 951 959 67 3193
4 2442 2960 2723 3049
4 2073 2591 1889 3092
4 1858 1857 1859 2847
4 2243 397 1570 2320
4 2431 2569 2757 3208
4 1175 1177 1176 3042
4 1464 52 53 453
4 670 577 2634 3080
4 950 1407 1409 3154
4 936 1357 1367 3073
4 418 8 1785 2639
4 1609 1608 2793 3225
4 824 589 187 1193
4 1379 1179 1180 2763
4 1355 935 1423 3096
4 2574 2764 2436 2788
4 1243 1241 844 2845
4 926 939 927 2890
4 2182 2181 2747 2908
4 2653 2800 2500 3059
4 2925 2942 2644 3246
4 572 210 633 2922
4 2489 3114 2741 3158
4 922 1359 885 3212
4 1009 468 58 2843
4 2334 2674 2379 3209
4 634 572 2922 3125
4 1544 387 2063 3036
4 1385 1509 1212 2682
4 147 29 25 2607
4 78 511 1420 2739
4 2375 2303 2391 3067
4 2278 2319 2395 2878
4 1852 3063 1850 3078
4 7 413 5 2628
4 668 3081 2671 3217
4 759 180 779 645
4 2574 3017 2436 3177
4 2546 3017 2574 3177
4 46 445 1919 3082
4 2586 2850 2482 3007
4 2309 387 2328 3036
4 74 1481 509 3087
4 1232 95 94 1155
4 977 2862 553 3097
4 662 2636 658 3116
4 930 1404 914 3099
4 86 531 87 2980
4 1266 1190 837 2669
4 57 117 1047 1493
4 777 764 763 3000
4 144 514 1396 2780
4 2434 2641 2718 2783
4 1977 2262 1976 2832
4 2440 2597 2932 3168
4 1022 2562 2931 3119
4 2476 2866 3146 3196
4 680 598 611 2839
4 793 785 766 3104
4 2124 2970 1939 3161
4 2567 2761 2452 3165
4 2560 2737 2530 3138
4 1848 1850 1891 2653
4 2355 707 263 2311
4 2727 2461 2807 3034
4 2571 2458 2725 2870
4 1777 4 413 2628
4 1482 2618 1044 2954
4 1383 1066 1051 2679
4 2169 1892 2642 3014
4 2393 3108 2285 3136
4 1800 1913 1979 2898
4 2811 2819 2527 3098
4 1375 861 864 2621
4 920 1368 871 3205
4 957 2679 2862 3097
4 1914 2627 2260 3108
4 2487 3057 2872 3204
4 11 421 15 3113
4 2892 3133 2609 3238
4 2458 2661 2802 3206
4 2590 2932 2440 3073
4 2542 3085 2978 3224
4 1274 1273 813 2860
4 1665 2914 1678 3201
4 2320 2243 398 2289
4 2052 2054 2055 2751
4 2436 2783 2718 3017
4 912 2771 913 3099
4 655 2895 648 3232
4 655 3031 2895 3232
4 596 1995 232 3061
4 2431 2648 2781 3208
4 990 987 1376 2942
4 2660 2997 2514 3009
4 979 498 1034 1035
4 2297 1503 2333 2995
4 2508 2983 2586 3074
4 1424 1079 3165 3211
4 2230 1740 1742 2639
4 1722 1721 1725 2925
4 2909 3197 2726 3215
4 950 2739 510 3154
4 1337 2920 830 3125
4 2662 2711 2451 3172
4 1852 1851 3063 3078
4 1767 1793 2614 2947
4 2557 2846 2418 3201
4 2408 2659 2722 2809
4 2443 2721 2565 2863
4 1074 2648 1378 3120
4 2421 2596 2715 3120
4 1628 1627 2717 3054
4 2483 2855 2847 3202
4 914 912 913 3099
4 2459 2656 2795 3211
4 106 2628 52 3068
4 2330 2381 2291 2851
4 110 2627 2544 3141
4 1412 528 1112 2804
4 2262 2933 2115 3128
4 588 674 630 3092
4 2601 2703 2432 2826
4 2470 2730 2672 3131
4 600 2065 252 3159
4 550 92 93 1235
4 2779 3173 2981 3192
4 1547 1936 2046 3037
4 1135 475 125 476
4 2479 2561 3110 3127
4 2647 2921 88 3097
4 2032 2615 2205 3093
4 2457 2667 3004 3240
4 968 1460 1272 2693
4 753 770 793 3104
4 2436 2764 2597 2788
4 1418 1281 91 2879
4 1545 2243 2247 3046
4 2043 2770 2204 3181
4 409 2314 2296 1564
4 1942 2836 1560 3243
4 831 2322 2987 3123
4 2555 2957 2473 2959
4 380 2213 1566 2342
4 2442 2597 2764 2788
4 2534 3100 2847 3202
4 208 603 810 3022
4 2218 2644 1781 3035
4 1915 2625 2213 3230
4 2326 2066 402 1542
4 322 791 781 1944
4 2740 2744 2467 3111
4 1199 2693 1272 3075
4 2205 32 2034 2206
4 1958 2128 1957 2854
4 946 973 1389 3220
4 2446 2652 2787 2877
4 2552 2882 2509 3016
4 1899 1928 2079 3207
4 1984 1985 1983 3136
4 2981 3173 2475 3192
4 2417 3018 2767 3051
4 817 197 1339 3033
4 2183 2852 1905 3106
4 643 2837 688 3143
4 588 673 674 2660
4 606 687 607 2854
4 993 3122 2695 3187
4 1980 2124 1939 3161
4 987 986 2834 3228
4 1524 771 1205 2927
4 95 94 551 1232
4 1946 1947 1921 2624
4 2428 2771 2899 2912
4 581 2669 665 3081
4 2766 3165 1079 3211
4 1256 3050 2725 3073
4 1820 20 1791 2635
4 980 1069 1246 3162
4 2065 1937 2136 3052
4 175 2620 47 3082
4 1072 1405 1438 2828
4 836 1332 1293 2851
4 1731 1730 1729 2786
4 2762 3043 2494 3189
4 223 2216 1579 605
4 2536 2682 2663 3008
4 2554 2426 2944 3228
4 2208 2209 1694 2702
4 2733 3023 2491 3224
4 2460 2717 2579 2792
4 2546 3177 2994 3191
4 2602 2724 2419 2728
4 2313 359 1504 2344
4 2509 2982 2552 3016
4 1424 3165 2761 3211
4 918 1285 1429 3112
4 823 1532 304 762
4 2264 320 752 1560
4 876 878 936 2932
4 802 1526 1380 2805
4 837 1190 1265 2669
4 2004 2181 2003 2747
4 1722 1720 1721 2925
4 174 175 555 3221
4 1976 2262 2115 3128
4 1019 1018 1020 2985
4 1451 922 883 3212
4 700 731 735 2604
4 1173 1422 1414 2667
4 1972 2832 1973 3102
4 2018 2674 2026 3209
4 159 37 33 2579
4 982 972 1281 2879
4 1154 1183 555 3221
4 2512 2900 2949 2965
4 896 2910 897 3186
4 2443 2565 2721 2989
4 2721 3028 2565 3203
4 2133 2176 2180 2941
4 2895 3031 2752 3232
4 2391 2329 2364 3067
4 2314 2298 2357 2934
4 2496 2558 2962 3235
4 768 2763 783 3070
4 1680 2694 1981 3051
4 1578 319 761 2264
4 700 731 2604 3184
4 2525 2609 3133 3238
4 1852 1850 1851 3078
4 2242 2865 1911 3245
4 985 987 2944 3228
4 1413 1278 1408 2871
4 1053 2886 1146 2896
4 1886 1885 1940 2946
4 668 665 3061 3081
4 623 2671 668 3061
4 2442 2698 2600 2777
4 1166 1054 1168 3021
4 2523 2887 2742 3067
4 1185 1186 2962 3226
4 1262 1417 2782 3213
4 2434 2783 2598 2793
4 656 660 632 3178
4 1354 1506 1160 2887
4 706 646 177 602
4 2218 1896 2110 2644
4 1124 2844 1126 3003
4 489 3030 66 3193
4 1383 1051 957 2679
4 634 650 682 3037
4 2558 2496 2999 3235
4 2601 2859 2456 2915
4 2641 2955 2545 3205
4 857 859 1407 2977
4 1735 1737 1736 2790
4 1190 1265 2669 3133
4 2211 2038 1669 2806
4 5 2627 111 2873
4 2362 2345 2396 3001
4 2480 2864 2638 3182
4 21 426 17 2593
4 1568 401 2394 2310
4 1442 1135 1440 2741
4 1402 1388 984 3120
4 2525 3142 2609 3238
4 882 2868 884 3064
4 1407 857 2977 3154
4 2583 2497 3037 3188
4 668 638 3081 3217
4 2554 2433 2925 3122
4 1588 1587 1589 2617
4 2060 2062 2229 3101
4 169 553 977 2862
4 1373 953 2743 3228
4 75 74 1481 509
4 976 1377 1052 3024
4 1492 1493 1046 3182
4 992 976 991 2703
4 2361 2363 2319 2612
4 2714 3044 2526 3134
4 673 2660 588 3084
4 1813 2749 2147 3200
4 1130 1381 1139 2940
4 210 830 1310 2922
4 27 433 31 2617
4 453 111 452 3141
4 2737 2858 2560 3216
4 60 2751 123 2959
4 1613 2686 1614 3168
4 582 1339 197 3033
4 27 31 151 2617
4 1996 3061 1995 3129
4 2250 2351 2296 408
4 1027 2774 1076 3066
4 1137 1130 1138 2940
4 2425 2779 2981 3192
4 1282 1110 2821 3091
4 2872 3057 2497 3204
4 888 886 887 2863
4 462 107 1039 971
4 666 661 599 3175
4 2457 2652 2877 3240
4 1406 2804 1284 3091
4 1126 1124 1465 2844
4 1670 1624 2200 2989
4 1808 1890 1790 3235
4 1699 2002 1978 2736
4 2317 2393 2632 3108
4 2425 2981 2969 3192
4 1145 1465 1337 2920
4 1063 982 1064 2879
4 672 673 626 3084
4 1003 1001 1002 2825
4 1763 2126 1902 3135
4 916 2764 1449 3077
4 1793 1774 1767 2614
4 76 2646 29 2951
4 1101 161 536 2829
4 782 786 775 2735
4 1879 2044 1837 2867
4 1351 2809 923 3114
4 2656 2727 2449 3034
4 2698 2869 2453 2932
4 2494 3112 2782 3213
4 1903 2762 1987 3173
4 1142 2859 1075 3213
4 2654 2732 2463 3041
4 2438 2784 2695 2785
4 1393 1217 849 3016
4 2760 3170 1710 3237
4 2468 2610 2968 3039
4 2571 2725 2458 3206
4 255 1555 568 2772
4 2638 2864 2480 3101
4 1838 1837 1839 2867
4 1928 2247 2243 2684
4 2157 2083 1815 3158
4 1593 2123 1682 3002
4 56 2639 116 3182
4 735 2604 731 3124
4 1334 1314 1333 3123
4 1440 1308 1434 3114
4 869 1371 2757 3208
4 5 414 1 2627
4 1628 1629 1627 3054
4 1287 1286 938 2877
4 1938 1561 225 635
4 1739 1738 1737 3053
4 2459 2567 2766 3211
4 1310 633 210 2922
4 180 759 601 645
4 1710 3170 1760 3237
4 2312 760 298 2356
4 2583 2872 2497 3188
4 1443 1305 1436 3139
4 154 37 39 544
4 13 15 118 485
4 116 11 9 484
4 152 35 33 545
4 140 27 25 525
4 104 3 1 464
4 164 43 41 565
4 128 19 17 505
4 142 29 31 524
4 166 45 47 564
4 5 7 106 465
4 1598 1597 1599 3163
4 2505 2905 2555 2972
4 1244 2661 1372 3206
4 1615 1613 1614 3168
4 638 809 3081 3217
4 2048 1932 2201 3084
4 1888 1966 1965 2666
4 2562 2450 2768 3176
4 135 492 493 2876
4 2911 2947 2427 3220
4 2451 2711 2662 3203
4 1233 1491 1536 3062
4 2641 2718 2546 2955
4 1260 815 1471 2885
4 568 629 255 2772
4 1067 2943 1151 3160
4 1802 1883 2603 3237
4 1067 1200 1151 2943
4 684 2583 3037 3188
4 1685 1718 1719 2966
4 309 768 1379 2763
4 82 1107 2800 3059
4 2542 3137 3109 3169
4 2600 2698 2453 2777
4 975 2796 1270 3147
4 2489 2722 3114 3158
4 1212 49 48 2976
4 1907 2008 2852 2888
4 2458 2802 2661 2857
4 2462 2732 2651 2803
4 2526 3044 2570 3134
4 930 946 1389 2791
4 1282 1284 1110 3091
4 1157 1184 1193 2636
4 2554 2942 2925 3246
4 468 58 59 1009
4 2307 2674 1574 3060
4 1313 2817 1314 2956
4 1880 1761 1970 2680
4 2419 2573 2679 3135
4 2523 3067 2742 3239
4 1633 1635 2151 2673
4 1181 1149 1360 2976
4 436 32 2034 2615
4 1924 2930 1830 3074
4 2612 2878 2496 2995
4 2471 2852 2561 3218
4 1487 1295 1033 2978
4 1259 1464 1258 2889
4 2452 2761 2567 2963
4 1217 1218 217 649
4 756 786 782 2734
4 2556 2846 2693 2992
4 2500 2831 2634 3080
4 2468 2968 2640 3039
4 2389 2375 2281 2689
4 2782 3192 2435 3213
4 2081 2072 1891 3055
4 2564 2939 2424 3163
4 1190 2866 1083 3133
4 1463 1311 1310 2922
4 806 2957 1320 3197
4 684 3037 2922 3188
4 1373 986 953 3228
4 1062 1061 1248 2778
4 2637 2822 2505 3069
4 963 1361 886 2935
4 1887 1772 1798 3065
4 2364 3067 2329 3239
4 2112 1678 1665 2914
4 2397 2366 2280 2958
4 665 2669 686 3129
4 2561 3110 1178 3218
4 649 217 1217 570
4 1335 205 1435 3080
4 1870 1907 2008 2852
4 1069 1053 2896 3162
4 1043 1376 1480 2942
4 159 84 37 2702
4 1491 1233 820 2592
4 1193 1476 1157 2636
4 2723 2960 2572 3049
4 1311 1310 2922 3188
4 556 94 1155 3221
4 772 2927 792 3020
4 1634 2212 1669 3181
4 1841 1840 1839 2971
4 2417 2692 3018 3051
4 654 572 634 3125
4 1936 2101 2046 3037
4 403 2281 2326 1542
4 2309 2063 387 3036
4 2182 1821 2181 2908
4 1154 1156 555 1183
4 470 119 1018 2985
4 2655 2756 2530 3070
4 883 884 2868 3212
4 2368 2393 2346 3136
4 2153 1655 2722 3158
4 568 2772 1555 2854
4 111 2873 2627 2889
4 1165 1339 2997 3033
4 1137 1216 1215 2744
4 1054 1055 1028 3021
4 2724 2728 2428 3156
4 159 84 2702 3096
4 651 683 607 2797
4 1453 1287 2664 3236
4 940 951 2846 3193
4 2725 2571 3050 3206
4 2688 2696 2469 3091
4 2733 3023 2480 3053
4 52 453 1464 2889
4 2484 3079 2838 3245
4 737 725 695 2998
4 1407 1375 1216 2977
4 694 2917 734 3124
4 1106 1107 1108 2800
4 224 1579 1938 593
4 2471 2561 2852 2888
4 2770 3131 2204 3181
4 2390 2957 2350 3197
4 89 2921 949 3097
4 1417 1075 1369 3213
4 2532 2939 2564 3163
4 629 2006 255 2772
4 218 612 826 3016
4 1829 1831 1830 2930
4 8 418 1785 1744
4 2530 2883 2560 3138
4 2625 3029 2950 3230
4 2631 2741 2549 3158
4 1382 1176 1528 3115
4 2447 2675 2581 3071
4 2887 3067 2523 3239
4 1649 2762 1903 3189
4 1566 2020 2016 2974
4 2847 2855 2487 3100
4 2632 3108 2393 3136
4 651 683 2797 3127
4 1475 1462 1289 2872
4 2261 2169 2642 2897
4 2553 3023 2733 3224
4 1634 2938 2212 3181
4 2408 3114 2722 3158
4 684 634 2922 3037
4 2645 2767 2417 3018
4 1433 1358 1134 2955
4 1843 2035 38 437
4 2560 2753 2538 3170
4 2673 2910 2575 3186
4 698 279 1521 1230
4 2076 2077 2240 2822
4 2418 2914 2557 3201
4 2451 2565 2868 3028
4 2621 2929 2429 3098
4 2533 2832 2729 3102
4 1169 1179 1207 3216
4 2572 2451 2723 3049
4 2460 2659 2622 3180
4 603 208 610 3022
4 1007 1009 1307 3072
4 658 662 589 2636
4 864 988 1375 3098
4 2609 2892 2866 3133
4 1730 1732 2223 2710
4 1318 1049 1498 3069
4 1085 1083 1190 2866
4 1262 2782 1261 3043
4 1371 2757 3208 3242
4 2704 2757 2545 3242
4 1802 2603 2970 3237
4 2460 3096 2816 3180
4 2421 3120 2648 3148
4 2100 2870 2193 3045
4 2752 2895 2509 3031
4 1710 2760 1701 3170
4 1751 1750 1749 2619
4 2622 2792 2460 3180
4 2001 1548 2000 3175
4 1425 3205 2757 3242
4 1437 1429 1142 3112
4 89 947 949 2921
4 2414 2862 2584 2904
4 1196 1400 1105 3059
4 1785 2058 2230 2864
4 2236 1929 1930 2975
4 1561 1931 226 574
4 2018 2027 2026 2674
4 255 2006 1555 2772
4 1543 2071 2070 2839
4 2170 1880 1970 2973
4 1441 1134 1352 2955
4 89 88 2921 3097
4 1027 1076 1025 3066
4 2364 2345 2394 3001
4 2324 827 2958 3144
4 1384 1082 1057 2892
4 607 687 649 2797
4 2835 2422 3029 3230
4 920 2757 1425 3205
4 1169 2737 1179 3216
4 470 118 471 2985
4 37 154 84 544
4 118 15 62 485
4 152 33 80 545
4 58 11 116 484
4 106 52 5 465
4 142 31 78 524
4 166 47 94 564
4 104 1 48 464
4 66 19 128 505
4 90 43 164 565
4 74 27 140 525
4 2403 800 760 2755
4 1380 1176 1382 2805
4 963 81 1412 3107
4 2408 2659 2622 3054
4 2508 2671 2983 3074
4 360 816 2344 2283
4 2225 1734 1769 3085
4 1254 1199 1253 2924
4 1538 820 2592 3019
4 668 2671 669 3217
4 1911 2865 1956 3245
4 1685 1681 1717 2861
4 948 949 947 2921
4 1418 1064 2879 2991
4 1580 2155 374 2316
4 2721 2989 2565 3028
4 1500 1499 1315 2956
4 534 532 158 3107
4 2419 2679 2584 3135
4 1863 2823 1864 2988
4 2140 1813 2106 2749
4 2750 2427 2947 3220
4 2469 2595 2798 3185
4 2590 2453 2869 2932
4 1989 2900 1993 3179
4 783 768 789 2763
4 1863 1865 1864 2823
4 456 115 54 3145
4 2431 2757 2704 3242
4 143 855 519 853
4 1754 2979 2768 3176
4 790 327 780 2756
4 771 772 750 2927
4 2872 3022 1475 3188
4 1662 1643 1645 2675
4 2316 374 1580 2315
4 842 1181 1360 3126
4 1457 822 1528 3115
4 2457 2652 2731 2877
4 940 959 951 3193
4 2039 1753 2040 3176
4 515 516 851 2882
4 528 153 1112 529
4 2102 2134 2779 3173
4 551 550 167 2856
4 16 1772 1704 2608
4 809 1266 193 3081
4 2408 2809 2722 3114
4 1815 2631 1747 3113
4 29 432 25 2607
4 1815 2083 1747 2631
4 2557 2758 2585 3193
4 838 313 1385 751
4 2489 2722 2605 3114
4 1771 16 426 2121
4 2508 2586 2930 3074
4 1444 964 1441 3177
4 2817 2521 2956 2964
4 2183 1907 1905 2852
4 2513 3018 2692 3051
4 208 810 1459 3022
4 2698 2777 2597 2932
4 1431 3096 2816 3194
4 1685 2108 1684 2966
4 406 2318 2278 2975
4 2773 3050 2571 3206
4 2492 2562 2979 3083
4 2800 3063 2430 3078
4 1506 805 1185 3226
4 806 2350 2957 3197
4 2020 2255 2017 2974
4 2379 2382 2335 3209
4 2253 2689 1927 2878
4 2481 2935 2687 2989
4 2118 702 2897 3128
4 1054 1028 2961 3021
4 2900 2993 2588 3179
4 1924 1828 1830 2930
4 924 2656 1349 3211
4 1136 1446 1307 3072
4 2538 2858 2560 3170
4 535 161 1103 2829
4 2403 760 2312 2755
4 2622 2717 2460 2792
4 159 33 158 2579
4 64 2599 2828 3086
4 2439 3043 2762 3189
4 2620 2875 2529 3221
4 2496 2962 2689 3235
4 1820 2186 1909 2668
4 378 1986 1552 2336
4 815 1260 338 2302
4 1954 1588 26 3150
4 1663 1652 2174 3105
4 2409 2895 2752 3232
4 2475 3173 2782 3192
4 136 137 498 979
4 1202 1203 823 2643
4 2440 2590 2869 2932
4 1335 577 205 3080
4 2436 2764 2574 3177
4 2513 2692 2694 3051
4 948 949 2921 3097
4 2478 2810 2699 3052
4 1299 2761 1424 3165
4 2787 2877 2652 3240
4 1305 3139 2672 3194
4 1064 1281 1418 2879
4 790 1558 327 2756
4 110 5 1 2627
4 1934 2069 2080 2891
4 1368 1433 2955 3205
4 1428 2676 1455 3231
4 1912 1949 2252 2883
4 2652 2787 2439 3189
4 2557 2890 2846 3193
4 1660 2093 3011 3203
4 1677 2005 1675 3038
4 2560 2858 2413 3170
4 1538 820 1233 2592
4 1150 1067 1151 3160
4 448 2655 1210 3103
4 1044 1482 1276 2618
4 834 640 202 3013
4 144 1247 512 2780
4 2109 1597 2133 2941
4 2762 2782 2494 3043
4 1262 1437 1417 3213
4 1444 2994 1449 3177
4 52 2873 111 2889
4 1236 1238 1515 3019
4 1520 266 709 1222
4 1831 1832 1830 3005
4 816 1504 359 2344
4 1960 2865 3001 3046
4 1628 1626 2091 2717
4 2595 2483 2847 3185
4 2423 2743 2611 2966
4 2638 2765 2518 2952
4 2502 2765 2638 2952
4 2287 3197 1323 3215
4 1912 2894 1913 3138
4 57 1326 56 3182
4 2132 2608 1772 3244
4 2250 2296 1564 408
4 1441 1368 1433 2955
4 1152 1153 1201 2701
4 553 552 171 2862
4 1159 1241 1242 2752
4 2136 1866 1868 3052
4 1243 301 1519 776
4 151 150 27 2617
4 202 1365 834 3013
4 2531 2887 2742 3032
4 735 694 734 3124
4 3041 3231 2463 3236
4 2741 3114 2408 3158
4 2102 2146 2134 3173
4 2675 2707 2446 2937
4 1648 1646 2652 3189
4 2564 2951 2532 3163
4 2516 2945 2674 3209
4 82 83 1107 3059
4 745 706 693 2837
4 2631 3158 2083 3214
4 2203 1877 2037 2928
4 279 698 741 1230
4 468 116 2843 3182
4 2405 2682 2663 2976
4 2531 2887 3032 3132
4 1368 964 873 2718
4 709 711 267 1520
4 1843 1841 2629 2971
4 1819 1794 1818 2965
4 1192 3067 2887 3239
4 701 709 266 1222
4 2527 2929 2621 3098
4 2243 1545 398 2289
4 2672 2770 2420 3130
4 1659 2112 1665 2914
4 2453 2777 2698 2932
4 2407 2824 2587 2835
4 2170 1539 2262 2933
4 841 1521 1231 2683
4 1466 1240 2657 3218
4 453 452 1461 3141
4 69 68 493 1224
4 1444 1140 2994 3191
4 2401 794 799 2813
4 1964 1963 1557 2917
4 2520 3105 2791 3156
4 145 856 854 522
4 792 772 771 2927
4 309 1379 1510 2763
4 810 1475 3022 3188
4 2319 2363 2395 2612
4 1760 1710 1701 3170
4 521 144 1206 1038
4 2077 2239 1786 2822
4 693 706 602 2837
4 2369 2302 2372 3094
4 1402 1074 1378 3120
4 306 1205 1524 771
4 2640 2699 2478 2810
4 798 692 759 2845
4 2148 2085 2960 3049
4 668 3061 2671 3081
4 1236 1069 1237 3162
4 1317 1320 2957 2959
4 2662 2711 2445 3011
4 1412 1112 1406 2804
4 2451 2868 2565 3212
4 317 763 754 1967
4 2722 2809 2605 3114
4 407 2351 2318 2236
4 52 5 111 2873
4 2248 1953 2094 2663
4 2495 2853 2644 2942
4 301 1243 778 776
4 1501 2612 1187 3086
4 2389 2689 2995 3226
4 654 681 619 3125
4 1736 3023 2228 3085
4 684 634 633 2922
4 633 684 2922 3188
4 2242 1956 1911 2865
4 2271 1909 2186 2668
4 2620 2799 2529 2875
4 759 692 601 2845
4 2518 2864 2638 2952
4 147 2780 512 3076
4 2500 2996 2800 3063
4 80 2687 2935 3107
4 334 1439 842 2392
4 51 448 1207 1210
4 2586 2510 3005 3074
4 829 1277 1523 3090
4 367 1497 2280 1514
4 1857 2847 1856 3185
4 17 134 2593 3065
4 1063 1384 983 2949
4 1903 2146 3010 3173
4 401 1568 2066 2310
4 2102 2779 1676 3151
4 216 1218 818 2797
4 193 1266 581 3081
4 2489 3114 2605 3222
4 655 585 604 2895
4 1363 1449 2764 3177
4 1311 2872 1475 3188
4 1394 3145 2858 3216
4 2397 2319 2318 2975
4 2633 2701 2415 2946
4 1292 1293 1294 3137
4 1855 1857 1856 3185
4 1157 1194 1063 2949
4 1410 3096 1431 3194
4 2435 2859 2568 3213
4 1556 2878 2241 2975
4 88 2911 947 2921
4 2669 3061 665 3081
4 1541 252 2065 3159
4 1656 2981 2134 3173
4 2420 2730 2867 3131
4 2392 2284 2359 3126
4 730 733 716 2897
4 1603 1605 2781 3195
4 2390 2350 2380 3197
4 2089 2884 1695 3054
4 1676 1675 1687 3038
4 317 2254 763 1967
4 657 570 687 3016
4 570 612 218 3016
4 2670 2838 2488 3245
4 2412 2941 2564 2977
4 1283 1398 1401 2696
4 1724 2103 1805 2913
4 1259 1257 1260 2885
4 1809 1603 2781 3148
4 781 2259 322 1944
4 2204 2043 2042 2770
4 1430 2766 1079 3211
4 243 611 2070 3055
4 2649 2779 2425 3192
4 729 697 732 2805
4 2281 403 2244 1542
4 1258 1525 2632 2889
4 636 676 670 2634
4 15 62 127 2631
4 1299 1424 1079 3165
4 2558 2531 2962 3235
4 1042 987 986 2834
4 518 519 522 854
4 2585 2758 2557 3038
4 218 826 1217 3016
4 1311 1475 810 3188
4 2482 2563 3005 3007
4 1005 1004 2733 3088
4 682 654 634 2613
4 1017 62 470 2985
4 1650 1651 1649 2912
4 2626 2711 2572 3012
4 554 949 168 3097
4 2275 2973 1970 3095
4 1770 2121 1798 3065
4 588 1572 3084 3092
4 1105 82 537 3059
4 2577 2891 2831 3027
4 2687 2935 2443 2989
4 1097 1098 1096 2980
4 512 146 514 2780
4 63 125 476 1015
4 1384 1082 2892 3238
4 2158 2152 2099 2641
4 1795 1774 2178 2678
4 965 2725 1256 3206
4 1255 1513 827 3144
4 2012 1662 1645 2937
4 2613 2922 634 3037
4 57 1493 1047 1326
4 1964 2258 2266 2917
4 1953 1952 1882 2663
4 535 163 536 2829
4 86 2980 1099 3009
4 1520 711 267 839
4 90 2879 2678 2991
4 653 229 1551 575
4 1464 1395 53 3068
4 2042 2204 2770 3131
4 1151 2701 1152 3160
4 2544 2632 2627 3108
4 1996 1995 1923 3129
4 1436 896 933 3139
4 1385 1212 838 2682
4 643 688 647 3143
4 1840 1838 1839 3121
4 1541 614 252 3159
4 2896 2973 2498 3095
4 553 2862 170 3097
4 1395 451 53 3068
4 42 1919 445 1796
4 2153 2157 1655 3158
4 1525 825 1258 2632
4 1238 273 700 802
4 2705 2710 2522 3169
4 985 987 989 2944
4 1992 2191 2802 3199
4 965 874 1366 2725
4 2588 2525 3157 3238
4 700 721 731 3184
4 1083 2892 1082 3133
4 1459 610 208 3022
4 1473 1190 1266 3081
4 957 1051 980 2862
4 746 726 705 3210
4 714 290 694 3124
4 2401 2356 794 2813
4 1168 1502 1334 2690
4 1008 1009 1007 2843
4 2416 2849 2680 2886
4 1005 1347 1077 2907
4 2284 334 842 2392
4 2200 2205 1670 2687
4 1550 623 232 3061
4 1827 1829 1828 2930
4 1955 2128 1587 2982
4 686 665 618 2669
4 2147 2704 1658 3200
4 77 76 513 3076
4 1159 74 75 517
4 1503 2297 2333 364
4 1995 1550 232 3061
4 2340 2305 340 3090
4 1996 1924 1550 3061
4 2200 1622 2202 2989
4 2595 2847 2483 2855
4 1405 1501 1158 2828
4 1475 1290 1459 3022
4 1034 1391 132 1060
4 2805 2933 729 3184
4 2493 2563 2984 3040
4 2764 2994 2574 3177
4 817 639 3033 3152
4 970 1395 1373 3068
4 1603 1604 1605 3195
4 1875 2195 2197 2830
4 1820 1791 1892 2635
4 531 1111 1098 3130
4 1973 1972 1977 2832
4 969 2858 1394 3145
4 1455 1453 3231 3236
4 2049 3092 1889 3121
4 773 788 762 2643
4 2603 2943 2415 2970
4 243 595 611 3055
4 1302 2676 1428 3219
4 858 859 857 2939
4 2270 2801 1583 3210
4 1520 839 1223 2714
4 2339 2281 404 2244
4 625 671 670 2831
4 2983 3081 809 3217
4 2443 2935 2687 3107
4 2704 2749 2545 3200
4 2018 2222 2027 3056
4 2370 2305 2367 3090
4 2457 2667 2747 3004
4 147 76 29 2951
4 2431 2749 2685 3242
4 2208 2206 32 438
4 1409 1198 950 2739
4 2475 2969 2981 3192
4 1769 1736 2228 3085
4 1426 1451 881 2723
4 4 1703 1777 413
4 819 1497 2361 366
4 865 2648 1074 3208
4 58 2843 2580 3072
4 1723 1805 2145 2915
4 2650 2793 2458 2857
4 1992 1871 2191 3199
4 2703 2826 2488 3024
4 2095 1789 1899 3207
4 2451 2868 2600 3028
4 744 707 2355 2874
4 2658 2726 2518 2909
4 288 1539 703 2933
4 1889 3092 2591 3121
4 896 895 897 2910
4 1321 806 1320 3197
4 2041 2149 2040 2681
4 670 676 595 3055
4 1647 1649 1903 3189
4 1305 2672 1304 3130
4 1083 1084 1081 2866
4 2587 2824 2407 3140
4 1849 2615 2032 3078
4 1716 1715 1713 2849
4 2500 2831 2577 2891
4 1183 3178 2875 3221
4 1367 1256 1366 3073
4 2689 2962 2496 2995
4 2107 1658 2704 3225
4 1487 2848 1000 3169
4 908 2877 2787 3240
4 928 943 929 3018
4 1271 1244 1372 3206
4 1919 2620 1918 3082
4 1499 1318 1316 3069
4 1960 3001 2246 3046
4 1268 3030 959 3193
4 110 111 5 2627
4 2603 2485 2946 3160
4 2221 1726 1728 2785
4 677 684 603 3188
4 2487 2847 2595 2855
4 2559 3071 2581 3198
4 1949 1951 2252 2883
4 2102 1676 1688 3151
4 2495 2853 2618 3035
4 1005 2907 1077 3088
4 2745 2758 2585 3038
4 1122 2818 1120 3204
4 1787 2670 1724 3233
4 2508 2609 2866 3133
4 811 1342 1338 2997
4 2451 3028 2600 3049
4 2162 2093 2160 3011
4 88 947 89 2921
4 515 151 516 2882
4 1503 2333 2995 3226
4 2284 1479 333 2353
4 2122 2113 2135 3148
4 94 175 47 3082
4 1411 2685 1078 3242
4 665 3061 2669 3129
4 1631 1630 1632 2926
4 874 876 1366 2903
4 1228 2840 1229 3143
4 2455 2897 2570 3115
4 1694 2209 2194 2702
4 468 2843 1010 3182
4 2495 2942 2925 3122
4 696 727 733 3134
4 1731 2786 2090 3174
4 2711 3011 2662 3203
4 677 610 678 3022
4 1809 2113 1603 3148
4 2550 3137 3109 3155
4 1432 1309 1430 2766
4 66 19 138 2902
4 816 360 1507 2283
4 691 2268 590 2801
4 142 510 2739 3154
4 1374 2811 988 3098
4 2362 399 1545 2289
4 1697 2869 1616 3168
4 2488 3032 2887 3132
4 1903 1987 2146 3173
4 1490 1006 1004 2733
4 2531 2558 3132 3235
4 1917 2224 2214 3116
4 406 2278 1556 2975
4 1720 1780 1719 2748
4 1621 1622 1623 3028
4 917 2969 921 3164
4 1963 2706 1948 3153
4 1099 86 87 2980
4 766 785 751 2682
4 2493 2984 2566 3040
4 1496 60 473 2959
4 2567 3165 2766 3211
4 1789 2095 1756 2979
4 2689 2962 2531 3235
4 493 492 133 1512
4 2029 3109 2225 3155
4 1148 454 1149 3141
4 2 415 3 2753
4 288 703 719 2933
4 1270 975 1072 2796
4 2137 2999 2154 3244
4 1453 2664 1454 3231
4 1892 1893 2169 2642
4 1425 920 1371 2757
4 1831 1833 1832 3005
4 1688 1706 1707 3151
4 2067 2742 2256 3032
4 2588 2900 2512 2993
4 1323 350 2287 3215
4 2497 2920 2613 2922
4 1019 2814 1017 2985
4 785 765 784 3008
4 2580 3012 2444 3053
4 58 1009 2843 3072
4 570 218 1217 3016
4 2531 2962 2689 3226
4 2013 2142 2145 2880
4 1453 1286 1287 3236
4 2338 2380 2383 2726
4 77 856 857 858
4 2030 2226 2031 2776
4 1627 2089 1695 3054
4 421 14 15 3113
4 1053 1146 1237 2896
4 809 2983 1473 3081
4 737 727 711 3134
4 302 1519 776 749
4 1399 2875 1239 3149
4 1813 2147 2092 3200
4 1551 1988 229 653
4 1519 302 840 749
4 2193 2191 2015 3199
4 1604 2819 1674 3195
4 494 64 65 1060
4 2351 2366 2397 2893
4 1305 1436 3139 3194
4 407 2250 2351 2236
4 2532 2780 3076 3117
4 743 2402 738 2936
4 1490 2733 1004 3224
4 2500 2577 2831 3080
4 2211 2677 2210 3223
4 2169 2642 2897 3014
4 148 850 851 852
4 603 3022 677 3188
4 2922 3037 2497 3188
4 1397 488 489 3030
4 2776 2812 2502 3036
4 2333 363 2303 3226
4 1346 1011 477 2916
4 2052 2086 1553 2881
4 2962 2995 2689 3226
4 64 1060 494 3086
4 2523 2865 2578 3001
4 840 1242 1519 2700
4 734 2917 722 3153
4 1565 3129 652 3179
4 2553 2978 2776 3085
4 1873 2192 2022 2688
4 139 495 138 2992
4 1069 2896 1237 3162
4 1309 2766 1432 3222
4 170 2862 2584 3097
4 2685 3187 1078 3242
4 2361 2363 819 366
4 2147 2749 2704 3200
4 290 714 2116 3124
4 1165 1340 1339 3033
4 2340 340 1478 3090
4 22 427 1978 2736
4 2542 3109 3137 3155
4 1113 2841 1452 3219
4 1641 1640 1642 3229
4 2402 2311 738 2936
4 947 88 89 2911
4 2258 694 290 3124
4 1005 1004 1006 2733
4 1954 1888 1588 3150
4 1151 1153 1152 2701
4 30 1593 431 3002
4 1188 1513 2876 2958
4 2154 2132 1772 3244
4 744 2355 2400 2874
4 2278 2339 405 2253
4 1026 2961 1027 3066
4 1410 935 1431 3096
4 1017 2814 62 2985
4 1756 2979 1755 3083
4 1346 1445 1136 2916
4 2473 2726 2658 2909
4 1503 2297 1518 2995
4 2386 2294 2390 2957
4 2901 2934 2499 3144
4 1177 1197 1483 3042
4 2296 2314 2365 2934
4 1760 1800 1799 2898
4 2586 3005 2930 3074
4 2469 2696 2688 3015
4 1272 1199 968 2693
4 1690 1677 1683 2902
4 2224 2993 2214 3116
4 77 143 855 522
4 844 847 220 3232
4 1455 1288 1453 3236
4 2898 3170 2413 3237
4 463 1 5 416
4 440 37 33 543
4 31 27 523 434
4 43 47 446 563
4 19 23 428 503
4 483 15 11 422
4 2160 1695 2159 2884
4 2352 2385 2384 2765
4 2389 2995 2333 3226
4 2387 2388 2320 2684
4 2309 2374 2371 3036
4 1720 1780 2748 3246
4 1960 1898 1956 2865
4 2339 2253 2278 2878
4 1386 3103 2655 3104
4 938 2877 908 3240
4 866 1374 988 3098
4 882 883 884 2868
4 145 966 1247 856
4 1144 1178 3110 3218
4 2377 2347 2386 2972
4 2284 842 1479 3126
4 2695 3122 2433 3187
4 1844 1842 1843 2738
4 129 67 500 974
4 1642 2654 1644 3229
4 1462 1122 1120 3204
4 1196 2829 1356 3013
4 2421 2596 3120 3148
4 1503 2995 1186 3226
4 2695 2785 2495 2954
4 1638 1693 2651 3223
4 1371 1425 2757 3242
4 1830 3005 1832 3074
4 1346 475 124 1013
4 1082 1083 1081 2892
4 1239 3149 2875 3178
4 2384 2383 2325 3215
4 2218 1781 2255 3035
4 17 64 134 3065
4 2532 3076 2794 3117
4 2896 3095 2498 3162
4 1912 2114 1913 2894
4 1367 3050 1256 3073
4 2147 1658 2152 3200
4 668 622 669 2671
4 2546 2574 3017 3174
4 2110 1781 2218 2644
4 227 624 574 3116
4 2034 2205 2032 2615
4 1919 42 445 46
4 11 126 58 2708
4 1020 1022 1021 2931
4 1654 2148 2165 2960
4 1988 1565 230 3179
4 2118 2897 2261 3128
4 1722 1720 2925 3246
4 2124 1802 2970 3237
4 1546 2074 2075 2905
4 948 1383 957 3097
4 9 56 122 2658
4 1184 1418 1399 2991
4 492 1391 1512 2876
4 684 578 650 3037
4 2018 1549 2017 3209
4 771 1524 305 762
4 2137 2154 1887 3244
4 2314 409 2232 1564
4 2495 2644 2853 3035
4 596 1995 3061 3129
4 2189 1552 1986 2919
4 2371 2374 2349 2812
4 321 781 752 2259
4 2733 3088 1004 3224
4 1900 1760 2129 3170
4 2532 2939 2794 3076
4 92 93 1235 3162
4 1142 1070 1075 2859
4 593 656 605 2923
4 1323 3197 2909 3215
4 1401 1406 1284 3091
4 146 147 2607 2780
4 805 3067 2303 3226
4 2389 2395 2297 2995
4 1124 1143 2844 3204
4 842 1360 1479 3126
4 1632 1634 1633 2938
4 44 444 45 2904
4 2327 2378 2373 2817
4 2022 1855 2769 3185
4 2323 2386 2390 2881
4 133 1512 1391 1035
4 911 1262 1261 3043
4 2323 2390 2308 2881
4 2603 2898 2413 3237
4 1788 1911 1956 3245
4 749 776 777 2700
4 1754 1755 1756 2979
4 1587 1588 1586 3150
4 4 1777 2173 2873
4 680 640 672 3013
4 1656 1659 1664 2981
4 1769 1734 1736 3085
4 1817 1731 2090 3174
4 1764 444 44 2904
4 2510 2586 2983 3074
4 2554 2925 2942 3122
4 737 711 709 2714
4 1594 1596 1698 2951
4 680 672 598 2839
4 406 2236 2318 2975
4 2567 2761 3165 3211
4 1604 1674 1606 3195
4 1345 1474 2906 3152
4 1183 1239 2875 3178
4 1752 1754 1786 2768
4 665 596 3061 3129
4 720 704 275 3019
4 663 661 580 2808
4 1525 2632 2889 3141
4 591 660 659 2799
4 1618 1617 1616 2698
4 2086 2052 2055 2881
4 1456 1113 1452 3219
4 1823 2900 1994 2965
4 1960 2865 2242 3001
4 1268 2585 3030 3193
4 624 662 658 3116
4 448 105 449 3103
4 580 2808 661 3152
4 2069 1935 3027 3202
4 1501 819 1187 2612
4 2339 2389 2281 2689
4 399 1545 2246 2362
4 582 666 675 3033
4 2306 2337 2377 2905
4 1765 1902 2127 2647
4 89 554 88 3097
4 2306 2377 2386 2905
4 916 1449 1450 3077
4 472 1494 120 1322
4 1424 924 1349 3211
4 2512 2900 2588 2949
4 1136 1011 1346 2916
4 1229 1228 1234 2840
4 665 686 596 3129
4 2026 2674 2334 3209
4 2551 2794 2716 3167
4 1317 1320 1319 2957
4 2414 3095 2896 3162
4 1641 1643 2025 3229
4 1411 1370 1078 2685
4 2126 1716 1713 3135
4 1506 2887 1192 3067
4 2701 2946 2485 3160
4 2692 3018 2513 3183
4 724 278 841 1521
4 1317 835 1316 2972
4 572 830 2922 3125
4 2278 2878 1556 2975
4 1623 1621 3028 3203
4 2266 2917 2258 3124
4 278 724 698 1521
4 1686 1981 1680 2694
4 1917 1795 2178 2678
4 1940 1944 2259 3020
4 1772 16 1770 3065
4 1384 2949 1194 3238
4 119 1018 471 1498
4 2115 288 719 2933
4 2016 2017 1549 2974
4 126 58 2708 2916
4 1810 1751 1749 3214
4 2376 2381 2330 2851
4 697 2805 729 3184
4 2070 2072 243 3055
4 89 949 554 3097
4 2369 2286 2367 2625
4 2578 2524 2987 3046
4 1277 1522 1480 2853
4 705 2268 742 2801
4 657 687 641 2982
4 2489 3158 2631 3214
4 473 123 472 2959
4 1416 1029 1267 3006
4 869 867 1371 3208
4 1363 916 877 2764
4 2435 2779 2649 3192
4 2431 3208 2757 3242
4 55 107 459 971
4 1894 3029 1915 3230
4 2240 1899 2079 3207
4 1837 1838 1836 3040
4 2310 2391 2364 2742
4 2435 3173 2779 3192
4 1593 1682 1595 2646
4 473 472 1322 2959
4 1440 1135 1308 2741
4 2375 2389 2333 3226
4 1614 1613 1612 2686
4 288 2115 1539 2933
4 2341 2379 2292 2945
4 2514 2591 2997 3092
4 1616 2869 2698 3168
4 2396 2313 2387 2987
4 2370 2382 2331 2860
4 1325 833 1324 3215
4 1185 1503 1186 3226
4 1124 1122 1143 3204
4 748 767 325 2894
4 2414 2680 2849 2886
4 1865 1991 1867 2968
4 908 2787 910 3240
4 1344 2983 809 3217
4 728 734 722 3153
4 86 1099 87 3009
4 1648 1647 1646 3189
4 652 230 1565 3179
4 1428 1455 1131 3231
4 2244 1927 2253 2689
4 243 2072 595 3055
4 1101 87 1099 3009
4 1056 1080 1173 2986
4 977 957 2862 3097
4 718 283 1577 2998
4 2258 290 2116 3124
4 917 926 921 2969
4 1965 1585 1586 2895
4 62 2814 2619 2985
4 1636 1638 1637 3234
4 1736 1737 1738 3023
4 2143 2023 1812 2963
4 663 2808 580 3118
4 2678 2879 2512 2991
4 2389 2297 2333 2995
4 591 2799 659 3149
4 1093 1092 1091 2984
4 2578 2865 2523 3079
4 1576 2251 1953 3008
4 1868 1869 1870 2967
4 216 649 1218 2797
4 1542 2066 2067 2742
4 1790 2826 1706 3190
4 2627 2632 2544 3141
4 1412 80 81 528
4 2292 2379 2376 2945
4 1325 1328 1327 2765
4 758 2269 799 2813
4 133 498 502 1035
4 1782 2223 2222 3109
4 1543 2201 2071 2839
4 1598 1980 1596 3163
4 612 826 3016 3031
4 2492 2979 2562 3119
4 1497 2280 2361 367
4 2978 3085 2553 3224
4 2573 2849 2679 3135
4 698 724 736 2683
4 135 21 2593 3171
4 163 162 2582 2829
4 829 340 2305 3090
4 2249 2274 1913 2894
4 2332 2368 2372 2885
4 128 489 488 3030
4 1345 2906 3118 3152
4 2276 1552 2189 3230
4 2199 1672 2096 3015
4 1754 2768 1753 3176
4 1224 1221 1223 2901
4 703 731 729 3184
4 2129 1950 1900 2753
4 1343 1344 809 3217
4 651 216 818 2797
4 2313 2322 2387 2987
4 1406 1112 1284 2804
4 1733 1817 2087 2948
4 663 3118 616 3217
4 1239 1399 1183 2875
4 591 660 2799 3178
4 1680 1981 1679 3051
4 2482 3005 2586 3007
4 805 2303 363 3226
4 807 1314 1313 2817
4 795 800 1533 2755
4 2210 2207 1693 3223
4 702 730 716 2897
4 2116 2973 2266 3124
4 1022 2931 1050 3119
4 2847 3100 1858 3202
4 720 275 1515 3019
4 1634 1636 1635 3234
4 1637 1638 1639 3034
4 1569 2069 1935 3027
4 580 3118 2808 3152
4 1984 2260 2173 2627
4 703 729 2933 3184
4 2051 2050 2056 2726
4 135 2593 134 2876
4 1374 1215 988 2811
4 1628 1627 1626 2717
4 2248 2094 2217 3241
4 1500 1050 1022 2931
4 2340 3090 1478 3094
4 963 1412 1361 2935
4 1523 2950 1182 3090
4 227 574 1931 3116
4 1384 1194 1477 3238
4 678 664 609 3027
4 364 1503 2297 1518
4 2055 2075 2074 2905
4 880 878 879 2777
4 2063 2031 2061 3036
4 1101 1103 161 2829
4 494 132 492 1391
4 1726 1727 1728 2785
4 1310 209 633 3188
4 1027 1026 1028 2961
4 2584 2862 2679 3097
4 1172 1192 1354 2887
4 2535 3139 2816 3194
4 810 3022 603 3188
4 1966 1888 2219 2666
4 1960 2247 1898 3046
4 1805 1723 1724 3233
4 1231 1229 1155 2840
4 1345 2906 1164 3118
4 1715 1716 1761 2849
4 2334 2307 2376 2674
4 1275 813 1291 2945
4 718 695 283 2998
4 1610 1609 1608 2793
4 1461 1464 53 453
4 144 1396 1247 2780
4 1986 1983 1985 2919
4 1171 1208 1213 2838
4 1338 1165 1339 2997
4 2477 2892 3142 3238
4 1311 1462 2872 3204
4 2202 1620 1672 2719
4 1026 1025 1024 3066
4 1843 1842 1841 2971
4 56 469 57 3182
4 404 2253 2339 2244
4 1161 1182 1163 2950
4 2604 2498 2896 2973
4 804 1466 1240 2657
4 2822 2956 2505 3069
4 1449 1444 1140 2994
4 670 671 577 3080
4 2287 350 2325 3215
4 1777 1703 1702 2628
4 1474 1164 1345 2906
4 623 668 665 3061
4 1836 1835 1837 3040
4 1455 932 1288 3041
4 1169 1062 1179 2737
4 2153 2083 2157 3158
4 1186 1518 1501 2995
4 1323 833 350 3215
4 1414 1422 938 3240
4 1884 1883 1885 2946
4 2005 1690 2132 2758
4 847 569 220 3232
4 976 992 1377 2703
4 2505 2956 2822 2964
4 1213 2838 1208 3166
4 2148 2166 2085 3049
4 2627 2889 2632 3141
4 1331 1329 1296 2812
4 1841 1872 1843 2629
4 2154 2137 1807 2999
4 1139 1381 1240 3218
4 923 1351 893 2809
4 2267 699 292 3153
4 94 2840 1155 3221
4 1817 2161 2164 3174
4 2219 1954 1943 2665
4 2726 2909 2473 3197
4 2008 1541 2136 3159
4 668 669 638 3217
4 663 616 669 3217
4 1443 1304 1305 2672
4 2523 2742 2887 3032
4 2124 1710 1802 3237
4 1975 2261 2169 2642
4 1699 18 427 1978
4 2253 1556 2278 2878
4 850 515 851 2882
4 919 862 928 2645
4 1516 3103 1386 3104
4 2358 2315 2359 3241
4 592 667 621 2657
4 1823 1993 2900 3142
4 847 844 1241 3232
4 1493 1008 1046 3182
4 1378 1074 865 2648
4 1394 1030 1169 2858
4 451 1395 970 3068
4 722 292 699 3153
4 1856 2847 1858 3202
4 1587 1563 1955 2982
4 1739 1741 1740 3053
4 2287 351 1323 3197
4 18 1690 1699 2902
4 861 863 864 3025
4 1094 1092 1093 2984
4 591 2799 3149 3178
4 68 2901 2668 3171
4 1640 1638 1693 2651
4 1369 956 942 2649
4 1049 1499 1500 3069
4 1388 1402 1378 3120
4 1748 2235 12 2630
4 823 1203 1532 2643
4 2038 2211 2210 3223
4 2099 1658 1609 3225
4 1157 1064 1184 2991
4 1642 1671 1644 2654
4 1236 1235 1069 3162
4 862 863 861 3025
4 2613 2920 2548 3125
4 709 725 737 2714
4 1646 1691 1648 2652
4 2256 2067 2066 2742
4 2082 1743 1816 2708
4 59 1009 58 3072
4 2511 2822 2637 3069
4 1784 2228 3023 3101
4 1599 2109 1602 2929
4 468 1009 1010 2843
4 836 1293 1292 2851
4 1349 924 899 2656
4 1819 1823 1994 2965
4 2358 2359 3126 3241
4 1436 933 1443 3139
4 2240 2077 1786 2822
4 735 731 714 3124
4 1505 1189 1504 2987
4 1196 1356 834 3013
4 400 1568 2394 3001
4 220 644 844 3232
4 1386 1210 2655 3103
4 1533 2403 2353 2755
4 937 1372 1244 2661
4 1471 1259 2885 3140
4 1921 1922 1946 2624
4 1434 1351 923 3114
4 1066 1199 1272 3075
4 455 1364 1394 3145
4 1824 1923 1993 3142
4 1651 1653 1656 2899
4 1952 0 1797 1783
4 2591 3092 2514 3121
4 2496 2878 2689 2995
4 489 1397 129 488
4 2514 2997 2660 3092
4 1456 1302 1428 3219
4 2026 2027 1574 2674
4 1556 2236 406 2975
4 1677 1678 1683 3201
4 69 131 1225 1511
4 820 275 704 3019
4 2570 2897 2642 3014
4 1939 1802 1884 2970
4 965 1366 1256 2725
4 1394 2858 1169 3216
4 1523 1182 1478 3090
4 82 2800 2653 3059
4 1023 1079 1021 3165
4 1822 1824 1823 3142
4 47 445 46 3082
4 668 581 665 3081
4 2028 2030 2031 3155
4 1988 230 653 3179
4 2742 2887 2531 3067
4 1655 2139 2153 2722
4 2100 2196 1697 3045
4 2510 2983 2671 3074
4 1919 42 46 2009
4 2671 3061 2508 3081
4 2107 1607 1658 3225
4 2146 1792 2142 3010
4 867 865 1074 3208
4 938 908 910 3240
4 1609 1607 1608 3225
4 1894 1896 1915 3029
4 1656 1653 1659 2899
4 2067 3032 2245 3132
4 2310 2326 2391 2742
4 1556 2278 405 2253
4 880 879 881 2777
4 2669 2508 3061 3081
4 1454 1453 1287 2664
4 2401 2269 2300 2813
4 1144 1139 1178 3218
4 1794 1994 2178 2965
4 2220 1582 2237 2874
4 1863 1871 2823 3199
4 453 2889 111 3141
4 1420 78 79 511
4 1451 1426 1348 2723
4 1872 2035 1843 2629
4 1377 1354 1160 3024
4 1976 2118 2261 3128
4 1335 1170 1415 3080
4 1101 87 161 1102
4 829 1478 340 3090
4 1379 2763 768 3070
4 166 550 551 2856
4 891 2809 893 3180
4 2399 2813 2300 3241
4 1708 1787 1724 3233
4 2169 2897 1559 3014
4 2270 2216 1583 2801
4 71 1227 1457 490
4 1394 969 1030 2858
4 785 784 751 2682
4 1512 1255 1224 2901
4 1493 1326 57 3182
4 959 1268 1397 3030
4 1311 1143 1462 3204
4 963 1419 534 3107
4 966 512 1247 2780
4 1381 1128 1145 2810
4 1678 1700 1683 3201
4 2505 2817 2956 2964
4 966 2780 1200 3117
4 655 569 3031 3232
4 776 764 777 2700
4 1838 1889 2001 3121
4 652 653 230 3179
4 2100 1673 2193 2870
4 1428 1302 1455 2676
4 964 1368 1441 2718
4 941 951 968 2846
4 530 155 531 1111
4 325 767 2249 2894
4 1508 3067 1192 3239
4 2031 2226 2061 2776
4 2120 780 327 2756
4 1127 1125 1126 3003
4 2114 748 325 2894
4 2768 2979 2562 3176
4 1918 1796 1916 2620
4 1611 1609 1610 2793
4 132 65 501 1034
4 1466 1178 1240 3218
4 2069 2891 1854 3202
4 2353 2358 2284 3126
4 383 2026 2334 3209
4 1697 1616 1614 3168
4 287 719 702 3128
4 1294 1295 1487 3137
4 935 533 1423 3096
4 823 305 1524 762
4 752 1560 321 2259
4 1789 3047 1899 3207
4 1131 1453 1454 3231
4 891 923 893 2809
4 1226 3044 839 3134
4 922 3172 2662 3212
4 1374 1263 1215 2811
4 1556 2241 1929 2975
4 1162 1537 2824 3140
4 151 150 2617 2882
4 1920 1919 1918 3082
4 616 1343 194 3217
4 1079 1430 1309 2766
4 694 291 722 2917
4 736 726 698 2683
4 1464 453 1461 2889
4 1787 1788 1724 2670
4 741 745 1531 2837
4 590 2268 2216 2801
4 2131 1886 1945 2633
4 696 1527 268 3134
4 530 1111 531 3130
4 1449 916 1363 2764
4 696 268 711 3134
4 1564 2250 2234 2893
4 456 1250 1364 3145
4 869 1371 920 2757
4 768 769 310 3070
4 400 2394 2362 3001
4 1082 3133 2892 3238
4 1111 1305 1304 3130
4 809 194 1343 3217
4 1706 2111 1708 2826
4 809 1473 1266 3081
4 907 1285 918 2707
4 376 2346 2285 3136
4 2508 2983 2671 3081
4 2120 327 1558 2756
4 1810 2083 2153 3214
4 2147 2107 1658 2704
4 945 984 1388 2715
4 2875 3178 2529 3221
4 2268 705 1583 2801
4 1031 559 1037 558
4 1051 1065 1053 2886
4 1000 1487 1002 2848
4 1710 1760 1799 3237
4 1987 1656 2134 3173
4 530 154 84 3130
4 2123 1591 1803 3002
4 2147 1813 2140 2749
4 604 648 655 2895
4 1410 533 935 3096
4 2365 2357 2279 2934
4 1995 596 231 3129
4 2034 2032 1849 2615
4 1941 1560 1942 2836
4 1114 1109 1170 2996
4 995 993 994 2695
4 588 240 626 3084
4 2680 2886 2414 2896
4 2456 2601 2915 3233
4 1103 537 160 535
4 1187 1188 1060 3086
4 689 2845 644 3232
4 292 722 1557 3153
4 918 1437 1262 3112
4 1723 1707 1708 3233
4 953 952 1373 2743
4 1772 1770 1798 3065
4 1249 3076 966 3117
4 1010 2843 1008 3182
4 2504 3033 2591 3175
4 1927 2689 1926 3235
4 655 648 569 3232
4 2240 2095 1899 3207
4 2098 2161 1696 3017
4 667 681 614 3159
4 1424 1430 1079 3211
4 963 1355 1419 3107
4 1960 2242 2246 3001
4 1145 1467 1381 2810
4 400 2246 1568 3001
4 83 82 537 1105
4 83 1105 1107 3059
4 633 209 603 3188
4 638 194 809 3217
4 711 268 839 3134
4 1767 2127 1793 2947
4 1802 1799 1883 3237
4 1951 1952 2251 2606
4 2267 292 1557 3153
4 1292 1275 1291 2945
4 287 2115 719 3128
4 830 572 211 3125
4 1386 1516 1210 3103
4 1633 2151 2139 3048
4 82 1105 83 3059
4 1336 830 211 3125
4 2578 3001 2865 3046
4 1822 1819 1821 2908
4 744 2265 740 2874
4 697 729 721 3184
4 2134 2981 2779 3173
4 1868 1866 1867 2699
4 2279 2365 2934 3144
4 1605 1606 1607 3195
4 1141 550 93 1235
4 1263 1244 1127 3039
4 1205 1152 1201 2927
4 1289 1116 1290 2855
4 1252 925 1251 2728
4 1950 2097 2 2753
4 1852 1853 1854 3063
4 820 1515 275 3019
4 1935 1858 3100 3202
4 2979 3083 2562 3176
4 1176 1380 1526 2805
4 1554 1934 2080 2831
4 1480 1522 1043 2853
4 693 643 1531 2837
4 2325 350 833 3215
4 2840 2923 2404 3143
4 758 1584 2269 2813
4 1336 211 619 3125
4 2275 2266 1970 2973
4 1141 1233 550 1235
4 2111 1890 2245 3132
4 531 1100 1098 1111
4 1853 2022 1855 2769
4 754 797 2263 2918
4 1069 1053 1237 2896
4 2497 2922 2613 3037
4 538 161 1102 160
4 2541 2836 2643 3243
4 1562 3108 2260 3136
4 1323 1321 2909 3197
4 1404 1414 912 3099
4 2217 1584 2248 2813
4 2317 2393 2360 2632
4 1529 798 778 2845
4 699 713 728 3153
4 1413 1298 1421 2990
4 691 2268 222 590
4 1903 1649 1987 2762
4 1387 936 878 2932
4 2593 2876 135 3171
4 990 1376 1043 2942
4 1363 1444 1449 3177
4 2198 2096 1697 2869
4 1944 322 791 2273
4 114 115 455 3145
4 2196 2100 2193 3045
4 2413 3170 2760 3237
4 1706 1790 2111 2826
4 2604 2498 2973 3124
4 1090 1088 1089 3007
4 568 606 607 2854
4 1623 1624 1625 2721
4 2757 3205 2545 3242
4 2163 1660 2162 2711
4 1323 2909 1324 3215
4 1896 2218 2257 3029
4 2366 2324 2280 2958
4 859 1375 1407 2977
4 966 3076 2780 3117
4 944 943 1250 2692
4 1533 846 795 2755
4 2484 2838 2670 3245
4 742 296 2268 705
4 1840 2049 1889 3121
4 1508 1506 1192 3067
4 609 664 594 3027
4 1017 470 1018 2985
4 2246 400 2362 3001
4 1910 1793 2127 2947
4 644 692 1529 2845
4 705 739 746 2801
4 987 990 989 3122
4 1767 1774 1773 2614
4 1489 1150 1152 3160
4 2400 2298 2265 2874
4 339 2340 1478 3094
4 2156 1663 2171 2724
4 1262 1417 1261 2782
4 1527 839 268 3134
4 1310 810 209 3188
4 1974 1978 2002 2736
4 1180 1179 1062 2737
4 65 1060 64 3086
4 1488 1295 1296 2978
4 2684 2987 2524 3046
4 2403 1533 800 2755
4 453 1461 2889 3141
4 1643 1642 1644 3229
4 376 2285 1562 3136
4 1211 1516 1212 3103
4 1575 294 712 2953
4 310 1379 768 3070
4 633 2922 1310 3188
4 1271 965 1256 3206
4 2402 738 262 743
4 1534 803 1489 2735
4 65 64 488 1036
4 1578 1966 2219 3000
4 757 329 765 3008
4 2518 2909 2726 3215
4 1509 846 1479 2755
4 743 701 1530 2936
4 1503 363 2333 3226
4 799 331 2269 758
4 2266 2116 2170 2973
4 674 673 613 2660
4 939 1268 940 3193
4 842 1479 333 2284
4 1366 936 1367 3073
4 1224 493 69 1512
4 1635 1637 1661 3234
4 1918 1919 1796 2620
4 1308 1015 63 476
4 2528 2950 2625 3029
4 951 941 940 2846
4 710 712 294 2953
4 2092 2152 1814 3200
4 738 262 2311 2402
4 822 717 270 3115
4 794 801 758 2813
4 1926 1927 2244 2689
4 1256 1367 1121 3050
4 2214 624 227 3116
4 1638 2038 1693 3223
4 2132 1704 1772 2608
4 1849 2032 1851 3078
4 1719 1780 1806 2748
4 800 1533 315 795
4 10 1745 421 3113
4 1019 1017 1018 2985
4 588 1572 240 3084
4 1426 916 1450 3077
4 1232 551 167 2856
4 2211 1879 2210 2677
4 966 856 513 3076
4 968 1269 1460 2992
4 1287 1422 1427 3026
4 2234 2250 1930 2893
4 612 219 826 3031
4 513 856 77 3076
4 1313 1314 1315 2956
4 1739 2084 2045 3012
4 1225 1224 69 1511
4 1460 1269 1197 2992
4 798 692 179 759
4 2069 1854 1856 3202
4 2048 626 240 3084
4 1957 1555 1958 2854
4 2141 2025 3071 3198
4 2069 3027 2891 3202
4 2403 800 297 760
4 651 649 216 2797
4 1233 1141 550 2856
4 2184 1608 2188 2857
4 759 692 179 601
4 1277 1273 1274 2860
4 2287 2350 351 3197
4 1914 1881 2260 2627
4 1812 1757 1755 3083
4 1108 1107 1109 2800
4 385 2307 1574 3060
4 385 2064 2348 3060
4 769 821 310 3070
4 806 1323 351 3197
4 1345 580 196 3152
4 2033 2032 2205 3093
4 587 2263 690 2918
4 176 706 693 745
4 614 681 600 3159
4 1754 1752 1753 2768
4 1557 1963 1948 3153
4 1748 1775 2235 2630
4 1754 1753 1755 3176
4 1705 1687 2011 2745
4 473 472 121 1322
4 641 585 657 2982
4 1398 882 934 3064
4 1622 1621 1620 3028
4 2119 765 329 3008
4 1864 1866 1937 3052
4 1116 1289 1117 2855
4 2227 1540 2273 2734
4 2268 691 742 2801
4 2350 2390 2294 2957
4 950 510 857 3154
4 176 706 602 693
4 805 362 2303 3067
4 694 2258 291 2917
4 1557 722 291 2917
4 810 603 209 3188
4 1998 1830 1832 3074
4 1463 1337 1465 2920
4 2215 617 237 3175
4 849 851 1393 2882
4 934 882 884 3064
4 2125 283 695 2998
4 1082 1265 3133 3238
4 108 49 461 1045
4 739 742 178 646
4 1319 1320 806 2957
4 1534 307 775 750
4 1161 1071 1162 2824
4 645 181 779 797
4 1183 1399 1156 2875
4 1501 1187 1158 3086
4 760 297 2403 2312
4 1180 1510 1379 2763
4 715 270 717 3115
4 2125 1577 283 2998
4 1200 966 1396 2780
4 2022 1876 1855 3185
4 1445 1442 962 2720
4 2225 2029 2223 3109
4 2351 2296 2366 2893
4 1935 1856 1858 3202
4 1493 469 1010 3182
4 2269 2401 799 2813
4 518 149 519 852
4 997 998 999 2705
4 1863 2015 1871 3199
4 2491 3088 2733 3224
4 2273 791 756 323
4 619 211 572 3125
4 1927 2241 2253 2878
4 2402 1530 2354 2936
4 1171 1172 1208 2838
4 530 531 154 3130
4 383 2334 2335 3209
4 745 693 1531 2837
4 2523 3079 2865 3245
4 1667 1680 1679 3051
4 2014 2141 2025 3071
4 1565 1995 231 3129
4 938 1286 908 2877
4 1569 2080 2069 3027
4 2249 2114 325 2894
4 2006 2183 1555 2772
4 2347 2377 2288 2972
4 2271 2186 1577 2998
4 835 1312 1316 2972
4 2026 383 1549 3209
4 145 966 856 513
4 1168 1362 1502 2690
4 757 1576 329 3008
4 815 1182 1537 3094
4 1191 1167 1505 3079
4 1988 1989 1993 3179
4 1000 998 1486 3169
4 2318 2319 2278 2975
4 1596 1594 1595 2951
4 798 1529 692 2845
4 930 1389 1404 2791
4 1270 1397 1268 3030
4 2169 2272 1892 3014
4 1166 1167 1055 3021
4 450 451 107 970
4 1259 1260 1471 2885
4 886 885 887 2863
4 2950 3090 2625 3094
4 1288 906 1286 3236
4 2258 2917 694 3124
4 652 231 596 3129
4 569 644 220 3232
4 1137 1409 1216 2744
4 1339 1340 817 3033
4 710 294 2172 2953
4 287 702 2118 3128
4 744 281 740 2265
4 1177 1175 1197 3042
4 847 826 219 3031
4 2014 2025 1662 3071
4 795 801 760 2755
4 868 866 867 2754
4 2484 2865 3079 3245
4 1392 926 917 2969
4 1012 59 1011 1010
4 1335 1435 1170 3080
4 2199 2192 1672 3015
4 1862 1864 2101 2988
4 1019 1133 1017 2814
4 638 616 194 3217
4 473 61 60 1496
4 463 7 3 416
4 35 39 440 543
4 25 29 523 434
4 45 41 446 563
4 21 17 428 503
4 483 9 13 422
4 2302 2340 339 3094
4 666 582 639 3033
4 556 94 95 1155
4 1983 2346 376 3136
4 1415 1107 1400 3059
4 385 2348 2307 3060
4 1598 1596 1597 3163
4 2054 2052 2053 2751
4 1425 1078 3187 3242
4 1748 1750 1775 2630
4 1000 1002 1001 2848
4 1065 1066 1272 3075
4 1894 1895 1806 2835
4 1936 1860 1862 3057
4 2042 2043 1872 2770
4 1962 1948 1963 2706
4 806 351 2350 3197
4 644 2845 844 3232
4 2148 1619 2166 3049
4 1827 1826 1825 3146
4 1212 1149 49 2976
4 455 456 1364 3145
4 2400 2265 744 2874
4 866 988 864 3098
4 2335 1549 383 3209
4 623 665 596 3061
4 1249 1245 860 2794
4 1860 1861 1862 3057
4 1534 307 803 775
4 1150 1248 1061 2778
4 550 1141 167 2856
4 1574 2064 385 3060
4 448 1210 105 3103
4 1552 1915 2213 3230
4 93 167 1141 562
4 2181 2004 2182 2747
4 2603 2943 2778 3160
4 2154 1772 1887 3244
4 1424 1299 1421 2761
4 2176 1904 1906 2740
4 264 707 2355 744
4 1541 2065 2136 3159
4 1091 1090 1089 3007
4 1514 827 1513 2958
4 323 756 2273 1540
4 1503 805 363 3226
4 1890 2067 2245 3132
4 60 61 471 1498
4 2126 1763 1716 3135
4 577 671 615 3080
4 1013 124 1346 1011
4 1701 2129 1760 3170
4 2303 362 2329 3067
4 1853 1852 1851 3063
4 2032 2033 1873 3093
4 1544 2063 2061 3036
4 1310 830 1463 2922
4 1459 810 1475 3022
4 531 155 1100 1111
4 1882 2094 1953 2663
4 2229 2230 2058 2864
4 318 1578 761 3000
4 639 196 580 3152
4 1271 1123 1125 2773
4 439 34 38 1846
4 163 35 162 543
4 146 25 147 523
4 134 17 135 503
4 123 122 13 483
4 3 114 115 463
4 170 45 171 563
4 2625 2950 2528 3090
4 2588 3157 2525 3179
4 796 779 754 2918
4 2165 2148 2085 2960
4 847 219 569 3031
4 2228 1738 1784 3023
4 617 599 237 3175
4 2096 1616 1697 2869
4 75 850 1159 517
4 2187 1827 1825 3146
4 821 1379 310 3070
4 508 140 509 3087
4 818 1218 1219 2797
4 1919 42 2009 1796
4 849 1217 826 3016
4 1656 1664 2134 2981
4 1801 2275 1970 3095
4 1650 1652 1651 2912
4 2115 2933 719 3128
4 1512 492 133 1391
4 1493 1010 1008 3182
4 1337 830 1336 3125
4 2298 1582 2265 2874
4 1529 844 644 2845
4 318 761 763 3000
4 1575 2172 294 2953
4 1139 1138 1130 2940
4 1344 1087 1473 2983
4 706 741 746 2837
4 975 1270 955 3147
4 742 691 178 646
4 805 1508 362 3067
4 1844 1932 1842 2738
4 181 645 690 797
4 1893 1975 2169 2642
4 583 640 680 3013
4 963 1419 81 534
4 1056 973 983 2833
4 1996 1550 1995 3061
4 586 215 1468 3127
4 557 91 90 1418
4 2285 2316 375 3108
4 741 1531 1230 2837
4 755 789 768 2763
4 2142 2013 2012 2880
4 2265 2298 2400 411
4 948 947 931 2921
4 490 130 491 3044
4 766 838 312 3104
4 1931 2214 227 3116
4 2613 2922 2920 3125
4 183 845 643 3143
4 1101 1099 1195 3009
4 490 491 1227 3044
4 1493 57 469 3182
4 2019 1782 2222 3056
4 2104 1759 2150 3089
4 888 890 1355 2792
4 1396 966 1247 2780
4 2173 2260 1881 2627
4 2130 1777 1702 2628
4 1179 1379 1517 3070
4 2710 2848 2542 3169
4 668 638 581 3081
4 1437 1142 1075 3213
4 1250 969 1394 3145
4 2499 2876 2593 3171
4 2671 2983 2510 3217
4 142 511 78 2739
4 1583 2268 296 705
4 2261 1559 2169 2897
4 529 153 1112 1106
4 2044 2211 2204 3131
4 639 817 196 3152
4 747 701 738 2936
4 1017 62 63 470
4 753 766 312 3104
4 1562 2285 375 3108
4 318 763 2254 3000
4 2399 2353 2312 2755
4 39 35 163 543
4 115 7 3 463
4 25 29 147 523
4 17 21 135 503
4 41 45 170 563
4 122 9 13 483
4 237 599 1548 3175
4 2655 3103 2536 3104
4 2295 2322 357 3123
4 2375 2333 2303 3226
4 2212 2043 2204 3181
4 2100 1612 1673 2870
4 2227 2274 1540 2734
4 1278 1076 1027 2774
4 369 827 2324 3144
4 357 2322 831 3123
4 1776 435 1590 1592
4 431 30 28 1593
4 2060 2229 2057 2952
4 1321 1324 1323 2909
4 690 587 261 2263
4 1489 803 1535 2735
4 2261 2118 1559 2897
4 2329 362 1508 3067
4 909 1262 911 3043
4 845 1531 643 2837
4 1160 1185 1073 2962
4 159 33 37 543
4 127 15 11 483
4 31 27 151 523
4 23 19 139 503
4 47 43 174 563
4 110 1 5 463
4 2374 2309 2328 3036
4 1565 231 652 3129
4 331 1584 2269 758
4 1391 1513 1512 2876
4 1581 2263 587 2918
4 693 643 182 1531
4 2355 264 744 2400
4 1870 1869 1904 2967
4 2220 740 2265 2874
4 754 2263 1967 2918
4 2118 2115 287 3128
4 580 1345 195 3118
4 1469 1470 1144 3110
4 1984 1562 2260 3136
4 2048 240 1572 3084
4 1129 1263 1127 3039
4 839 1226 1225 3044
4 989 990 993 3122
4 133 132 498 1035
4 1356 1103 1101 2829
4 1533 846 315 795
4 692 1529 221 644
4 2402 2354 1530 371
4 985 986 987 3228
4 1188 1513 1391 2876
4 2664 3231 1453 3236
4 1508 361 2329 3239
4 2195 1875 2187 2830
4 740 747 707 2874
4 612 569 219 3031
4 2671 3081 2983 3217
4 1861 1859 1874 2820
4 1823 1993 1989 2900
4 2295 357 1333 3123
4 1075 1070 991 2859
4 195 1343 616 3118
4 1167 1191 1172 3079
4 737 695 718 2998
4 688 643 602 2837
4 2119 329 1576 3008
4 748 789 767 2894
4 781 772 792 3020
4 1239 185 591 3178
4 845 2837 643 3143
4 375 2316 2155 3108
4 834 1365 1196 3013
4 759 796 778 2845
4 115 54 7 466
4 3 50 114 467
4 147 29 76 527
4 122 56 9 487
4 45 92 171 567
4 163 86 39 547
4 134 64 17 506
4 35 82 162 546
4 146 72 25 526
4 60 123 13 486
4 88 41 170 566
4 21 68 135 507
4 2103 2104 1805 2913
4 448 449 104 3103
4 1425 1411 1078 3242
4 318 2254 1578 3000
4 701 1222 1530 2936
4 1858 1860 2047 3100
4 2109 2133 2180 2941
4 633 634 572 2922
4 947 972 946 2911
4 797 690 2263 2918
4 1863 1871 1865 2823
4 818 1468 215 3127
4 2137 1808 1807 2999
4 1370 985 989 2944
4 2179 1984 2173 2873
4 160 537 1103 1105
4 1529 778 1243 2845
4 1818 1910 2177 2750
4 1371 1411 1425 3242
4 1645 1647 2012 2937
4 1809 2135 2113 3148
4 508 509 1204 3087
4 1264 190 579 3157
4 1175 1174 1147 2729
4 896 897 898 3186
4 884 883 885 3212
4 2216 222 2268 590
4 882 881 883 2868
4 768 783 769 3070
4 1530 843 2354 2936
4 594 671 625 2831
4 644 689 601 2845
4 969 958 981 2759
4 1710 1689 1701 2760
4 1789 1897 1899 3047
4 1189 831 1504 2987
4 109 1461 453 452
4 688 646 590 2801
4 1657 1667 1666 2767
4 1188 1514 1513 2958
4 2510 2906 2808 3118
4 1557 291 2258 2917
4 456 54 55 954
4 2102 1688 1707 3151
4 1548 2215 237 3175
4 1766 1768 447 2009
4 1983 376 1562 3136
4 1345 196 817 3152
4 743 1530 2402 2936
4 2486 2933 2805 3184
4 1690 1683 1699 2902
4 1946 1575 2277 2953
4 2106 1721 1718 2775
4 1605 1809 1603 2781
4 847 3031 569 3232
4 1348 1077 1347 2907
4 1696 2099 1611 2783
4 1907 2007 2008 2888
4 1717 1681 2122 2861
4 849 850 851 2882
4 77 145 522 856
4 2194 1632 1630 2926
4 1654 2098 1615 2788
4 904 905 906 2789
4 920 1425 1433 3205
4 910 908 909 2787
4 1394 1169 1209 3216
4 1161 1162 1537 2824
4 1731 1729 2090 2786
4 1391 494 132 1060
4 2092 1727 1725 2784
4 1284 1282 1401 3091
4 2158 1696 2161 3017
4 1482 1044 996 2954
4 1178 1469 1144 3110
4 1976 1973 1977 2832
4 1676 2102 2134 2779
4 1790 1706 1705 3190
4 183 643 573 3143
4 772 781 791 3020
4 1068 1470 1219 3058
4 1629 2089 1627 3054
4 892 894 1431 2816
4 1256 1121 1123 3050
4 2799 2875 2517 3149
4 1192 1191 1507 3239
4 1735 1811 1737 2790
4 1148 452 454 3141
4 1097 1099 1098 2980
4 1905 1907 1870 2852
4 1604 2105 1674 2819
4 628 685 653 3179
4 1685 1719 2108 2966
4 1344 1473 809 2983
4 2872 2583 3022 3188
4 957 980 977 2862
4 2300 2399 2356 2813
4 1748 12 14 419
4 1088 1131 1086 2850
4 111 2889 2627 3141
4 1639 1641 1692 2807
4 1912 1800 1900 3138
4 1675 2005 1687 3038
4 1301 902 932 2803
4 2255 2221 2019 3035
4 2276 2835 1894 3230
4 734 704 720 3019
4 2036 2144 1661 2795
4 2159 1695 2089 2884
4 1960 2246 1545 3046
4 1155 1154 556 3221
4 457 51 50 3216
4 1220 369 2279 3144
4 1722 2110 1720 3246
4 1474 1091 1164 2906
4 1486 1487 1000 3169
4 2662 3172 2451 3212
4 1358 1425 1078 3187
4 1186 1073 1185 2962
4 1992 2191 2184 2802
4 1408 1278 1279 2871
4 110 111 2627 3141
4 1888 1586 1588 3150
4 855 950 510 857
4 534 1419 156 532
4 2230 1742 1785 2639
4 1005 1003 1004 3088
4 2269 372 2401 2300
4 2363 2297 1518 365
4 1204 1202 73 508
4 2029 2225 2030 3155
4 616 3118 1343 3217
4 1712 1700 1711 2815
4 603 610 677 3022
4 1444 1352 1140 3191
4 195 616 580 3118
4 1282 1110 1115 2821
4 2129 2097 1950 2753
4 449 105 1211 3103
4 715 1382 270 3115
4 54 55 954 3183
4 1602 2109 2105 2929
4 705 1583 2801 3210
4 624 658 574 3116
4 1877 2203 2207 2928
4 1121 1120 1122 2818
4 2072 2070 1891 3055
4 2144 2143 1812 2963
4 2302 339 815 3094
4 822 270 1382 3115
4 190 627 579 3157
4 1438 1405 1158 2828
4 1009 1008 1010 2843
4 1636 1669 2038 2806
4 1759 1758 1757 2842
4 2398 2298 2355 2874
4 1057 1080 1056 2986
4 2252 1951 2120 2756
4 1432 1434 1133 3222
4 1991 1990 1867 2968
4 1648 1649 1647 3189
4 722 2917 1557 3153
4 190 814 627 3157
4 1345 3118 580 3152
4 1788 1959 2103 3227
4 1698 1939 2131 3161
4 1961 1947 1962 2623
4 1220 827 369 3144
4 151 27 150 523
4 11 126 127 483
4 158 33 159 543
4 19 138 139 503
4 5 111 110 463
4 47 174 175 563
4 758 799 794 2813
4 1209 51 457 3216
4 1847 1848 34 1849
4 51 1207 50 3216
4 573 1228 183 3143
4 2079 2076 2240 2964
4 651 2797 818 3127
4 1003 1005 1077 3088
4 135 68 21 3171
4 1082 1477 1265 3238
4 1616 1615 1614 3168
4 2529 2875 2799 3178
4 1321 1494 1324 2909
4 2808 2906 2504 3152
4 795 760 800 2755
4 684 650 634 3037
4 2403 332 1533 2353
4 1249 858 966 3076
4 455 115 456 3145
4 1113 1447 1452 2841
4 986 1071 1042 2834
4 1003 1350 1001 2825
4 611 595 676 3055
4 631 824 186 3149
4 456 1364 1250 954
4 1858 1856 1857 2847
4 856 858 77 3076
4 2021 1876 2198 2798
4 2672 3139 2535 3194
4 1092 1456 1090 2827
4 339 1478 815 3094
4 1342 1195 1099 3009
4 2222 2223 2029 3109
4 2463 3231 2664 3236
4 1759 2023 2150 3089
4 1322 1496 473 2959
4 1895 1894 2276 2835
4 848 1241 1159 2752
4 845 183 1228 3143
4 741 706 745 2837
4 369 2324 2279 3144
4 2155 1562 375 3108
4 1461 452 1148 3141
4 2265 1582 2298 411
4 1143 1465 1124 2844
4 1906 1990 2185 3111
4 1343 195 1345 3118
4 1847 1878 441 1845
4 1562 2285 3108 3136
4 1862 1863 1864 2988
4 357 831 1333 3123
4 683 629 568 2772
4 521 73 141 1204
4 1482 996 994 2954
4 1421 1076 1413 2990
4 876 874 875 2903
4 705 742 739 2801
4 2220 740 281 2265
4 2141 1692 2025 3198
4 185 632 591 3178
4 1203 1481 840 3087
4 612 570 657 3016
4 2168 1905 2175 3106
4 913 917 915 3164
4 1446 922 1448 3172
4 2283 2329 361 3239
4 1249 966 1200 3117
4 1245 1390 958 3167
4 2311 2354 2398 2936
4 1386 1210 1517 2655
4 790 780 770 2756
4 1124 1126 1125 3003
4 2057 2059 2060 2952
4 533 1410 935 1423
4 2340 2367 2305 3090
4 185 828 632 3178
4 753 312 1386 3104
4 1226 839 1527 3134
4 931 930 925 3156
4 1026 1027 1025 3066
4 1767 1766 40 1773
4 689 587 645 2918
4 2212 1634 1632 2938
4 1533 2353 1479 2755
4 1660 1623 2093 3203
4 1247 966 145 512
4 2217 2300 2269 2813
4 1581 261 587 2263
4 1434 923 1440 3114
4 1037 172 1403 560
4 1305 1431 1436 3194
4 1070 1213 992 3166
4 1637 1639 2036 3034
4 451 1395 107 970
4 20 1820 1771 1908
4 1058 173 1037 559
4 719 703 729 2933
4 1714 1712 1972 3102
4 895 961 897 2910
4 1311 810 1310 3188
4 1840 1841 1842 2971
4 1053 1065 1146 2886
4 1777 2179 2173 2873
4 1219 1393 1068 3058
4 1288 932 904 3041
4 843 1530 2354 371
4 1529 844 221 644
4 744 740 707 2874
4 1239 591 3149 3178
4 2116 2266 2258 3124
4 798 759 778 2845
4 1823 1824 1993 3142
4 1733 2087 1735 2948
4 440 39 37 544
4 446 47 45 564
4 428 23 21 504
4 15 13 422 485
4 446 41 43 565
4 428 17 19 505
4 484 11 9 422
4 35 33 545 440
4 5 7 465 416
4 524 29 31 434
4 464 3 1 416
4 525 27 25 434
4 1499 1313 1315 2956
4 661 663 637 2808
4 109 1039 1040 462
4 186 1239 591 3149
4 2073 1889 2049 3092
4 1757 1756 1755 3083
4 2117 2169 1559 3014
4 2208 32 36 438
4 659 660 635 2799
4 1943 1941 1942 2836
4 186 591 631 3149
4 1982 1962 1963 2706
4 2084 2163 2045 3012
4 1792 1723 2145 2915
4 1903 2146 2142 3010
4 1508 1507 361 3239
4 2522 2710 3109 3169
4 1181 1148 1149 3141
4 1911 2245 2256 3032
4 1972 1973 1714 3102
4 14 421 1745 3113
4 754 779 797 2918
4 1084 1427 1081 3196
4 1705 1807 1790 3190
4 1525 2889 1461 3141
4 1475 1311 1462 2872
4 167 1141 1232 2856
4 1851 1850 1849 3078
4 2329 3067 1508 3239
4 1624 1622 2200 2989
4 892 891 893 3180
4 1886 1884 1885 2946
4 1039 53 1464 1395
4 2542 3109 2710 3169
4 1213 1208 992 3166
4 1192 1506 1354 2887
4 373 2315 2300 3241
4 1264 814 190 3157
4 745 280 741 1531
4 160 538 541 1104
4 717 730 715 3115
4 719 732 702 3128
4 743 701 265 1530
4 826 847 848 3031
4 914 925 930 3156
4 1162 1471 1537 3140
4 130 68 491 3044
4 77 145 856 513
4 1105 1400 1107 3059
4 754 797 316 2263
4 2363 1518 819 365
4 722 734 694 2917
4 833 1323 1324 3215
4 1183 828 1239 3178
4 693 602 643 2837
4 1917 2214 1931 3116
4 845 182 643 1531
4 1939 2124 1802 2970
4 125 1015 1135 476
4 2339 2278 2395 2878
4 2403 2312 2353 2755
4 1033 1295 1488 2978
4 818 215 651 3127
4 300 1529 798 778
4 1155 2840 1234 3221
4 1422 1080 1427 3026
4 1109 1114 1110 2996
4 956 975 955 3147
4 1801 1982 2275 3095
4 644 601 692 2845
4 710 736 712 2953
4 2168 2183 1905 3106
4 743 738 701 2936
4 1079 1023 1299 3165
4 146 512 147 2780
4 515 850 148 517
4 1771 1770 16 2121
4 1952 1951 1797 2606
4 2221 2255 1781 3035
4 1995 1565 1923 3129
4 915 917 921 3164
4 1239 828 185 3178
4 705 295 1583 3210
4 2138 2103 1959 3227
4 1565 1988 1993 3179
4 2044 1839 1837 2867
4 959 940 1268 3193
4 1953 2119 1576 3008
4 30 1591 1593 3002
4 1764 44 1982 2904
4 2399 2300 2358 3241
4 648 689 644 3232
4 1740 1738 1739 3053
4 163 535 162 2829
4 2078 2076 2079 2964
4 2283 361 1507 3239
4 2325 2383 2287 3215
4 859 858 860 2939
4 1323 806 1321 3197
4 1449 1140 1350 2994
4 60 123 473 2959
4 1249 1200 1390 3117
4 110 454 452 3141
4 1165 1338 1342 2997
4 1247 1396 144 1206
4 945 944 952 3183
4 1623 1660 1621 3203
4 1496 473 121 1322
4 2875 3149 2799 3178
4 2242 1960 1956 2865
4 2180 1906 2185 3111
4 982 1281 1064 2879
4 1699 18 1709 1704
4 1198 1420 950 2739
4 1799 1800 1979 2898
4 1363 964 1444 3177
4 1245 958 928 3167
4 119 63 1016 480
4 1469 1468 818 3127
4 1150 1151 1152 3160
4 1081 1057 1082 2892
4 2400 2355 2298 2874
4 1503 1518 1186 2995
4 1709 1791 22 1978
4 838 1386 312 3104
4 652 628 653 3179
4 890 891 892 3180
4 2067 2256 2245 3032
4 31 30 431 3002
4 1418 1184 1064 2991
4 1692 2141 2143 3198
4 74 509 140 3087
4 93 167 550 1141
4 4 1881 2173 1778
4 763 761 777 3000
4 2253 2241 1556 2878
4 142 76 510 3154
4 491 1225 1227 3044
4 1377 1160 1052 3024
4 1464 1259 1162 3140
4 2172 710 2953 3210
4 952 944 954 3183
4 544 440 39 543
4 9 483 484 422
4 505 428 17 503
4 440 545 35 543
4 422 13 483 485
4 21 428 504 503
4 29 524 523 434
4 3 464 463 416
4 41 446 563 565
4 523 525 25 434
4 463 465 7 416
4 563 446 45 564
4 2808 3118 2906 3152
4 1345 817 1474 3152
4 586 651 215 3127
4 1477 814 1264 3157
4 2242 1568 2246 3001
4 1009 59 468 1010
4 373 2300 2217 3241
4 1994 1823 1989 2900
4 605 656 647 2923
4 633 603 684 3188
4 2048 1572 1932 3084
4 1897 1789 1804 3047
4 1020 1500 1022 2931
4 125 124 475 1013
4 55 952 954 3183
4 852 520 148 1214
4 1318 1499 1049 3069
4 1464 1461 1258 2889
4 1416 1279 1029 3006
4 2139 2151 2041 3048
4 966 858 856 3076
4 1134 1441 1433 2955
4 626 673 588 3084
4 1934 1854 2069 2891
4 2401 2300 2356 2813
4 1182 1523 1163 2950
4 1976 2115 2118 3128
4 1224 1255 1221 2901
4 1085 1084 1083 2866
4 2042 2044 2204 3131
4 1063 1194 1384 2949
4 705 710 295 3210
4 1745 1815 1747 3113
4 2120 1558 2252 2756
4 1551 2214 2224 2993
4 691 590 646 2801
4 57 117 1493 469
4 2346 2393 2285 3136
4 1309 1432 1133 3222
4 2064 1574 2028 3060
4 752 792 788 3243
4 1111 1304 1098 3130
4 1293 1295 1294 3137
4 1912 1913 1800 3138
4 1829 1830 1828 2930
4 1182 815 1478 3094
4 277 724 841 3062
4 651 607 649 2797
4 152 528 80 2804
4 1239 186 824 3149
4 289 288 1539 703
4 355 1312 354 2288
4 391 2050 2338 390
4 806 351 352 2350
4 1544 2328 388 387
4 350 349 2325 833
4 353 354 835 2347
4 390 1571 2299 389
4 2293 348 347 808
4 2300 2813 2217 3241
4 2335 382 383 1549
4 2341 813 343 342
4 1580 2315 373 3241
4 171 170 553 2862
4 285 286 716 1559
4 392 391 1553 2308
4 42 40 1773 442
4 14 1745 1747 3113
4 2082 1815 1745 3113
4 344 2330 345 836
4 2307 384 385 1574
4 218 219 826 612
4 1998 1924 1830 3074
4 1317 1496 1320 2959
4 384 2334 383 2026
4 1291 344 2292 343
4 1407 950 857 3154
4 388 389 2343 2059
4 1327 349 2352 348
4 394 393 2074 2306
4 117 469 468 1010
4 2287 1323 351 350
4 1319 352 353 2294
4 417 1703 1779 1778
4 1591 1590 30 1592
4 342 341 2331 1273
4 382 2290 381 2016
4 217 218 1217 570
4 355 356 807 2327
4 53 109 1039 1461
4 1345 1164 1343 3118
4 1546 395 394 2337
4 387 2063 2309 386
4 1331 347 2349 346
4 469 117 1493 1010
4 1258 1461 1525 2889
4 208 209 810 603
4 2291 1332 346 345
4 393 392 2086 2323
4 1755 1753 2039 3176
4 1364 1250 1394 3145
4 385 386 2348 2064
4 2380 2350 2287 3197
4 1220 1255 827 3144
4 1265 1083 1082 3133
4 258 259 585 1563
4 1549 2018 2026 3209
4 922 1451 1448 3172
4 1050 1362 1024 3119
4 752 788 774 3243
4 948 957 949 3097
4 1794 1819 1994 2965
4 1456 1452 1302 3219
4 196 195 580 1345
4 1784 2062 2228 3101
4 1103 1356 1196 2829
4 645 587 690 2918
4 104 449 48 3103
4 2001 2215 1548 3175
4 490 131 1227 491
4 1230 741 280 1531
4 53 107 451 1395
4 2095 1754 1756 2979
4 1222 265 701 1530
4 253 254 571 2007
4 454 1148 108 452
4 2217 2094 1580 3241
4 641 257 258 1955
4 1822 1821 2182 2908
4 63 125 1015 480
4 468 116 58 2843
4 1849 34 1847 2034
4 710 705 726 3210
4 1817 2090 2161 3174
4 2402 2354 2311 2936
4 1669 2212 2204 3181
4 207 208 1459 610
4 1703 2097 6 1779
4 2172 295 710 3210
4 555 556 1154 3221
4 0 1882 1881 1783
4 243 244 595 2072
4 214 215 1468 586
4 1964 1557 2258 2917
4 316 1967 754 2263
4 954 55 970 952
4 213 214 1466 621
4 195 194 616 1343
4 1778 1779 417 1783
4 2018 2019 2222 3056
4 1914 2260 2155 3108
4 898 897 899 3186
4 206 207 832 584
4 2335 2334 2379 3209
4 105 1210 1211 3103
4 66 489 128 3030
4 2048 241 240 626
4 1404 912 914 3099
4 824 1399 1239 3149
4 139 70 23 504
4 159 37 84 544
4 127 62 15 485
4 58 126 11 484
4 33 158 80 545
4 1 110 48 464
4 27 74 150 525
4 43 90 174 565
4 138 19 66 505
4 31 151 78 524
4 52 111 5 465
4 94 47 175 564
4 1556 1929 2236 2975
4 568 255 256 1555
4 1779 1950 2 1797
4 120 482 1495 1047
4 2123 1593 1591 3002
4 1529 300 1243 778
4 852 149 519 853
4 1026 1054 1028 2961
4 1720 2110 1780 3246
4 582 198 197 1339
4 1508 805 1506 3067
4 193 192 581 1266
4 555 175 556 3221
4 1776 1943 24 1945
4 1360 1212 1509 2976
4 277 1491 723 3062
4 475 125 1013 1135
4 1360 1149 1212 2976
4 573 643 647 3143
4 1481 1204 509 3087
4 210 211 830 572
4 2394 2345 2362 3001
4 1136 1307 1009 3072
4 606 256 257 1957
4 1797 2 0 412
4 910 1414 938 3240
4 642 199 198 1338
4 492 135 134 2876
4 95 167 1058 1232
4 1551 2224 1989 2993
4 558 560 1037 978
4 559 1058 167 562
4 369 368 2324 827
4 1584 331 330 758
4 197 196 639 817
4 1271 1372 965 3206
4 1410 1431 1305 3194
4 237 236 1548 599
4 1335 204 205 577
4 639 580 661 3152
4 212 213 804 592
4 2266 2170 1970 2973
4 2369 2340 2302 3094
4 986 985 953 3228
4 236 235 1999 637
4 2307 2348 2381 3060
4 36 1878 2208 2035
4 141 1204 508 509
4 1915 2276 1894 3230
4 209 210 1310 633
4 1742 1744 10 1743
4 1557 1948 2267 3153
4 1206 1396 144 514
4 423 1744 2233 1746
4 1437 918 1429 3112
4 205 206 1435 615
4 242 243 611 2070
4 234 233 1997 622
4 812 203 204 636
4 1575 1946 2172 2953
4 793 766 753 3104
4 314 315 846 795
4 617 666 599 3175
4 2233 2231 8 2053
4 246 247 609 1569
4 2097 6 2 415
4 629 254 255 2006
4 194 193 638 809
4 283 284 718 1577
4 2073 239 238 630
4 513 76 147 3076
4 1878 2034 32 2206
4 1995 232 231 596
4 757 765 785 3008
4 1855 1876 1857 3185
4 594 245 246 2080
4 1365 202 203 583
4 1478 829 1523 3090
4 2215 238 237 617
4 395 2078 396 2304
4 1234 1155 1229 2840
4 1232 1233 1536 2856
4 357 1333 356 2295
4 1233 1232 1141 2856
4 834 201 202 640
4 247 248 608 2068
4 2311 263 262 738
4 867 1074 1371 3208
4 724 277 723 3062
4 118 470 62 2985
4 242 241 1543 598
4 1424 1349 1430 3211
4 576 201 200 1341
4 2285 2317 2316 3108
4 1749 2083 1810 3214
4 1084 1454 1427 3196
4 993 1358 1078 3187
4 191 190 579 1264
4 1920 1921 1919 3082
4 723 713 724 3062
4 2314 2357 2365 2934
4 372 2269 2217 2300
4 999 1140 1352 3191
4 233 232 1550 623
4 2172 1583 295 3210
4 1103 161 160 1102
4 1935 1858 2047 3100
4 1699 18 1704 1690
4 1455 1453 1131 3231
4 244 245 625 1554
4 613 200 199 811
4 1913 2114 2249 2894
4 2329 2391 2303 3067
4 1148 1461 109 452
4 2262 1539 2115 2933
4 1525 1461 1148 3141
4 2388 2322 2295 3123
4 1507 1508 1192 3239
4 381 380 1566 2342
4 829 340 341 2305
4 1033 1004 1002 3224
4 2279 369 1220 370
4 1060 1158 1187 3086
4 248 249 578 1547
4 228 227 2214 624
4 579 627 628 3157
4 211 212 1336 619
4 1516 1386 838 3104
4 46 1919 2009 1961
4 627 190 189 814
4 1368 920 1433 3205
4 663 580 616 3118
4 1155 1234 1154 3221
4 2228 1736 1738 3023
4 219 220 847 569
4 631 591 659 3149
4 303 840 302 749
4 632 185 184 828
4 269 270 822 717
4 271 272 1380 697
4 332 1479 1533 2353
4 694 735 714 3124
4 761 319 1578 318
4 547 544 39 543
4 485 13 483 486
4 567 563 45 564
4 483 487 9 484
4 545 546 35 543
4 506 505 17 503
4 566 41 563 565
4 526 525 25 523
4 523 524 29 527
4 503 504 21 507
4 463 7 465 466
4 463 464 3 467
4 1022 1050 1024 3119
4 922 885 883 3212
4 620 189 188 1476
4 569 612 655 3031
4 368 367 2280 1514
4 711 268 267 839
4 596 686 652 3129
4 1764 1982 1762 2904
4 589 188 187 1193
4 805 1503 1185 3226
4 1987 2134 2146 3173
4 1980 1939 1698 3161
4 336 337 1257 2301
4 305 823 304 762
4 1560 320 752 321
4 1190 1083 1265 3133
4 2296 409 1564 408
4 1552 379 378 2336
4 815 338 339 2302
4 845 1228 1229 3143
4 252 253 614 1541
4 488 1397 129 1036
4 374 2155 375 2316
4 1784 2229 2062 3101
4 175 94 556 3221
4 1572 240 239 588
4 149 851 515 516
4 704 276 275 820
4 1846 34 38 1845
4 113 55 971 954
4 287 288 719 2115
4 170 88 554 3097
4 1590 1954 26 1776
4 740 281 282 2220
4 1572 2073 2049 3092
4 294 293 1575 712
4 2016 2020 2017 2974
4 1573 235 234 597
4 277 841 1491 3062
4 2247 1960 1545 3046
4 2283 2364 2329 3239
4 1478 339 340 2340
4 380 379 2213 2286
4 69 131 491 1225
4 1937 1866 2136 3052
4 631 187 186 824
4 377 376 1983 2346
4 591 186 185 1239
4 117 59 1012 1010
4 604 259 260 1585
4 1417 1437 1075 3213
4 358 359 1504 2313
4 1379 310 768 309
4 151 515 150 2882
4 2009 1796 42 1773
4 260 261 587 1581
4 2279 2324 2365 3144
4 286 287 702 2118
4 2243 398 397 2320
4 376 375 1562 2285
4 274 273 700 1238
4 225 224 1938 593
4 779 180 181 645
4 298 299 2356 794
4 739 178 177 646
4 326 325 2114 748
4 831 1334 1333 3123
4 1384 1477 1082 3238
4 131 1227 491 1225
4 1557 292 291 722
4 1931 227 226 574
4 844 220 221 644
4 370 843 2354 371
4 591 632 660 3178
4 2358 2359 2284 3126
4 411 1582 2298 410
4 284 285 708 2117
4 711 727 696 3134
4 706 177 176 602
4 759 179 180 601
4 328 1576 329 757
4 1593 30 28 1592
4 731 721 729 3184
4 1604 1606 1605 3195
4 280 279 741 1230
4 249 250 650 2046
4 572 654 619 3125
4 266 265 701 1222
4 855 510 77 857
4 1166 1055 1054 3021
4 1984 1983 1562 3136
4 1580 373 2217 3241
4 2257 1915 1896 3029
4 313 838 312 766
4 408 2250 2351 407
4 298 297 760 2312
4 1967 754 317 316
4 724 278 277 841
4 1528 822 1382 3115
4 229 228 1551 575
4 2216 223 222 590
4 2092 2147 2152 3200
4 844 1529 1243 2845
4 397 396 1570 2321
4 831 357 358 2322
4 1915 1552 2276 3230
4 2030 2028 2029 3155
4 2268 1583 2216 2801
4 329 2119 330 765
4 251 252 600 2065
4 2271 1577 2125 2998
4 1961 44 46 443
4 1927 1926 1808 3235
4 301 1243 300 778
4 1122 1462 1143 3204
4 1643 1641 1642 3229
4 32 34 436 2034
4 523 524 31 434
4 37 440 544 543
4 563 446 43 565
4 463 464 1 416
4 484 483 11 422
4 440 33 545 543
4 463 5 465 416
4 422 483 15 485
4 47 446 563 564
4 27 525 523 434
4 504 428 23 503
4 19 428 505 503
4 1967 2263 1581 2918
4 192 191 618 837
4 1230 1531 845 2837
4 1322 1320 1496 2959
4 1838 1840 1889 3121
4 1439 334 335 2392
4 1346 124 477 1011
4 1288 1286 1453 3236
4 2116 290 289 714
4 2220 2265 1582 2874
4 1014 125 480 1015
4 1201 1524 1205 2927
4 14 12 1748 1746
4 2015 2191 1871 3199
4 360 816 359 2344
4 183 182 643 845
4 308 803 307 775
4 1966 1578 2254 3000
4 518 1038 520 852
4 226 225 1561 635
4 1222 843 1530 2936
4 1890 1808 1926 3235
4 573 184 183 1228
4 89 165 561 1280
4 1785 2233 8 1744
4 478 1048 1014 481
4 1540 323 756 324
4 250 251 682 1567
4 1385 313 314 751
4 58 126 477 2916
4 1636 1637 1635 3234
4 524 31 151 523
4 483 127 15 485
4 465 111 5 463
4 504 23 139 503
4 505 138 19 503
4 544 159 37 543
4 33 158 545 543
4 563 175 47 564
4 483 11 126 484
4 563 43 174 565
4 464 1 110 463
4 525 150 27 523
4 1517 1379 821 3070
4 1724 1723 1708 3233
4 1747 1745 14 1746
4 825 335 336 2360
4 296 295 1583 705
4 16 1772 1770 1704
4 2333 1503 364 363
4 2169 2117 2272 3014
4 1607 1609 1658 3225
4 1538 1236 820 3019
4 116 469 56 3182
4 399 398 1545 2289
4 2281 403 404 2244
4 1799 1802 1710 3237
4 1846 1848 34 1847
4 38 1846 1845 1844
4 1102 1100 87 542
4 563 45 171 567
4 487 9 122 483
4 546 162 35 543
4 13 123 483 486
4 547 39 163 543
4 503 21 135 507
4 3 114 463 467
4 29 147 523 527
4 115 7 463 466
4 170 41 563 566
4 506 17 134 503
4 526 25 146 523
4 405 406 2278 1556
4 699 728 722 3153
4 83 160 541 1104
4 402 403 2326 1542
4 1033 1490 1004 3224
4 1767 40 1766 1765
4 401 400 1568 2394
4 111 453 52 2889
4 2246 400 399 2362
4 2189 1986 1985 2919
4 851 850 148 515
4 1471 1162 1259 3140
4 1139 1240 1178 3218
4 1048 119 61 1498
4 1032 967 136 1269
4 2303 805 363 362
4 337 338 1260 2332
4 1986 378 377 2282
4 263 264 707 2355
4 406 407 2318 2236
4 1211 1210 1516 3103
4 1518 2297 364 365
4 311 753 312 1386
4 2069 1856 1935 3202
4 2329 361 1508 362
4 216 217 1218 649
4 1778 417 0 1783
4 18 22 427 1978
4 1878 32 36 2208
4 2066 401 2310 402
4 215 216 818 651
4 145 144 1247 512
4 360 361 1507 2283
4 644 569 648 3232
4 1562 2155 2260 3108
4 2038 2210 1693 3223
4 2253 2339 405 404
4 1226 1227 1225 3044
4 1382 270 271 715
4 1481 1203 1204 3087
4 40 44 1764 444
4 327 2120 328 780
4 1511 131 1485 502
4 224 223 1579 605
4 455 456 113 1364
4 77 856 522 855
4 1594 1592 28 1971
4 105 51 1059 1210
4 282 283 695 2125
4 853 79 143 1420
4 1515 820 1236 3019
4 50 114 457 3216
4 651 586 683 3127
4 230 229 1988 653
4 295 294 2172 710
4 723 277 276 1491
4 52 451 106 3068
4 745 693 96 1531
4 692 98 1529 798
4 2315 2358 2300 3241
4 100 2402 743 1530
4 102 1533 800 2403
4 1104 541 83 1106
4 669 616 638 3217
4 533 532 157 1423
4 2400 101 744 2265
4 80 534 158 3107
4 797 690 99 2263
4 2401 103 2269 799
4 272 273 802 721
4 555 172 557 1156
4 373 372 2217 2300
4 846 1533 1479 2755
4 1709 1771 16 429
4 84 159 533 3096
4 1234 1183 1154 3221
4 1945 24 1776 1971
4 2209 36 2208 2035
4 16 1770 1709 1704
4 1745 10 1744 1743
4 1068 149 79 516
4 1584 2217 2269 2813
4 1536 1491 841 3062
4 854 518 519 852
4 1068 851 149 516
4 2009 42 1766 1773
4 332 333 1479 2353
4 110 452 111 3141
4 97 2268 691 742
4 10 8 1744 418
4 1269 136 1032 495
4 42 40 1766 1773
4 2258 291 290 694
4 1038 521 518 520
4 1593 1591 30 1592
4 542 538 1102 539
4 1748 1747 14 1746
4 698 279 278 1521
4 113 55 459 971
4 32 1878 2206 2208
4 1580 374 373 2315
4 307 1534 306 750
4 28 1593 1592 1594
4 409 410 2314 2232
4 367 2361 1497 366
4 1745 1744 10 1746
4 1510 309 755 308
4 441 36 38 1845
4 709 267 266 1520
4 967 979 136 500
4 365 819 2363 366
4 1300 155 85 1111
4 320 774 319 2264
4 303 304 1532 773
4 306 1524 305 771
4 55 107 971 970
4 2273 322 791 323
4 1485 499 979 498
4 1364 456 113 954
4 16 1770 1771 1709
4 231 230 1565 652
4 763 318 2254 317
4 1527 268 269 696
4 275 274 720 1515
4 324 2249 325 767
4 1771 1820 20 1791
4 2259 321 781 322
4 1592 1776 24 1971
4 2267 293 292 699
4 81 1419 963 1412
4 1843 38 1845 1844
4 769 310 821 311
4 34 1846 1847 1845
4 85 539 1300 157
4 424 16 18 1704
4 46 42 447 2009
4 334 842 333 2284
4 2 1779 1797 1783
4 2172 2270 1583 3210
4 302 1519 301 776
4 2097 6 1686 1703
4 30 1590 1591 1589
4 551 167 95 1232
4 1950 2 2097 1779
4 1699 1709 18 1978
4 555 556 173 1154
4 1797 0 2 1783
4 327 326 1558 790
4 1768 46 2009 1961
4 2 6 2097 1779
4 1778 0 1881 1783
4 1778 4 1703 1777
4 1153 1202 73 1206
4 2035 36 38 437
4 89 165 1280 548
4 1845 2035 38 1843
4 432 28 24 1971
4 44 1764 1982 1768
4 853 851 149 1068
4 105 51 1210 448
4 1978 1791 22 1893
4 1018 119 1016 1498
4 101 281 744 2265
4 131 1227 1225 1511
4 32 1847 2034 1878
4 2233 8 2231 1785
4 102 1533 315 800
4 331 2269 103 799
4 498 137 499 979
4 149 79 853 1068
4 12 1748 1746 2235
4 1590 26 1954 1588
4 109 108 1040 1148
4 131 499 1485 502
4 1529 221 98 692
4 1530 100 2402 371
4 182 96 693 1531
4 1395 1039 107 970
4 1047 1493 117 1010
4 426 20 16 1771
4 10 14 421 1745
4 690 261 99 2263
4 2265 2400 101 411
4 423 10 1744 1746
4 1483 1032 137 1197
4 447 1768 46 2009
4 1132 157 156 1423
4 297 102 800 2403
4 2401 299 103 799
4 691 178 97 742
4 32 36 441 1878
4 447 42 1766 2009
4 1227 1483 71 1457
4 1525 1148 1181 3141
4 2268 97 296 742
4 1703 417 4 1778
4 262 100 2402 743
4 26 30 1590 435
4 423 14 10 1746
4 744 264 101 2400
4 692 179 98 798
4 693 96 176 745
4 690 99 181 797
4 480 1016 119 481
4 20 16 1771 429
4 855 522 143 519
4 1776 24 435 1592
4 12 14 423 1746
4 136 67 967 500
4 24 28 435 1592
4 1766 40 1764 1765
4 1533 102 332 2403
4 1703 6 417 1779
4 2269 372 103 2401
4 1012 59 117 479
4 1047 120 57 1494
4 435 30 1590 1592
4 28 30 435 1592
4 500 129 974 501
4 1746 2233 12 2235
4 34 32 1847 2034
4 1778 2173 4 1777
4 34 1847 441 1845
4 22 18 1709 1978
4 6 2 417 1779
4 549 91 165 1281
4 65 132 494 1060
4 222 97 2268 691
4 300 1529 98 798
4 743 265 100 1530
4 745 96 280 1531
4 316 797 99 2263
4 1034 498 132 1035
4 132 133 1391 1035
4 4 6 1703 413
4 417 4 6 1703
4 1766 40 42 447
4 10 8 423 1744
4 26 24 435 1776
4 2035 38 36 1845
4 1791 22 20 429
4 1709 16 18 429
4 1048 1495 121 478
4 22 1791 1709 429
4 22 20 425 1791
4 2235 2233 12 2053
4 18 22 1709 429
4 979 498 501 1034
4 461 458 108 1045
4 851 148 149 515
4 8 12 423 2233
4 1709 18 16 1704
4 24 28 1592 1971
4 1048 61 119 481
4 499 1485 502 498
4 441 38 34 1845
4 132 133 492 1391
4 87 161 1102 542
4 0 4 417 1778
4 44 1768 1962 1961
4 1745 10 14 1746
4 44 40 1764 1768
4 1766 1764 40 1768
4 482 1495 1012 478
4 1768 44 46 1961
4 124 59 477 1011
4 435 1590 26 1776
4 40 1766 1768 447
4 44 40 1768 447
4 521 518 144 1038
4 67 974 967 500
4 83 160 1104 1105
4 1768 1982 44 1962
4 501 498 132 1034
4 1768 46 44 447
4 530 85 155 1111
4 1014 480 478 481
4 478 121 1048 481
4 121 61 473 1496
4 480 63 1016 1015
4 423 2233 12 1746
4 493 133 69 1512
4 479 1012 124 478
4 153 83 541 1106
4 850 75 148 517
4 1403 165 91 1281
4 979 136 137 1032
4 132 65 1034 1060
4 153 83 1106 529
4 1420 79 143 511
4 1227 71 131 490
4 149 148 851 852
4 1364 113 112 1041
4 144 73 1206 514
4 51 460 1059 112
4 1102 160 1104 538
4 472 120 121 1322
4 537 160 83 1105
4 144 73 521 1206
4 559 1031 562 558
4 109 108 1148 452
4 1297 81 156 540
4 107 55 450 970
4 1211 49 105 449
4 55 113 456 954
4 1209 112 51 1059
4 458 1040 108 1045
4 81 156 1419 1297
4 1494 120 57 474
4 488 129 65 1036
4 160 161 1103 535
4 57 482 120 1047
4 1744 2233 8 423
4 109 53 1039 462
4 1101 161 87 536
4 471 61 119 1498
4 148 75 850 1214
4 73 141 1204 508
4 59 117 468 1010
4 553 168 169 977
4 558 561 560 978
4 121 61 1496 1048
4 1495 121 120 1322
4 53 109 1461 453
4 949 168 89 554
4 552 169 93 1246
4 156 81 1419 534
4 457 112 51 1209
4 532 156 157 1423
4 136 137 1032 495
4 113 112 455 1364
4 1059 105 461 460
4 498 500 979 501
4 479 482 1012 478
4 539 542 155 1300
4 540 1297 153 541
4 107 462 459 971
4 1038 141 521 520
4 1012 117 482 479
4 109 458 462 1040
4 1364 112 1209 1041
4 1420 853 79 1068
4 112 458 460 1041
4 149 79 519 853
4 77 143 510 855
4 852 519 854 853
4 1297 1112 153 1106
4 1011 1013 124 1012
4 172 173 558 1037
4 167 1058 1232 1141
4 1099 87 1101 1100
4 1037 1403 172 1156
4 1014 480 1016 1015
4 157 156 538 1132
4 1048 1016 1014 481
4 974 979 501 1034
4 1045 1040 108 1148
4 1211 1045 49 1149
4 1461 109 1040 1148
4 1045 458 1040 1041
4 971 107 1039 970
4 105 51 460 1059
4 1039 1464 53 1461
4 1494 57 1047 1326
4 482 1495 1047 1012
4 1047 117 1012 1010
4 1039 1040 462 971
4 1209 51 1207 1059
4 112 113 458 1041
4 1041 458 1040 971
4 970 971 55 954
4 852 148 850 1214
4 856 854 522 855
4 856 1247 145 854
4 144 1247 1206 1038
4 1038 518 854 852
4 855 77 856 857
4 1038 520 852 1214
4 81 1419 1412 1297
4 1132 1297 540 1104
4 541 540 1297 1104
4 1297 541 1104 1106
4 83 1104 1106 1105
4 1103 1104 160 1105
4 851 149 852 853
4 855 854 519 853
4 1481 1159 75 1214
4 1038 1204 141 1214
4 148 149 518 852
4 1300 1100 155 1111
4 1058 1037 173 1154
4 172 558 560 1037
4 538 156 540 1132
4 1403 91 1418 1281
4 165 91 560 1403
4 1232 1058 95 1155
4 1101 161 1103 1102
4 542 1102 1100 1300
4 1104 1132 1102 538
4 978 168 949 977
4 1403 1037 560 978
4 1281 1403 165 1280
4 949 947 89 1280
4 558 1037 1031 978
4 1141 1058 1031 562
4 1037 1058 559 1031
4 977 1031 169 1246
4 1246 1141 93 1235
4 974 979 967 500
4 1397 974 129 1036
4 974 959 67 967
4 1036 1034 65 1060
4 1227 131 1485 1511
4 1014 1013 125 1015
4 1015 63 1016 1017
4 1048 61 1496 1498
4 1322 1495 121 1048
4 1012 1495 1014 478
4 1485 1511 502 1035
4 148 518 520 852
4 1682 2740 2175 2176
4 2175 2740 1682 2594
4 2623 2277 2624 1947
4 2623 2624 2277 2507
4 2678 42 1796 1795
4 2639 1741 2708 2580
4 2639 2708 1741 1742
4 1663 2899 1968 1653
4 1968 2899 1663 2724
4 974 129 65 501
4 65 129 974 1036
4 65 1034 974 501
4 974 1034 65 1036
4 2965 1774 2178 1794
4 2965 2178 1774 2678
4 843 3144 1221 1220
4 1221 3144 843 2410
4 2863 889 2503 887
4 2863 2503 889 2622
4 3241 2316 1580 2315
4 3241 1580 2316 3108
4 2619 1747 2630 1748
4 14 2630 1747 1748
4 2927 1202 2701 1201
4 2927 2701 1202 2541
4 1202 2927 823 1201
4 823 2927 1202 2643
4 2899 1663 1652 1653
4 2899 1652 1663 2428
4 2960 2164 2087 2165
4 2960 2087 2164 2574
4 2678 1796 1916 1795
4 2678 1916 1796 2620
4 454 1148 49 108
4 454 49 1148 1149
4 1045 49 1148 108
4 1045 1148 49 1149
4 1280 949 561 89
4 1280 561 949 978
4 168 561 949 89
4 168 949 561 978
4 3216 1179 50 2737
4 3216 50 1179 1207
4 1517 50 1179 2737
4 1517 1179 50 1207
4 2694 6 2628 1686
4 2694 2628 6 7
4 2734 1883 2485 2227
4 2734 2485 1883 2603
4 2410 3144 2279 2934
4 2279 3144 2410 2936
4 2279 2357 2410 2934
4 2410 2357 2279 2936
4 3007 1344 1164 2510
4 3007 1164 1344 1089
4 3215 2299 2726 2518
4 3215 2726 2299 2383
4 2960 2087 1811 2165
4 2960 1811 2087 2474
4 2780 1151 2701 1396
4 2780 2701 1151 2415
4 1882 1 1952 0
4 1882 1952 1 2663
4 3078 1848 1850 1849
4 3078 1850 1848 2653
4 2508 3129 1996 2609
4 1996 3129 2508 3061
4 3039 1215 2467 1129
4 3039 2467 1215 2811
4 2751 2051 2658 2473
4 2751 2658 2051 2053
4 2966 2513 1681 2861
4 2966 1681 2513 2611
4 1059 1041 112 460
4 112 1041 1059 1209
4 3059 1365 1196 1400
4 3059 1196 1365 2501
4 2717 1694 2091 1628
4 2717 2091 1694 2579
4 2708 1742 10 1743
4 2941 1682 2176 2412
4 2941 2176 1682 2133
4 2744 3098 2977 1216
4 2977 3098 2744 2527
4 3009 1341 1356 2490
4 3009 1356 1341 1195
4 790 2114 326 1558
4 790 326 2114 748
4 2556 2992 3102 2533
4 2556 3102 2992 2693
4 2416 3102 2992 2533
4 2416 2992 3102 2693
4 3039 1125 2468 1244
4 3039 2468 1125 3003
4 2773 2468 1125 1244
4 2773 1125 2468 3003
4 3017 1613 2783 1696
4 3017 2783 1613 2436
4 2947 1794 1818 1793
4 2947 1818 1794 2427
4 3123 1189 2690 2987
4 3123 2690 1189 1334
4 2848 3191 2705 2441
4 2705 3191 2848 999
4 1330 2978 1490 1488
4 1490 2978 1330 2553
4 2880 2167 2447 2589
4 2880 2447 2167 2013
4 2014 2447 2167 2589
4 2014 2167 2447 2013
4 3077 1077 1350 1450
4 3077 1350 1077 2474
4 1141 1031 93 562
4 1141 93 1031 1246
4 169 93 1031 562
4 169 1031 93 1246
4 2976 454 49 48
4 2976 49 454 1149
4 3178 1228 2840 828
4 3178 2840 1228 3143
4 3007 2586 1344 2983
4 1087 1344 2586 2983
4 3050 1119 2818 2466
4 3050 2818 1119 1121
4 2990 924 2761 2461
4 2990 2761 924 1421
4 3012 1737 2790 2444
4 3012 2790 1737 2084
4 3186 2727 900 2449
4 3186 900 2727 899
4 2615 34 2034 436
4 2615 2034 34 1849
4 2023 3083 2842 1757
4 2842 3083 2023 2452
4 3064 2935 1406 2481
4 2560 2737 2883 2530
4 2560 2883 2737 3216
4 50 2883 2737 2530
4 50 2737 2883 3216
4 2947 164 2427 2614
4 2947 2427 164 2911
4 1497 3086 1188 1187
4 1188 3086 1497 2519
4 3100 1859 2847 1858
4 3100 2847 1859 2487
4 2917 2275 2266 1964
4 2917 2266 2275 2498
4 3126 2392 2317 2359
4 2317 2392 3126 2544
4 2317 3108 3126 2359
4 3126 3108 2317 2544
4 2495 2853 2954 2618
4 2495 2954 2853 1043
4 1482 2954 2853 2618
4 1482 2853 2954 1043
4 3093 2192 1873 2688
4 3093 1873 2192 2033
4 20 2668 2635 1820
4 2820 3045 2021 1874
4 2021 3045 2820 2466
4 2870 2903 2598 2725
4 2598 2903 2870 2686
4 3214 1747 2619 1749
4 3214 2619 1747 2631
4 2996 1108 2430 1110
4 2996 2430 1108 2800
4 3234 2459 1661 2673
4 3234 1661 2459 2795
4 2846 1199 968 941
4 2846 968 1199 2693
4 3015 3185 2798 1876
4 2798 3185 3015 2469
4 2883 114 2560 2753
4 1161 2834 2422 1042
4 2422 2834 1161 2824
4 1132 156 1297 1419
4 1297 156 1132 540
4 3016 1218 1393 1217
4 3016 1393 1218 2552
4 2899 2914 2602 1659
4 2602 2914 2899 2547
4 1868 3052 2471 2136
4 2471 3052 1868 2699
4 0 2627 1882 1
4 1882 2627 0 1881
4 2944 2596 3120 2426
4 2944 3120 2596 2685
4 3156 2771 3164 2428
4 3156 3164 2771 914
4 3116 2799 659 574
4 3116 659 2799 2517
4 44 2623 1961 1962
4 1961 2623 44 443
4 3139 2454 894 2575
4 3139 894 2454 2816
4 2738 38 2582 39
4 2738 2582 38 1844
4 2678 1773 1774 2614
4 2678 1774 1773 1795
4 3146 2508 1828 2609
4 3146 1828 2508 2930
4 3060 2550 2851 2674
4 3060 2851 2550 2515
4 3140 52 3068 1464
4 3140 3068 52 2587
4 2020 2528 1566 2257
4 1566 2528 2020 2974
4 3079 2887 1192 1172
4 3079 1192 2887 2523
4 3233 2488 1787 2670
4 3233 1787 2488 2826
4 2647 40 2584 41
4 2647 2584 40 1765
4 1053 2862 3162 980
4 3162 2862 1053 2414
4 3039 937 1244 2661
4 3039 1244 937 1263
4 2633 24 2665 1945
4 2633 2665 24 25
4 1415 3080 1109 2500
4 1415 1109 3080 1170
4 2996 1109 3080 2500
4 2996 3080 1109 1170
4 3063 2081 1934 1852
4 3063 1934 2081 2500
4 3187 2438 2784 2695
4 3187 2784 2438 2545
4 1922 3210 2801 2270
4 2801 3210 1922 2404
4 2801 2216 1922 2270
4 2792 889 2863 888
4 2792 2863 889 2622
4 3195 1603 2429 2781
4 3195 2429 1603 1604
4 3116 2224 2678 1917
4 3116 2678 2224 2993
4 2642 22 2736 23
4 2642 2736 22 1893
4 2951 3076 2939 2532
4 2939 3076 2951 76
4 3149 1184 2636 824
4 3149 2636 1184 2517
4 3070 753 770 769
4 3070 770 753 2655
4 3191 2438 2786 2546
4 3191 2786 2438 2705
4 2870 2598 2793 2458
4 2870 2793 2598 2686
4 2644 2950 3029 2422
4 3029 2950 2644 2528
4 2865 3227 3245 2484
4 3245 3227 2865 1956
4 1785 2639 1744 418
4 1785 1744 2639 1742
4 10 1744 2639 418
4 10 2639 1744 1742
4 2107 2749 2147 2140
4 2147 2749 2107 2704
4 2856 2623 94 166
4 2856 94 2623 2507
4 3110 1219 2479 1469
4 3110 2479 1219 3058
4 2797 2479 1219 1469
4 2797 1219 2479 3058
4 2639 8 2658 9
4 2639 2658 8 1785
4 2323 2905 2086 2306
4 2086 2905 2323 2881
4 2998 3134 727 737
4 727 3134 2998 2526
4 42 2620 2678 1796
4 2678 2620 42 43
4 3060 2027 3155 2674
4 3060 3155 2027 2028
4 579 837 2669 618
4 2669 837 579 1264
4 166 2706 45 92
4 45 2706 166 2623
4 3119 1026 3066 2492
4 3119 3066 1026 1024
4 2714 1221 1222 2410
4 2714 1222 1221 1223
4 3105 2437 2177 2750
4 3105 2177 2437 2576
4 2947 1818 1910 1793
4 2947 1910 1818 2750
4 3224 1003 2491 3088
4 3224 2491 1003 1002
4 2825 2491 1003 3088
4 2825 1003 2491 1002
4 2560 114 3145 2753
4 3145 114 2560 3216
4 3145 2858 2560 2753
4 2560 2858 3145 3216
4 1077 3077 1348 1450
4 1348 3077 1077 2907
4 1517 50 448 1207
4 448 50 1517 2655
4 448 1210 1517 1207
4 1517 1210 448 2655
4 3057 1859 1861 2820
4 3057 1861 1859 1860
4 3064 1361 1406 2935
4 3064 1406 1361 934
4 1974 3102 2736 1714
4 2736 3102 1974 2533
4 3079 2524 1505 2578
4 3079 1505 2524 3021
4 2724 2921 2647 2419
4 2647 2921 2724 2520
4 1276 2853 1482 1522
4 1482 2853 1276 2618
4 3200 1658 2641 2704
4 3200 2641 1658 2152
4 3243 1940 1941 1560
4 3243 1941 1940 2541
4 2899 1652 1651 1653
4 2899 1651 1652 2912
4 2606 3103 48 2536
4 48 3103 2606 104
4 2923 3178 660 656
4 660 3178 2923 2529
4 660 593 2923 656
4 2923 593 660 2529
4 2587 2889 2873 52
4 2873 2889 2587 2506
4 2681 2814 3214 2489
4 3214 2814 2681 2450
4 2631 14 2619 1747
4 2631 2619 14 15
4 2630 2619 14 1747
4 2630 14 2619 15
4 840 773 303 1532
4 303 773 840 749
4 3014 716 733 2897
4 3014 733 716 708
4 3224 1487 1002 1033
4 3224 1002 1487 2848
4 914 3164 913 915
4 913 3164 914 2771
4 3190 1688 2745 3151
4 3190 2745 1688 1705
4 3063 1934 1854 1852
4 3063 1854 1934 2891
4 1994 2993 1989 2224
4 1989 2993 1994 2900
4 1489 3160 1205 2485
4 1489 1205 3160 1152
4 2927 1205 3160 2485
4 2927 3160 1205 1152
4 3009 1097 2514 2980
4 3009 2514 1097 1342
4 3173 2102 3010 2779
4 3173 3010 2102 2146
4 2956 3207 2690 2543
4 2690 3207 2956 2521
4 2488 3166 3024 1208
4 2488 3024 3166 2703
4 1377 3024 3166 1208
4 1377 3166 3024 2703
4 2927 1534 771 1205
4 2927 771 1534 750
4 306 771 1534 1205
4 306 1534 771 750
4 2614 40 1773 1767
4 2614 1773 40 442
4 3143 656 647 573
4 3143 647 656 2923
4 2231 2864 2056 2058
4 2056 2864 2231 2658
4 3093 80 2481 2804
4 3093 2481 80 2687
4 2935 2481 80 2804
4 2935 80 2481 2687
4 2936 2355 2398 2311
4 2936 2398 2355 2874
4 2941 2744 2977 2412
4 2941 2977 2744 2527
4 2011 3190 2999 1807
4 2999 3190 2011 2745
4 1001 2994 1350 1140
4 1350 2994 1001 2825
4 3171 2635 20 2668
4 3171 20 2635 21
4 2468 2968 1992 1991
4 2468 1992 2968 2610
4 2190 1992 2968 1991
4 2190 2968 1992 2610
4 2067 3235 1890 1926
4 1890 3235 2067 3132
4 3033 642 1339 2997
4 3033 1339 642 582
4 533 1410 157 85
4 533 157 1410 1423
4 1300 157 1410 85
4 1300 1410 157 1423
4 3194 1111 85 530
4 3119 1023 3066 1024
4 3119 3066 1023 2562
4 2869 1618 1616 2698
4 2869 1616 1618 2096
4 2836 2219 1943 2665
4 2836 1943 2219 1942
4 2872 3100 3057 2487
4 3057 3100 2872 2583
4 3113 2159 3158 2549
4 3113 3158 2159 1815
4 769 1386 311 821
4 311 1386 769 753
4 1490 2978 1033 1488
4 1490 1033 2978 3224
4 720 1238 274 700
4 274 1238 720 1515
4 3161 3163 2716 2532
4 2716 3163 3161 1980
4 2796 3024 1072 2962
4 1073 1072 3024 2962
4 1073 3024 1072 1052
4 1554 595 3055 625
4 1554 3055 595 2072
4 2984 1474 1091 1093
4 2984 1091 1474 2906
4 1575 699 293 2267
4 293 699 1575 712
4 3106 3110 2594 2479
4 2594 3110 3106 2539
4 1087 3007 1344 1089
4 1344 3007 1087 2586
4 1104 540 538 541
4 1104 538 540 1132
4 3243 1942 774 2264
4 3243 774 1942 2836
4 2540 1942 774 2836
4 3231 2482 1428 2676
4 3231 1428 2482 2850
4 1576 780 2536 757
4 2536 780 1576 2120
4 3159 2007 2008 1541
4 3159 2008 2007 2888
4 2968 3039 2467 2640
4 2467 3039 2968 2610
4 2706 44 2623 45
4 2706 2623 44 1962
4 811 3009 1341 1195
4 1341 3009 811 2660
4 3007 1164 1091 2906
4 3007 1091 1164 1089
4 128 17 64 506
4 64 17 128 2608
4 3163 1969 1600 1598
4 3163 1600 1969 2716
4 2627 4 1881 2173
4 2627 1881 4 414
4 3198 2990 2963 2461
4 3198 2963 2990 2559
4 3174 2158 2161 3017
4 3174 2161 2158 2090
4 2665 26 1943 430
4 2665 1943 26 1954
4 1776 26 1943 1954
4 2883 3216 114 50
4 114 3216 2883 2560
4 3095 1762 1982 2904
4 3095 1982 1762 1801
4 3093 2200 2205 2033
4 3093 2205 2200 2687
4 3128 2262 2832 1976
4 3128 2832 2262 2933
4 2955 3191 1134 1352
4 2955 1134 3191 2705
4 997 1134 3191 1352
4 997 3191 1134 2705
4 3179 1551 1989 2993
4 3179 1989 1551 1988
4 3085 2848 3224 2542
4 3085 3224 2848 2491
4 2635 23 504 21
4 504 507 2635 21
4 2635 507 504 130
4 73 514 1153 1206
4 1153 514 73 72
4 1156 1037 173 172
4 173 1037 1156 1154
4 173 555 1156 172
4 1156 555 173 1154
4 2510 3074 1573 1998
4 2510 1573 3074 2671
4 1997 1573 3074 1998
4 1997 3074 1573 2671
4 3199 1992 2468 2802
4 3199 2468 1992 1871
4 1442 2916 1445 1346
4 1445 2916 1442 2720
4 822 696 269 717
4 269 696 822 1527
4 1241 3031 848 847
4 848 3031 1241 2752
4 3046 2243 2289 1545
4 3046 2289 2243 2684
4 2963 2036 2144 2143
4 2963 2144 2036 2795
4 3070 1386 1517 2655
4 3070 1517 1386 821
4 1280 978 165 561
4 1280 165 978 1403
4 560 165 978 561
4 560 978 165 1403
4 79 3058 516 78
4 516 3058 79 1068
4 3227 1804 1898 1959
4 3227 1898 1804 2616
4 2912 3099 2428 2771
4 2428 3099 2912 2576
4 2986 1081 1057 1080
4 2986 1057 1081 2892
4 3181 1634 2806 1669
4 3181 2806 1634 2938
4 2981 1676 2134 2779
4 2981 2134 1676 1664
4 3051 1666 1667 2767
4 3051 1667 1666 1679
4 3174 3191 2786 2546
4 2786 3191 3174 2441
4 13 118 60 486
4 60 118 13 2630
4 86 3130 2629 154
4 2629 3130 86 2980
4 3165 3176 3083 2567
4 3083 3176 3165 2562
4 2955 3187 1134 2695
4 2955 1134 3187 1358
4 995 1134 3187 2695
4 995 3187 1134 1358
4 3178 1234 1183 828
4 3178 1183 1234 3221
4 536 3009 87 1101
4 87 3009 536 86
4 116 9 56 487
4 56 9 116 2639
4 2763 309 755 1510
4 2763 755 309 768
4 2739 1420 143 511
4 1032 495 1197 1269
4 1197 495 1032 137
4 2275 2706 1982 1963
4 1982 2706 2275 3095
4 2911 972 1280 947
4 1280 972 2911 548
4 1280 89 2911 947
4 2911 89 1280 548
4 67 136 951 497
4 67 951 136 967
4 1269 951 136 497
4 1269 136 951 967
4 3090 1182 3094 2950
4 3090 3094 1182 1478
4 2235 2751 2053 12
4 2053 2751 2235 2054
4 3210 1946 2172 2270
4 3210 2172 1946 2953
4 3097 168 553 977
4 3097 553 168 554
4 971 458 462 459
4 971 462 458 1040
4 3221 174 2620 2875
4 3221 2620 174 175
4 3160 1067 2778 1150
4 3160 2778 1067 2943
4 1061 2778 1067 1150
4 1061 1067 2778 2943
4 977 978 169 1031
4 977 169 978 168
4 558 169 978 1031
4 558 978 169 168
4 971 458 113 1041
4 971 113 458 459
4 1412 1297 153 81
4 153 1297 1412 1112
4 153 528 1412 81
4 1412 528 153 1112
4 1483 3042 1457 1177
4 1457 3042 1483 71
4 1961 3082 1919 1921
4 1919 3082 1961 46
4 645 797 2918 690
4 2918 797 645 779
4 794 2401 299 2356
4 794 299 2401 799
4 742 646 2801 691
4 2801 646 742 739
4 1420 78 3058 79
4 3058 1068 1420 79
4 1420 1068 3058 1470
4 977 949 3097 168
4 3097 949 977 957
4 1498 1496 60 61
4 1498 60 1496 1318
4 854 1038 144 518
4 144 1038 854 1247
4 144 145 854 518
4 854 145 144 1247
4 3216 1394 457 1209
4 3216 457 1394 455
4 489 1397 67 129
4 974 67 1397 129
4 974 1397 67 959
4 1235 1246 3162 93
4 3162 1246 1235 1069
4 510 857 76 77
4 510 76 857 3154
4 3193 489 67 66
4 1419 532 1423 156
4 1423 532 1419 1355
4 1246 977 2862 169
4 2862 977 1246 980
4 12 8 2053 2233
4 12 2053 8 420
4 1036 1060 3086 1158
4 3086 1060 1036 65
4 3086 64 1036 1158
4 1036 64 3086 65
4 3096 3194 533 84
4 3096 533 3194 1410
4 85 533 3194 84
4 85 3194 533 1410
4 1035 502 69 1511
4 69 502 1035 133
4 69 1512 1035 1511
4 1035 1512 69 133
4 1483 499 71 137
4 1032 979 499 137
4 499 979 1032 1485
4 1483 1032 499 137
4 499 1032 1483 1485
4 1204 1214 75 141
4 75 1214 1204 1481
4 75 509 1204 141
4 1204 509 75 1481
4 457 1209 455 112
4 457 455 1209 1394
4 1364 455 1209 112
4 1364 1209 455 1394
4 24 26 1943 1776
4 24 1943 26 430
4 30 26 1589 433
4 30 1589 26 1590
4 1588 1589 26 433
4 1588 26 1589 1590
4 1207 1209 3216 51
4 1207 3216 1209 1169
4 125 478 1013 1014
4 125 1013 478 124
4 1012 1013 478 1014
4 1012 478 1013 124
4 1045 458 460 461
4 460 458 1045 1041
4 460 1059 1045 461
4 1045 1059 460 1041
4 1100 531 2980 87
4 2980 531 1100 1098
4 2980 1099 1100 87
4 1100 1099 2980 1098
4 4 0 1881 1778
4 4 1881 0 414
4 1420 855 2739 143
4 1420 2739 855 950
4 510 2739 855 143
4 510 855 2739 950
4 1111 1410 3194 85
4 3194 1410 1111 1305
4 1845 36 1878 441
4 1845 1878 36 2035
4 2916 1011 3072 1136
4 1009 3072 1011 1136
4 1009 1011 3072 59
4 1783 417 2 1779
4 1783 2 417 0
4 1847 441 32 34
4 32 441 1847 1878
4 3042 71 1197 1483
4 3042 1197 71 496
4 137 1197 71 1483
4 137 71 1197 496
4 429 1771 1791 1709
4 429 1791 1771 20
4 556 173 1155 95
4 556 1155 173 1154
4 1058 1155 173 95
4 1058 173 1155 1154
4 1012 59 124 1011
4 124 59 1012 479
4 1059 105 1045 461
4 1059 1045 105 1211
4 49 1045 105 461
4 49 105 1045 1211
4 557 1418 172 91
4 557 172 1418 1156
4 1403 172 1418 91
4 1403 1418 172 1156
4 63 119 1017 470
4 63 1017 119 1016
4 1018 1017 119 470
4 1018 119 1017 1016
4 2805 3042 3115 2455
4 3115 3042 2805 1176
4 3065 3086 134 2519
4 134 3086 3065 64
4 2639 10 2708 1742
4 2639 2708 10 11
4 1922 2801 2923 2216
4 2923 2801 1922 2404
4 976 3024 975 2796
4 976 975 3024 1052
4 1072 975 3024 2796
4 1072 3024 975 1052
4 1578 1942 761 2540
4 1578 761 1942 2264
4 774 761 1942 2540
4 774 1942 761 2264
4 504 2635 2642 23
4 2642 2635 504 130
4 2642 70 504 23
4 504 70 2642 130
4 499 1483 131 1485
4 499 131 1483 71
4 1227 131 1483 1485
4 1227 1483 131 71
4 3058 1420 2739 78
4 2739 1420 3058 1470
4 1397 67 3030 489
4 1397 3030 67 959
4 3193 3030 67 489
4 3193 67 3030 959
4 1011 3072 477 2916
4 1011 477 3072 59
4 58 477 3072 2916
4 58 3072 477 59

CELL_TYPES 17921
1
1
1
1
1
1
1
1
1
1
1
1
1
1
1
1
1
1
1
1
1
1
1
1
1
1
1
1
1
1
1
1
1
1
1
1
1
1
1
1
1
1
1
1
1
1
1
1
1
1
1
1
1
1
1
1
1
1
1
1
1
1
1
1
1
1
1
1
1
1
1
1
1
1
1
1
1
1
1
1
1
1
1
1
1
1
1
1
1
1
1
1
1
1
1
1
1
1
1
1
1
1
1
1
3
3
3
3
3
3
3
3
3
3
3
3
3
3
3
3
3
3
3
3
3
3
3
3
3
3
3
3
3
3
3
3
3
3
3
3
3
3
3
3
3
3
3
3
3
3
3
3
3
3
3
3
3
3
3
3
3
3
3
3
3
3
3
3
3
3
3
3
3
3
3
3
3
3
3
3
3
3
3
3
3
3
3
3
3
3
3
3
3
3
3
3
3
3
3
3
3
3
3
3
3
3
3
3
3
3
3
3
3
3
3
3
3
3
3
3
3
3
3
3
3
3
3
3
3
3
3
3
3
3
3
3
3
3
3
3
3
3
3
3
3
3
3
3
3
3
3
3
3
3
3
3
3
3
3
3
3
3
3
3
3
3
3
3
3
3
3
3
3
3
3
3
3
3
3
3
3
3
3
3
3
3
3
3
3
3
3
3
3
3
3
3
3
3
3
3
3
3
3
3
3
3
3
3
3
3
3
3
3
3
3
3
3
3
3
3
3
3
3
3
3
3
3
3
3
3
3
3
3
3
3
3
3
3
3
3
3
3
3
3
3
3
3
3
3
3
3
3
3
3
3
3
3
3
3
3
3
3
3
3
3
3
3
3
3
3
3
3
3
3
3
3
3
3
3
3
3
3
3
3
3
3
3
3
3
3
3
3
3
3
3
3
3
3
3
3
3
3
3
3
3
3
3
3
3
3
3
3
3
3
3
3
3
3
3
3
3
3
3
3
3
3
3
3
3
3
3
3
3
3
3
3
3
3
3
3
3
3
3
3
3
3
3
3
3
3
3
3
3
3
3
3
3
3
3
3
3
3
3
3
3
3
3
3
3
3
3
3
3
3
3
3
3
3
3
3
3
3
3
3
3
3
3
3
3
3
3
3
3
3
3
3
3
3
3
3
3
3
3
3
3
3
3
3
3
3
3
3
3
3
3
3
3
3
3
3
3
3
3
3
3
3
3
3
3
3
3
3
3
3
3
3
3
3
3
3
3
3
3
3
3
3
3
3
3
3
3
3
3
3
3
3
3
3
3
3
3
3
3
3
3
3
3
3
5
5
5
5
5
5
5
5
5
5
5
5
5
5
5
5
5
5
5
5
5
5
5
5
5
5
5
5
5
5
5
5
5
5
5
5
5
5
5
5
5
5
5
5
5
5
5
5
5
5
5
5
5
5
5
5
5
5
5
5
5
5
5
5
5
5
5
5
5
5
5
5
5
5
5
5
5
5
5
5
5
5
5
5
5
5
5
5
5
5
5
5
5
5
5
5
5
5
5
5
5
5
5
5
5
5
5
5
5
5
5
5
5
5
5
5
5
5
5
5
5
5
5
5
5
5
5
5
5
5
5
5
5
5
5
5
5
5
5
5
5
5
5
5
5
5
5
5
5
5
5
5
5
5
5
5
5
5
5
5
5
5
5
5
5
5
5
5
5
5
5
5
5
5
5
5
5
5
5
5
5
5
5
5
5
5
5
5
5
5
5
5
5
5
5
5
5
5
5
5
5
5
5
5
5
5
5
5
5
5
5
5
5
5
5
5
5
5
5
5
5
5
5
5
5
5
5
5
5
5
5
5
5
5
5
5
5
5
5
5
5
5
5
5
5
5
5
5
5
5
5
5
5
5
5
5
5
5
5
5
5
5
5
5
5
5
5
5
5
5
5
5
5
5
5
5
5
5
5
5
5
5
5
5
5
5
5
5
5
5
5
5
5
5
5
5
5
5
5
5
5
5
5
5
5
5
5
5
5
5
5
5
5
5
5
5
5
5
5
5
5
5
5
5
5
5
5
5
5
5
5
5
5
5
5
5
5
5
5
5
5
5
5
5
5
5
5
5
5
5
5
5
5
5
5
5
5
5
5
5
5
5
5
5
5
5
5
5
5
5
5
5
5
5
5
5
5
5
5
5
5
5
5
5
5
5
5
5
5
5
5
5
5
5
5
5
5
5
5
5
5
5
5
5
5
5
5
5
5
5
5
5
5
5
5
5
5
5
5
5
5
5
5
5
5
5
5
5
5
5
5
5
5
5
5
5
5
5
5
5
5
5
5
5
5
5
5
5
5
5
5
5
5
5
5
5
5
5
5
5
5
5
5
5
5
5
5
5
5
5
5
5
5
5
5
5
5
5
5
5
5
5
5
5
5
5
5
5
5
5
5
5
5
5
5
5
5
5
5
5
5
5
5
5
5
5
5
5
5
5
5
5
5
5
5
5
5
5
5
5
5
5
5
5
5
5
5
5
5
5
5
5
5
5
5
5
5
5
5
5
5
5
5
5
5
5
5
5
5
5
5
5
5
5
5
5
5
5
5
5
5
5
5
5
5
5
5
5
5
5
5
5
5
5
5
5
5
5
5
5
5
5
5
5
5
5
5
5
5
5
5
5
5
5
5
5
5
5
5
5
5
5
5
5
5
5
5
5
5
5
5
5
5
5
5
5
5
5
5
5
5
5
5
5
5
5
5
5
5
5
5
5
5
5
5
5
5
5
5
5
5
5
5
5
5
5
5
5
5
5
5
5
5
5
5
5
5
5
5
5
5
5
5
5
5
5
5
5
5
5
5
5
5
5
5
5
5
5
5
5
5
5
5
5
5
5
5
5
5
5
5
5
5
5
5
5
5
5
5
5
5
5
5
5
5
5
5
5
5
5
5
5
5
5
5
5
5
5
5
5
5
5
5
5
5
5
5
5
5
5
5
5
5
5
5
5
5
5
5
5
5
5
5
5
5
5
5
5
5
5
5
5
5
5
5
5
5
5
5
5
5
5
5
5
5
5
5
5
5
5
5
5
5
5
5
5
5
5
5
5
5
5
5
5
5
5
5
5
5
5
5
5
5
5
5
5
5
5
5
5
5
5
5
5
5
5
5
5
5
5
5
5
5
5
5
5
5
5
5
5
5
5
5
5
5
5
5
5
5
5
5
5
5
5
5
5
5
5
5
5
5
5
5
5
5
5
5
5
5
5
5
5
5
5
5
5
5
5
5
5
5
5
5
5
5
5
5
5
5
5
5
5
5
5
5
5
5
5
5
5
5
5
5
5
5
5
5
5
5
5
5
5
5
5
5
5
5
5
5
5
5
5
5
5
5
5
5
5
5
5
5
5
5
5
5
5
5
5
5
5
5
5
5
5
5
5
5
5
5
5
5
5
5
5
5
5
5
5
5
5
5
5
5
5
5
5
5
5
5
5
5
5
5
5
5
5
5
5
5
5
5
5
5
5
5
5
5
5
5
5
5
5
5
5
5
5
5
5
5
5
5
5
5
5
5
5
5
5
5
5
5
5
5
5
5
5
5
5
5
5
5
5
5
5
5
5
5
5
5
5
5
5
5
5
5
5
5
5
5
5
5
5
5
5
5
5
5
5
5
5
5
5
5
5
5
5
5
5
5
5
5
5
5
5
5
5
5
5
5
5
5
5
5
5
5
5
5
5
5
5
5
5
5
5
5
5
5
5
5
5
5
5
5
5
5
5
5
5
5
5
5
5
5
5
5
5
5
5
5
5
5
5
5
5
5
5
5
5
5
5
5
5
5
5
5
5
5
5
5
5
5
5
5
5
5
5
5
5
5
5
5
5
5
5
5
5
5
5
5
5
5
5
5
5
5
5
5
5
5
5
5
5
5
5
5
5
5
5
5
5
5
5
5
5
5
5
5
5
5
5
5
5
5
5
5
5
5
5
5
5
5
5
5
5
5
5
5
5
5
5
5
5
5
5
5
5
5
5
5
5
5
5
5
5
5
5
5
5
5
5
5
5
5
5
5
5
5
5
5
5
5
5
5
5
5
5
5
5
5
5
5
5
5
5
5
5
5
5
5
5
5
5
5
5
5
5
5
5
5
5
5
5
5
5
5
5
5
5
5
5
5
5
5
5
5
5
5
5
5
5
5
5
5
5
5
5
5
5
5
5
5
5
5
5
5
5
5
5
5
5
5
5
5
5
5
5
5
5
5
5
5
5
5
5
5
5
5
5
5
5
5
5
5
5
5
5
5
5
5
5
5
5
5
5
5
5
5
5
5
5
5
5
5
5
5
5
5
5
5
5
5
5
5
5
5
5
5
5
5
5
5
5
5
5
5
5
5
5
5
5
5
5
5
5
5
5
5
5
5
5
5
5
5
5
5
5
5
5
5
5
5
5
5
5
5
5
5
5
5
5
5
5
5
5
5
5
5
5
5
5
5
5
5
5
5
5
5
5
5
5
5
5
5
5
5
5
5
5
5
5
5
5
5
5
5
5
5
5
5
5
5
5
5
5
5
5
5
5
5
5
5
5
5
5
5
5
5
5
5
5
5
5
5
5
5
5
5
5
5
5
5
5
5
5
5
5
5
5
5
5
5
5
5
5
5
5
5
5
5
5
5
5
5
5
5
5
5
5
5
5
5
5
5
5
5
5
5
5
5
5
5
5
5
5
5
5
5
5
5
5
5
5
5
5
5
5
5
5
5
5
5
5
5
5
5
5
5
5
5
5
5
5
5
5
5
5
5
5
5
5
5
5
5
5
5
5
5
5
5
5
5
5
5
5
5
5
5
5
5
5
5
5
5
5
5
5
5
5
5
5
5
5
5
5
5
5
5
5
5
5
5
5
5
5
5
5
5
5
5
5
5
5
5
5
5
5
5
5
5
5
5
5
5
5
5
5
5
5
5
5
5
5
5
5
5
5
5
5
5
5
5
5
5
5
5
5
5
5
5
5
5
5
5
5
5
5
5
5
5
5
5
5
5
5
5
5
5
5
5
5
5
5
5
5
5
5
5
5
5
5
5
5
5
5
5
5
5
5
5
5
5
5
5
5
5
5
5
5
5
5
5
5
5
5
5
5
5
5
5
5
5
5
5
5
5
5
5
5
5
5
5
5
5
5
5
5
5
5
5
5
5
5
5
5
5
5
5
5
5
5
5
5
5
5
5
5
5
5
5
5
5
5
5
5
5
5
5
5
5
5
5
5
5
5
5
5
5
5
5
5
5
5
5
5
5
5
5
5
5
5
5
5
5
5
5
5
5
5
5
5
5
5
5
5
5
5
5
5
5
5
5
5
5
5
5
5
5
5
5
5
5
5
5
5
5
5
5
5
5
5
5
5
5
5
5
5
5
5
5
5
5
5
5
5
5
5
5
5
5
5
5
5
5
5
5
5
5
5
5
5
5
5
5
5
5
5
5
5
5
5
5
5
5
5
5
5
5
5
5
5
5
5
5
5
5
5
5
5
5
5
5
5
5
5
5
5
5
5
5
5
5
5
5
5
5
5
5
5
5
5
5
5
5
5
5
5
5
5
5
5
5
5
5
5
5
5
5
5
5
5
5
5
5
5
5
5
5
5
5
5
5
5
5
5
5
5
5
5
5
5
5
5
5
5
5
5
5
5
5
5
5
5
5
5
5
5
5
5
5
5
5
5
5
5
5
5
5
5
5
5
5
5
5
5
5
5
5
5
5
5
5
5
5
5
5
5
5
5
5
5
5
5
5
5
5
5
5
5
5
5
5
5
5
5
5
5
5
5
5
5
5
5
5
5
5
5
5
5
5
5
5
5
5
5
5
5
5
5
5
5
5
5
5
5
5
5
5
5
5
5
5
5
5
5
5
5
5
5
5
5
5
5
5
5
5
5
5
5
5
5
5
5
5
5
5
5
5
5
5
5
5
5
5
5
5
5
5
5
5
5
5
5
5
5
5
5
5
5
5
5
5
5
5
5
5
5
5
5
5
5
5
5
5
5
5
5
5
5
5
5
5
5
5
5
5
5
5
5
5
5
5
5
5
5
5
5
5
5
5
5
5
5
5
5
5
5
5
5
5
5
5
5
5
5
5
5
5
5
5
5
5
5
5
5
5
5
5
5
5
5
5
5
5
5
5
5
5
5
5
5
5
5
5
5
5
5
5
5
5
5
5
5
5
5
5
5
5
5
5
5
5
5
5
5
5
5
5
5
5
5
5
5
5
5
5
5
5
5
5
5
5
5
5
5
5
5
5
5
5
5
5
5
5
5
5
5
5
5
5
5
5
5
5
5
5
5
5
5
5
5
5
5
5
5
5
5
5
5
5
5
5
5
5
5
5
5
5
5
5
5
5
5
5
5
5
5
5
5
5
5
5
5
5
5
5
5
5
5
5
5
5
5
5
5
5
5
5
5
5
5
5
5
5
5
5
5
5
5
5
5
5
5
5
5
5
5
5
5
5
5
5
5
5
5
5
5
5
5
5
5
5
5
5
5
5
5
5
5
5
5
5
5
5
5
5
5
5
5
5
5
5
5
5
5
5
5
5
5
5
5
5
5
5
5
5
5
5
5
5
5
5
5
5
5
5
5
5
5
5
5
5
5
5
5
5
5
5
5
5
5
5
5
5
5
5
5
5
5
5
5
5
5
5
5
5
5
5
5
5
5
5
5
5
5
5
5
5
5
5
5
5
5
5
5
5
5
5
5
5
5
5
5
5
5
5
5
5
5
5
5
5
5
5
5
5
5
5
5
5
5
5
5
5
5
5
5
5
5
5
5
5
5
5
5
5
5
5
5
5
5
5
5
5
5
5
5
5
5
5
5
5
5
5
5
5
5
5
5
5
5
5
5
5
5
5
5
5
5
5
5
5
5
5
5
5
5
5
5
5
5
5
5
5
5
5
5
5
5
5
5
5
5
5
5
5
5
5
5
5
5
5
5
5
5
5
5
5
5
5
5
5
5
5
5
5
5
5
5
5
5
5
5
5
5
5
5
5
5
5
5
5
5
5
5
5
5
5
5
5
5
5
5
5
5
5
5
5
5
5
5
5
5
5
5
5
5
5
5
5
5
5
5
5
5
5
5
5
5
5
5
5
5
5
5
5
5
5
5
5
5
5
5
5
5
5
5
5
5
5
5
5
5
5
5
5
5
5
5
5
5
5
5
5
5
5
5
5
5
5
5
5
5
5
5
5
5
5
5
5
5
5
5
5
5
5
5
5
5
5
5
5
5
5
5
5
5
5
5
5
5
5
5
5
5
5
5
5
5
5
5
5
5
5
5
5
5
5
5
5
5
5
5
5
5
5
5
5
5
5
5
5
5
5
5
5
5
5
5
5
5
5
5
5
5
5
5
5
5
5
5
5
5
5
5
5
5
5
5
5
5
5
5
5
5
5
5
5
5
5
5
5
5
5
5
5
5
5
5
5
5
5
5
5
5
5
5
5
5
5
5
5
5
5
5
5
5
5
5
5
5
5
5
5
5
5
5
5
5
5
5
5
5
5
5
5
5
5
5
5
5
5
5
5
5
5
5
5
5
5
5
5
5
5
5
5
5
5
5
5
5
5
5
5
5
5
5
5
5
5
5
5
5
5
5
5
5
5
5
5
5
5
5
5
5
5
5
5
5
5
5
5
5
5
5
5
5
5
5
5
5
5
5
5
5
5
5
5
5
5
5
5
5
5
5
5
5
5
5
5
5
5
5
5
5
5
5
5
5
5
5
5
5
5
5
5
5
5
5
5
5
5
5
5
5
5
5
5
5
5
5
5
5
5
5
5
5
5
5
5
5
5
5
5
5
5
5
5
5
5
5
5
5
5
5
5
5
5
5
5
5
5
5
5
5
5
5
5
5
5
5
5
5
5
5
5
5
5
5
5
5
5
5
5
5
5
5
5
5
5
5
5
5
5
5
5
5
5
5
5
5
5
5
5
5
5
5
5
5
5
5
5
5
5
5
5
5
5
5
5
5
5
5
5
5
5
5
5
5
5
5
5
5
5
5
5
5
5
5
5
5
5
5
5
5
5
5
5
5
5
5
5
5
5
5
5
5
5
5
5
5
5
5
5
5
5
5
5
5
5
5
5
5
5
5
5
5
5
5
5
5
5
5
5
5
5
5
5
5
5
5
5
5
5
5
5
5
5
5
5
5
5
5
5
5
5
5
5
5
5
5
5
5
5
5
5
5
5
5
5
5
5
5
5
5
5
5
5
5
5
5
5
5
5
5
5
5
5
5
5
5
5
5
5
5
5
5
5
5
5
5
5
5
5
5
5
5
5
5
5
5
5
5
5
5
5
5
5
5
5
5
5
5
5
5
5
5
5
5
5
5
5
5
5
5
5
5
5
5
5
5
5
5
5
5
5
5
5
5
5
5
5
5
5
5
5
5
5
5
5
5
5
5
5
5
5
5
5
5
5
5
5
5
5
5
5
5
5
5
5
5
5
5
5
5
5
5
5
5
5
5
5
5
5
5
5
5
5
5
5
5
5
5
5
5
5
5
5
5
5
5
5
5
5
5
5
5
5
5
5
5
5
5
5
5
5
5
5
5
5
5
5
5
5
5
5
5
5
5
5
5
5
5
5
5
5
5
5
5
5
5
5
5
5
5
5
5
5
5
5
5
5
5
5
5
5
5
5
5
5
5
5
5
5
5
5
5
5
5
5
5
5
5
5
5
5
5
5
5
5
5
5
5
5
5
5
5
5
5
5
5
5
5
5
5
5
5
5
5
5
5
5
5
5
5
5
5
5
5
5
5
5
5
5
5
5
5
5
5
5
5
5
5
5
5
5
5
5
5
5
5
5
5
5
5
5
5
5
5
5
5
5
5
5
5
5
5
5
5
5
5
5
5
5
5
5
5
5
5
5
5
5
5
5
5
5
5
5
5
5
5
5
5
5
5
5
5
5
5
5
5
5
5
5
5
5
5
5
5
5
5
5
5
5
5
5
5
5
5
5
5
5
5
5
5
5
5
5
5
5
5
5
5
5
5
5
5
5
5
5
5
5
5
5
5
5
5
5
5
5
5
5
5
5
5
5
5
5
5
5
5
5
5
5
5
5
5
5
5
5
5
5
5
5
5
5
5
5
5
5
5
5
5
5
5
5
5
5
5
5
5
5
5
5
5
5
5
5
5
5
5
5
5
5
5
5
5
5
5
5
5
5
5
5
5
5
5
5
5
5
5
5
5
5
5
5
5
5
5
5
5
5
5
5
5
5
5
5
5
5
5
5
5
5
5
5
5
5
5
5
5
5
5
5
5
5
5
5
5
5
5
5
5
5
5
5
5
5
5
5
5
5
5
5
5
5
5
5
5
5
5
5
5
5
5
5
5
5
5
5
5
5
5
5
5
5
5
5
5
5
5
5
5
5
5
5
5
5
5
5
5
5
5
5
5
5
5
5
5
5
5
5
5
5
5
5
5
5
5
5
5
5
5
5
5
5
5
5
5
5
5
5
5
5
5
5
5
5
5
5
5
5
5
5
5
5
5
5
5
5
5
5
5
5
5
5
5
5
5
5
5
5
5
5
5
5
5
5
5
5
5
5
5
5
5
5
5
5
5
5
5
5
5
5
5
5
5
5
5
5
5
5
5
5
5
5
5
5
5
5
5
5
5
5
5
5
5
5
5
5
5
5
5
5
5
5
5
5
5
5
5
5
5
5
5
5
5
5
5
5
5
5
5
5
5
5
5
5
5
5
5
5
5
5
5
5
5
5
5
5
5
5
5
5
5
5
5
5
5
5
5
5
5
5
5
5
5
5
5
5
5
5
5
5
5
5
5
5
5
5
5
5
5
5
5
5
5
5
5
5
5
5
5
5
5
5
5
5
5
5
5
5
5
5
5
5
5
5
5
5
5
5
5
5
5
5
5
5
5
5
5
5
5
5
5
5
5
5
5
5
5
5
5
5
5
5
5
5
5
5
5
5
5
5
5
5
5
5
5
5
5
5
5
5
5
5
5
5
5
5
5
5
5
5
5
5
5
5
5
5
5
5
5
5
5
5
5
5
5
5
5
5
5
5
5
5
5
5
5
5
5
5
5
5
5
5
5
5
5
5
5
5
5
5
5
5
5
5
5
5
5
5
5
5
5
5
5
5
5
5
5
5
5
5
5
5
5
5
5
5
5
5
5
5
5
5
5
5
5
5
5
5
5
5
5
5
5
5
5
5
5
5
5
5
5
5
5
5
5
5
5
5
5
5
5
5
5
5
5
5
5
5
5
5
5
5
5
5
5
5
5
5
5
5
5
5
5
5
5
5
5
5
5
5
5
5
5
5
5
5
5
5
5
5
5
5
5
5
5
5
5
5
5
5
5
5
5
5
5
5
5
5
5
5
5
5
5
5
5
5
5
5
5
5
5
5
5
5
5
5
5
5
5
5
5
5
5
5
5
5
5
5
5
5
5
5
5
5
5
5
5
5
5
5
5
5
5
5
5
5
5
5
5
5
5
5
5
5
5
5
5
5
5
5
5
5
5
5
5
5
5
5
5
5
5
5
5
5
5
5
5
5
5
5
5
5
5
5
5
5
5
5
5
5
5
5
5
5
5
5
5
5
5
5
5
5
5
5
5
5
5
5
5
5
5
5
5
5
5
5
5
5
5
5
5
5
5
5
5
5
5
5
5
5
5
5
5
5
5
5
5
5
5
5
5
5
5
5
5
5
5
5
5
5
5
5
5
5
5
5
5
5
5
5
5
5
5
5
5
5
5
5
5
5
5
5
5
5
5
5
5
5
5
5
5
5
5
5
5
5
5
5
5
5
5
5
5
5
5
5
5
5
5
5
5
5
5
5
5
5
5
5
5
5
5
5
5
5
5
5
5
5
5
5
5
5
5
5
5
5
5
5
5
5
5
5
5
5
5
5
5
5
5
5
5
5
5
5
5
5
5
5
5
5
5
5
5
5
5
5
5
5
5
5
5
5
5
5
5
5
5
5
5
5
5
5
5
5
5
5
5
5
5
5
5
5
5
5
5
5
5
5
5
5
5
5
5
5
5
5
5
5
5
5
5
5
5
5
5
5
5
5
5
5
5
5
5
5
5
5
5
5
5
5
5
5
5
5
5
5
5
5
5
5
5
5
5
5
5
5
5
5
5
5
5
5
5
5
5
5
5
5
5
5
5
5
5
5
5
5
5
5
5
5
5
5
5
5
5
5
5
5
5
5
5
5
5
5
5
5
5
5
5
5
5
5
5
5
5
5
5
5
5
5
5
5
5
5
5
5
5
5
5
5
5
5
5
5
5
5
5
5
5
5
5
5
5
5
5
5
5
5
5
5
5
5
5
5
5
5
5
5
5
5
5
5
5
5
5
5
5
5
5
5
5
5
5
5
5
5
5
5
5
5
5
5
5
5
5
5
5
5
5
5
5
5
5
5
5
5
5
5
5
5
5
5
5
5
5
5
5
5
5
5
5
5
5
5
5
5
5
5
5
5
5
5
5
5
5
5
5
5
5
5
5
5
5
5
5
5
5
5
5
5
5
5
5
5
5
5
5
5
5
5
5
5
5
5
5
5
5
5
5
5
5
5
5
5
5
5
5
5
5
5
5
5
5
5
5
5
5
5
5
5
5
5
5
5
5
5
5
5
5
5
5
5
5
5
5
5
5
5
5
5
5
5
5
5
5
5
5
5
5
5
5
5
5
5
5
5
5
5
5
5
5
5
5
5
5
5
5
5
5
5
5
5
5
5
5
5
5
5
5
5
5
5
5
5
5
5
5
5
5
5
5
5
5
5
5
5
5
5
5
5
5
5
5
5
5
5
5
5
5
5
5
5
5
5
5
5
5
5
5
5
5
5
5
5
5
5
5
5
5
5
5
5
5
5
5
5
5
5
5
5
5
5
5
5
5
5
5
5
5
5
5
5
5
5
5
5
5
5
5
5
5
5
5
5
5
5
5
5
5
5
5
5
5
5
5
5
5
5
5
5
5
5
5
5
5
5
5
5
5
5
5
5
5
5
5
5
5
5
5
5
5
5
5
5
5
5
5
5
5
5
5
5
5
5
5
5
5
5
5
5
5
5
5
10
10
10
10
10
10
10
10
10
10
10
10
10
10
10
10
10
10
10
10
10
10
10
10
10
10
10
10
10
10
10
10
10
10
10
10
10
10
10
10
10
10
10
10
10
10
10
10
10
10
10
10
10
10
10
10
10
10
10
10
10
10
10
10
10
10
10
10
10
10
10
10
10
10
10
10
10
10
10
10
10
10
10
10
10
10
10
10
10
10
10
10
10
10
10
10
10
10
10
10
10
10
10
10
10
10
10
10
10
10
10
10
10
10
10
10
10
10
10
10
10
10
10
10
10
10
10
10
10
10
10
10
10
10
10
10
10
10
10
10
10
10
10
10
10
10
10
10
10
10
10
10
10
10
10
10
10
10
10
10
10
10
10
10
10
10
10
10
10
10
10
10
10
10
10
10
10
10
10
10
10
10
10
10
10
10
10
10
10
10
10
10
10
10
10
10
10
10
10
10
10
10
10
10
10
10
10
10
10
10
10
10
10
10
10
10
10
10
10
10
10
10
10
10
10
10
10
10
10
10
10
10
10
10
10
10
10
10
10
10
10
10
10
10
10
10
10
10
10
10
10
10
10
10
10
10
10
10
10
10
10
10
10
10
10
10
10
10
10
10
10
10
10
10
10
10
10
10
10
10
10
10
10
10
10
10
10
10
10
10
10
10
10
10
10
10
10
10
10
10
10
10
10
10
10
10
10
10
10
10
10
10
10
10
10
10
10
10
10
10
10
10
10
10
10
10
10
10
10
10
10
10
10
10
10
10
10
10
10
10
10
10
10
10
10
10
10
10
10
10
10
10
10
10
10
10
10
10
10
10
10
10
10
10
10
10
10
10
10
10
10
10
10
10
10
10
10
10
10
10
10
10
10
10
10
10
10
10
10
10
10
10
10
10
10
10
10
10
10
10
10
10
10
10
10
10
10
10
10
10
10
10
10
10
10
10
10
10
10
10
10
10
10
10
10
10
10
10
10
10
10
10
10
10
10
10
10
10
10
10
10
10
10
10
10
10
10
10
10
10
10
10
10
10
10
10
10
10
10
10
10
10
10
10
10
10
10
10
10
10
10
10
10
10
10
10
10
10
10
10
10
10
10
10
10
10
10
10
10
10
10
10
10
10
10
10
10
10
10
10
10
10
10
10
10
10
10
10
10
10
10
10
10
10
10
10
10
10
10
10
10
10
10
10
10
10
10
10
10
10
10
10
10
10
10
10
10
10
10
10
10
10
10
10
10
10
10
10
10
10
10
10
10
10
10
10
10
10
10
10
10
10
10
10
10
10
10
10
10
10
10
10
10
10
10
10
10
10
10
10
10
10
10
10
10
10
10
10
10
10
10
10
10
10
10
10
10
10
10
10
10
10
10
10
10
10
10
10
10
10
10
10
10
10
10
10
10
10
10
10
10
10
10
10
10
10
10
10
10
10
10
10
10
10
10
10
10
10
10
10
10
10
10
10
10
10
10
10
10
10
10
10
10
10
10
10
10
10
10
10
10
10
10
10
10
10
10
10
10
10
10
10
10
10
10
10
10
10
10
10
10
10
10
10
10
10
10
10
10
10
10
10
10
10
10
10
10
10
10
10
10
10
10
10
10
10
10
10
10
10
10
10
10
10
10
10
10
10
10
10
10
10
10
10
10
10
10
10
10
10
10
10
10
10
10
10
10
10
10
10
10
10
10
10
10
10
10
10
10
10
10
10
10
10
10
10
10
10
10
10
10
10
10
10
10
10
10
10
10
10
10
10
10
10
10
10
10
10
10
10
10
10
10
10
10
10
10
10
10
10
10
10
10
10
10
10
10
10
10
10
10
10
10
10
10
10
10
10
10
10
10
10
10
10
10
10
10
10
10
10
10
10
10
10
10
10
10
10
10
10
10
10
10
10
10
10
10
10
10
10
10
10
10
10
10
10
10
10
10
10
10
10
10
10
10
10
10
10
10
10
10
10
10
10
10
10
10
10
10
10
10
10
10
10
10
10
10
10
10
10
10
10
10
10
10
10
10
10
10
10
10
10
10
10
10
10
10
10
10
10
10
10
10
10
10
10
10
10
10
10
10
10
10
10
10
10
10
10
10
10
10
10
10
10
10
10
10
10
10
10
10
10
10
10
10
10
10
10
10
10
10
10
10
10
10
10
10
10
10
10
10
10
10
10
10
10
10
10
10
10
10
10
10
10
10
10
10
10
10
10
10
10
10
10
10
10
10
10
10
10
10
10
10
10
10
10
10
10
10
10
10
10
10
10
10
10
10
10
10
10
10
10
10
10
10
10
10
10
10
10
10
10
10
10
10
10
10
10
10
10
10
10
10
10
10
10
10
10
10
10
10
10
10
10
10
10
10
10
10
10
10
10
10
10
10
10
10
10
10
10
10
10
10
10
10
10
10
10
10
10
10
10
10
10
10
10
10
10
10
10
10
10
10
10
10
10
10
10
10
10
10
10
10
10
10
10
10
10
10
10
10
10
10
10
10
10
10
10
10
10
10
10
10
10
10
10
10
10
10
10
10
10
10
10
10
10
10
10
10
10
10
10
10
10
10
10
10
10
10
10
10
10
10
10
10
10
10
10
10
10
10
10
10
10
10
10
10
10
10
10
10
10
10
10
10
10
10
10
10
10
10
10
10
10
10
10
10
10
10
10
10
10
10
10
10
10
10
10
10
10
10
10
10
10
10
10
10
10
10
10
10
10
10
10
10
10
10
10
10
10
10
10
10
10
10
10
10
10
10
10
10
10
10
10
10
10
10
10
10
10
10
10
10
10
10
10
10
10
10
10
10
10
10
10
10
10
10
10
10
10
10
10
10
10
10
10
10
10
10
10
10
10
10
10
10
10
10
10
10
10
10
10
10
10
10
10
10
10
10
10
10
10
10
10
10
10
10
10
10
10
10
10
10
10
10
10
10
10
10
10
10
10
10
10
10
10
10
10
10
10
10
10
10
10
10
10
10
10
10
10
10
10
10
10
10
10
10
10
10
10
10
10
10
10
10
10
10
10
10
10
10
10
10
10
10
10
10
10
10
10
10
10
10
10
10
10
10
10
10
10
10
10
10
10
10
10
10
10
10
10
10
10
10
10
10
10
10
10
10
10
10
10
10
10
10
10
10
10
10
10
10
10
10
10
10
10
10
10
10
10
10
10
10
10
10
10
10
10
10
10
10
10
10
10
10
10
10
10
10
10
10
10
10
10
10
10
10
10
10
10
10
10
10
10
10
10
10
10
10
10
10
10
10
10
10
10
10
10
10
10
10
10
10
10
10
10
10
10
10
10
10
10
10
10
10
10
10
10
10
10
10
10
10
10
10
10
10
10
10
10
10
10
10
10
10
10
10
10
10
10
10
10
10
10
10
10
10
10
10
10
10
10
10
10
10
10
10
10
10
10
10
10
10
10
10
10
10
10
10
10
10
10
10
10
10
10
10
10
10
10
10
10
10
10
10
10
10
10
10
10
10
10
10
10
10
10
10
10
10
10
10
10
10
10
10
10
10
10
10
10
10
10
10
10
10
10
10
10
10
10
10
10
10
10
10
10
10
10
10
10
10
10
10
10
10
10
10
10
10
10
10
10
10
10
10
10
10
10
10
10
10
10
10
10
10
10
10
10
10
10
10
10
10
10
10
10
10
10
10
10
10
10
10
10
10
10
10
10
10
10
10
10
10
10
10
10
10
10
10
10
10
10
10
10
10
10
10
10
10
10
10
10
10
10
10
10
10
10
10
10
10
10
10
10
10
10
10
10
10
10
10
10
10
10
10
10
10
10
10
10
10
10
10
10
10
10
10
10
10
10
10
10
10
10
10
10
10
10
10
10
10
10
10
10
10
10
10
10
10
10
10
10
10
10
10
10
10
10
10
10
10
10
10
10
10
10
10
10
10
10
10
10
10
10
10
10
10
10
10
10
10
10
10
10
10
10
10
10
10
10
10
10
10
10
10
10
10
10
10
10
10
10
10
10
10
10
10
10
10
10
10
10
10
10
10
10
10
10
10
10
10
10
10
10
10
10
10
10
10
10
10
10
10
10
10
10
10
10
10
10
10
10
10
10
10
10
10
10
10
10
10
10
10
10
10
10
10
10
10
10
10
10
10
10
10
10
10
10
10
10
10
10
10
10
10
10
10
10
10
10
10
10
10
10
10
10
10
10
10
10
10
10
10
10
10
10
10
10
10
10
10
10
10
10
10
10
10
10
10
10
10
10
10
10
10
10
10
10
10
10
10
10
10
10
10
10
10
10
10
10
10
10
10
10
10
10
10
10
10
10
10
10
10
10
10
10
10
10
10
10
10
10
10
10
10
10
10
10
10
10
10
10
10
10
10
10
10
10
10
10
10
10
10
10
10
10
10
10
10
10
10
10
10
10
10
10
10
10
10
10
10
10
10
10
10
10
10
10
10
10
10
10
10
10
10
10
10
10
10
10
10
10
10
10
10
10
10
10
10
10
10
10
10
10
10
10
10
10
10
10
10
10
10
10
10
10
10
10
10
10
10
10
10
10
10
10
10
10
10
10
10
10
10
10
10
10
10
10
10
10
10
10
10
10
10
10
10
10
10
10
10
10
10
10
10
10
10
10
10
10
10
10
10
10
10
10
10
10
10
10
10
10
10
10
10
10
10
10
10
10
10
10
10
10
10
10
10
10
10
10
10
10
10
10
10
10
10
10
10
10
10
10
10
10
10
10
10
10
10
10
10
10
10
10
10
10
10
10
10
10
10
10
10
10
10
10
10
10
10
10
10
10
10
10
10
10
10
10
10
10
10
10
10
10
10
10
10
10
10
10
10
10
10
10
10
10
10
10
10
10
10
10
10
10
10
10
10
10
10
10
10
10
10
10
10
10
10
10
10
10
10
10
10
10
10
10
10
10
10
10
10
10
10
10
10
10
10
10
10
10
10
10
10
10
10
10
10
10
10
10
10
10
10
10
10
10
10
10
10
10
10
10
10
10
10
10
10
10
10
10
10
10
10
10
10
10
10
10
10
10
10
10
10
10
10
10
10
10
10
10
10
10
10
10
10
10
10
10
10
10
10
10
10
10
10
10
10
10
10
10
10
10
10
10
10
10
10
10
10
10
10
10
10
10
10
10
10
10
10
10
10
10
10
10
10
10
10
10
10
10
10
10
10
10
10
10
10
10
10
10
10
10
10
10
10
10
10
10
10
10
10
10
10
10
10
10
10
10
10
10
10
10
10
10
10
10
10
10
10
10
10
10
10
10
10
10
10
10
10
10
10
10
10
10
10
10
10
10
10
10
10
10
10
10
10
10
10
10
10
10
10
10
10
10
10
10
10
10
10
10
10
10
10
10
10
10
10
10
10
10
10
10
10
10
10
10
10
10
10
10
10
10
10
10
10
10
10
10
10
10
10
10
10
10
10
10
10
10
10
10
10
10
10
10
10
10
10
10
10
10
10
10
10
10
10
10
10
10
10
10
10
10
10
10
10
10
10
10
10
10
10
10
10
10
10
10
10
10
10
10
10
10
10
10
10
10
10
10
10
10
10
10
10
10
10
10
10
10
10
10
10
10
10
10
10
10
10
10
10
10
10
10
10
10
10
10
10
10
10
10
10
10
10
10
10
10
10
10
10
10
10
10
10
10
10
10
10
10
10
10
10
10
10
10
10
10
10
10
10
10
10
10
10
10
10
10
10
10
10
10
10
10
10
10
10
10
10
10
10
10
10
10
10
10
10
10
10
10
10
10
10
10
10
10
10
10
10
10
10
10
10
10
10
10
10
10
10
10
10
10
10
10
10
10
10
10
10
10
10
10
10
10
10
10
10
10
10
10
10
10
10
10
10
10
10
10
10
10
10
10
10
10
10
10
10
10
10
10
10
10
10
10
10
10
10
10
10
10
10
10
10
10
10
10
10
10
10
10
10
10
10
10
10
10
10
10
10
10
10
10
10
10
10
10
10
10
10
10
10
10
10
10
10
10
10
10
10
10
10
10
10
10
10
10
10
10
10
10
10
10
10
10
10
10
10
10
10
10
10
10
10
10
10
10
10
10
10
10
10
10
10
10
10
10
10
10
10
10
10
10
10
10
10
10
10
10
10
10
10
10
10
10
10
10
10
10
10
10
10
10
10
10
10
10
10
10
10
10
10
10
10
10
10
10
10
10
10
10
10
10
10
10
10
10
10
10
10
10
10
10
10
10
10
10
10
10
10
10
10
10
10
10
10
10
10
10
10
10
10
10
10
10
10
10
10
10
10
10
10
10
10
10
10
10
10
10
10
10
10
10
10
10
10
10
10
10
10
10
10
10
10
10
10
10
10
10
10
10
10
10
10
10
10
10
10
10
10
10
10
10
10
10
10
10
10
10
10
10
10
10
10
10
10
10
10
10
10
10
10
10
10
10
10
10
10
10
10
10
10
10
10
10
10
10
10
10
10
10
10
10
10
10
10
10
10
10
10
10
10
10
10
10
10
10
10
10
10
10
10
10
10
10
10
10
10
10
10
10
10
10
10
10
10
10
10
10
10
10
10
10
10
10
10
10
10
10
10
10
10
10
10
10
10
10
10
10
10
10
10
10
10
10
10
10
10
10
10
10
10
10
10
10
10
10
10
10
10
10
10
10
10
10
10
10
10
10
10
10
10
10
10
10
10
10
10
10
10
10
10
10
10
10
10
10
10
10
10
10
10
10
10
10
10
10
10
10
10
10
10
10
10
10
10
10
10
10
10
10
10
10
10
10
10
10
10
10
10
10
10
10
10
10
10
10
10
10
10
10
10
10
10
10
10
10
10
10
10
10
10
10
10
10
10
10
10
10
10
10
10
10
10
10
10
10
10
10
10
10
10
10
10
10
10
10
10
10
10
10
10
10
10
10
10
10
10
10
10
10
10
10
10
10
10
10
10
10
10
10
10
10
10
10
10
10
10
10
10
10
10
10
10
10
10
10
10
10
10
10
10
10
10
10
10
10
10
10
10
10
10
10
10
10
10
10
10
10
10
10
10
10
10
10
10
10
10
10
10
10
10
10
10
10
10
10
10
10
10
10
10
10
10
10
10
10
10
10
10
10
10
10
10
10
10
10
10
10
10
10
10
10
10
10
10
10
10
10
10
10
10
10
10
10
10
10
10
10
10
10
10
10
10
10
10
10
10
10
10
10
10
10
10
10
10
10
10
10
10
10
10
10
10
10
10
10
10
10
10
10
10
10
10
10
10
10
10
10
10
10
10
10
10
10
10
10
10
10
10
10
10
10
10
10
10
10
10
10
10
10
10
10
10
10
10
10
10
10
10
10
10
10
10
10
10
10
10
10
10
10
10
10
10
10
10
10
10
10
10
10
10
10
10
10
10
10
10
10
10
10
10
10
10
10
10
10
10
10
10
10
10
10
10
10
10
10
10
10
10
10
10
10
10
10
10
10
10
10
10
10
10
10
10
10
10
10
10
10
10
10
10
10
10
10
10
10
10
10
10
10
10
10
10
10
10
10
10
10
10
10
10
10
10
10
10
10
10
10
10
10
10
10
10
10
10
10
10
10
10
10
10
10
10
10
10
10
10
10
10
10
10
10
10
10
10
10
10
10
10
10
10
10
10
10
10
10
10
10
10
10
10
10
10
10
10
10
10
10
10
10
10
10
10
10
10
10
10
10
10
10
10
10
10
10
10
10
10
10
10
10
10
10
10
10
10
10
10
10
10
10
10
10
10
10
10
10
10
10
10
10
10
10
10
10
10
10
10
10
10
10
10
10
10
10
10
10
10
10
10
10
10
10
10
10
10
10
10
10
10
10
10
10
10
10
10
10
10
10
10
10
10
10
10
10
10
10
10
10
10
10
10
10
10
10
10
10
10
10
10
10
10
10
10
10
10
10
10
10
10
10
10
10
10
10
10
10
10
10
10
10
10
10
10
10
10
10
10
10
10
10
10
10
10
10
10
10
10
10
10
10
10
10
10
10
10
10
10
10
10
10
10
10
10
10
10
10
10
10
10
10
10
10
10
10
10
10
10
10
10
10
10
10
10
10
10
10
10
10
10
10
10
10
10
10
10
10
10
10
10
10
10
10
10
10
10
10
10
10
10
10
10
10
10
10
10
10
10
10
10
10
10
10
10
10
10
10
10
10
10
10
10
10
10
10
10
10
10
10
10
10
10
10
10
10
10
10
10
10
10
10
10
10
10
10
10
10
10
10
10
10
10
10
10
10
10
10
10
10
10
10
10
10
10
10
10
10
10
10
10
10
10
10
10
10
10
10
10
10
10
10
10
10
10
10
10
10
10
10
10
10
10
10
10
10
10
10
10
10
10
10
10
10
10
10
10
10
10
10
10
10
10
10
10
10
10
10
10
10
10
10
10
10
10
10
10
10
10
10
10
10
10
10
10
10
10
10
10
10
10
10
10
10
10
10
10
10
10
10
10
10
10
10
10
10
10
10
10
10
10
10
10
10
10
10
10
10
10
10
10
10
10
10
10
10
10
10
10
10
10
10
10
10
10
10
10
10
10
10
10
10
10
10
10
10
10
10
10
10
10
10
10
10
10
10
10
10
10
10
10
10
10
10
10
10
10
10
10
10
10
10
10
10
10
10
10
10
10
10
10
10
10
10
10
10
10
10
10
10
10
10
10
10
10
10
10
10
10
10
10
10
10
10
10
10
10
10
10
10
10
10
10
10
10
10
10
10
10
10
10
10
10
10
10
10
10
10
10
10
10
10
10
10
10
10
10
10
10
10
10
10
10
10
10
10
10
10
10
10
10
10
10
10
10
10
10
10
10
10
10
10
10
10
10
10
10
10
10
10
10
10
10
10
10
10
10
10
10
10
10
10
10
10
10
10
10
10
10
10
10
10
10
10
10
10
10
10
10
10
10
10
10
10
10
10
10
10
10
10
10
10
10
10
10
10
10
10
10
10
10
10
10
10
10
10
10
10
10
10
10
10
10
10
10
10
10
10
10
10
10
10
10
10
10
10
10
10
10
10
10
10
10
10
10
10
10
10
10
10
10
10
10
10
10
10
10
10
10
10
10
10
10
10
10
10
10
10
10
10
10
10
10
10
10
10
10
10
10
10
10
10
10
10
10
10
10
10
10
10
10
10
10
10
10
10
10
10
10
10
10
10
10
10
10
10
10
10
10
10
10
10
10
10
10
10
10
10
10
10
10
10
10
10
10
10
10
10
10
10
10
10
10
10
10
10
10
10
10
10
10
10
10
10
10
10
10
10
10
10
10
10
10
10
10
10
10
10
10
10
10
10
10
10
10
10
10
10
10
10
10
10
10
10
10
10
10
10
10
10
10
10
10
10
10
10
10
10
10
10
10
10
10
10
10
10
10
10
10
10
10
10
10
10
10
10
10
10
10
10
10
10
10
10
10
10
10
10
10
10
10
10
10
10
10
10
10
10
10
10
10
10
10
10
10
10
10
10
10
10
10
10
10
10
10
10
10
10
10
10
10
10
10
10
10
10
10
10
10
10
10
10
10
10
10
10
10
10
10
10
10
10
10
10
10
10
10
10
10
10
10
10
10
10
10
10
10
10
10
10
10
10
10
10
10
10
10
10
10
10
10
10
10
10
10
10
10
10
10
10
10
10
10
10
10
10
10
10
10
10
10
10
10
10
10
10
10
10
10
10
10
10
10
10
10
10
10
10
10
10
10
10
10
10
10
10
10
10
10
10
10
10
10
10
10
10
10
10
10
10
10
10
10
10
10
10
10
10
10
10
10
10
10
10
10
10
10
10
10
10
10
10
10
10
10
10
10
10
10
10
10
10
10
10
10
10
10
10
10
10
10
10
10
10
10
10
10
10
10
10
10
10
10
10
10
10
10
10
10
10
10
10
10
10
10
10
10
10
10
10
10
10
10
10
10
10
10
10
10
10
10
10
10
10
10
10
10
10
10
10
10
10
10
10
10
10
10
10
10
10
10
10
10
10
10
10
10
10
10
10
10
10
10
10
10
10
10
10
10
10
10
10
10
10
10
10
10
10
10
10
10
10
10
10
10
10
10
10
10
10
10
10
10
10
10
10
10
10
10
10
10
10
10
10
10
10
10
10
10
10
10
10
10
10
10
10
10
10
10
10
10
10
10
10
10
10
10
10
10
10
10
10
10
10
10
10
10
10
10
10
10
10
10
10
10
10
10
10
10
10
10
10
10
10
10
10
10
10
10
10
10
10
10
10
10
10
10
10
10
10
10
10
10
10
10
10
10
10
10
10
10
10
10
10
10
10
10
10
10
10
10
10
10
10
10
10
10
10
10
10
10
10
10
10
10
10
10
10
10
10
10
10
10
10
10
10
10
10
10
10
10
10
10
10
10
10
10
10
10
10
10
10
10
10
10
10
10
10
10
10
10
10
10
10
10
10
10
10
10
10
10
10
10
10
10
10
10
10
10
10
10
10
10
10
10
10
10
10
10
10
10
10
10
10
10
10
10
10
10
10
10
10
10
10
10
10
10
10
10
10
10
10
10
10
10
10
10
10
10
10
10
10
10
10
10
10
10
10
10
10
10
10
10
10
10
10
10
10
10
10
10
10
10
10
10
10
10
10
10
10
10
10
10
10
10
10
10
10
10
10
10
10
10
10
10
10
10
10
10
10
10
10
10
10
10
10
10
10
10
10
10
10
10
10
10
10
10
10
10
10
10
10
10
10
10
10
10
10
10
10
10
10
10
10
10
10
10
10
10
10
10
10
10
10
10
10
10
10
10
10
10
10
10
10
10
10
10
10
10
10
10
10
10
10
10
10
10
10
10
10
10
10
10
10
10
10
10
10
10
10
10
10
10
10
10
10
10
10
10
10
10
10
10
10
10
10
10
10
10
10
10
10
10
10
10
10
10
10
10
10
10
10
10
10
10
10
10
10
10
10
10
10
10
10
10
10
10
10
10
10
10
10
10
10
10
10
10
10
10
10
10
10
10
10
10
10
10
10
10
10
10
10
10
10
10
10
10
10
10
10
10
10
10
10
10
10
10
10
10
10
10
10
10
10
10
10
10
10
10
10
10
10
10
10
10
10
10
10
10
10
10
10
10
10
10
10
10
10
10
10
10
10
10
10
10
10
10
10
10
10
10
10
10
10
10
10
10
10
10
10
10
10
10
10
10
10
10
10
10
10
10
10
10
10
10
10
10
10
10
10
10
10
10
10
10
10
10
10
10
10
10
10
10
10
10
10
10
10
10
10
10
10
10
10
10
10
10
10
10
10
10
10
10
10
10
10
10
10
10
10
10
10
10
10
10
10
10
10
10
10
10
10
10
10
10
10
10
10
10
10
10
10
10
10
10
10
10
10
10
10
10
10
10
10
10
10
10
10
10
10
10
10
10
10
10
10
10
10
10
10
10
10
10
10
10
10
10
10
10
10
10
10
10
10
10
10
10
10
10
10
10
10
10
10
10
10
10
10
10
10
10
10
10
10
10
10
10
10
10
10
10
10
10
10
10
10
10
10
10
10
10
10
10
10
10
10
10
10
10
10
10
10
10
10
10
10
10
10
10
10
10
10
10
10
10
10
10
10
10
10
10
10
10
10
10
10
10
10
10
10
10
10
10
10
10
10
10
10
10
10
10
10
10
10
10
10
10
10
10
10
10
10
10
10
10
10
10
10
10
10
10
10
10
10
10
10
10
10
10
10
10
10
10
10
10
10
10
10
10
10
10
10
10
10
10
10
10
10
10
10
10
10
10
10
10
10
10
10
10
10
10
10
10
10
10
10
10
10
10
10
10
10
10
10
10
10
10
10
10
10
10
10
10
10
10
10
10
10
10
10
10
10
10
10
10
10
10
10
10
10
10
10
10
10
10
10
10
10
10
10
10
10
10
10
10
10
10
10
10
10
10
10
10
10
10
10
10
10
10
10
10
10
10
10
10
10
10
10
10
10
10
10
10
10
10
10
10
10
10
10
10
10
10
10
10
10
10
10
10
10
10
10
10
10
10
10
10
10
10
10
10
10
10
10
10
10
10
10
10
10
10
10
10
10
10
10
10
10
10
10
10
10
10
10
10
10
10
10
10
10
10
10
10
10
10
10
10
10
10
10
10
10
10
10
10
10
10
10
10
10
10
10
10
10
10
10
10
10
10
10
10
10
10
10
10
10
10
10
10
10
10
10
10
10
10
10
10
10
10
10
10
10
10
10
10
10
10
10
10
10
10
10
10
10
10
10
10
10
10
10
10
10
10
10
10
10
10
10
10
10
10
10
10
10
10
10
10
10
10
10
10
10
10
10
10
10
10
10
10
10
10
10
10
10
10
10
10
10
10
10
10
10
10
10
10
10
10
10
10
10
10
10
10
10
10
10
10
10
10
10
10
10
10
10
10
10
10
10
10
10
10
10
10
10
10
10
10
10
10
10
10
10
10
10
10
10
10
10
10
10
10
10
10
10
10
10
10
10
10
10
10
10
10
10
10
10
10
10
10
10
10
10
10
10
10
10
10
10
10
10
10
10
10
10
10
10
10
10
10
10
10
10
10
10
10
10
10
10
10
10
10
10
10
10
10
10
10
10
10
10
10
10
10
10
10
10
10
10
10
10
10
10
10
10
10
10
10
10
10
10
10
10
10
10
10
10
10
10
10
10
10
10
10
10
10
10
10
10
10
10
10
10
10
10
10
10
10
10
10
10
10
10
10
10
10
10
10
10
10
10
10
10
10
10
10
10
10
10
10
10
10
10
10
10
10
10
10
10
10
10
10
10
10
10
10
10
10
10
10
10
10
10
10
10
10
10
10
10
10
10
10
10
10
10
10
10
10
10
10
10
10
10
10
10
10
10
10
10
10
10
10
10
10
10
10
10
10
10
10
10
10
10
10
10
10
10
10
10
10
10
10
10
10
10
10
10
10
10
10
10
10
10
10
10
10
10
10
10
10
10
10
10
10
10
10
10
10
10
10
10
10
10
10
10
10
10
10
10
10
10
10
10
10
10
10
10
10
10
10
10
10
10
10
10
10
10
10
10
10
10
10
10
10
10
10
10
10
10
10
10
10
10
10
10
10
10
10
10
10
10
10
10
10
10
10
10
10
10
10
10
10
10
10
10
10
10
10
10
10
10
10
10
10
10
10
10
10
10
10
10
10
10
10
10
10
10
10
10
10
10
10
10
10
10
10
10
10
10
10
10
10
10
10
10
10
10
10
10
10
10
10
10
10
10
10
10
10
10
10
10
10
10
10
10
10
10
10
10
10
10
10
10
10
10
10
10
10
10
10
10
10
10
10
10
10
10
10
10
10
10
10
10
10
10
10
10
10
10
10
10
10
10
10
10
10
10
10
10
10
10
10
10
10
10
10
10
10
10
10
10
10
10
10
10
10
10
10
10
10
10
10
10
10
10
10
10
10
10
10
10
10
10
10
10
10
10
10
10
10
10
10
10
10
10
10
10
10
10
10
10
10
10
10
10
10
10
10
10
10
10
10
10
10
10
10
10
10
10
10
10
10
10
10
10
10
10
10
10
10
10
10
10
10
10
10
10
10
10
10
10
10
10
10
10
10
10
10
10
10
10
10
10
10
10
10
10
10
10
10
10
10
10
10
10
10
10
10
10
10
10
10
10
10
10
10
10
10
10
10
10
10
10
10
10
10
10
10
10
10
10
10
10
10
10
10
10
10
10
10
10
10
10
10
10
10
10
10
10
10
10
10
10
10
10
10
10
10
10
10
10
10
10
10
10
10
10
10
10
10
10
10
10
10
10
10
10
10
10
10
10
10
10
10
10
10
10
10
10
10
10
10
10
10
10
10
10
10
10
10
10
10
10
10
10
10
10
10
10
10
10
10
10
10
10
10
10
10
10
10
10
10
10
10
10
10
10
10
10
10
10
10
10
10
10
10
10
10
10
10
10
10
10
10
10
10
10
10
10
10
10
10
10
10
10
10
10
10
10
10
10
10
10
10
10
10
10
10
10
10
10
10
10
10
10
10
10
10
10
10
10
10
10
10
10
10
10
10
10
10
10
10
10
10
10
10
10
10
10
10
10
10
10
10
10
10
10
10
10
10
10
10
10
10
10
10
10
10
10
10
10
10
10
10
10
10
10
10
10
10
10
10
10
10
10
10
10
10
10
10
10
10
10
10
10
10
10
10
10
10
10
10
10
10
10
10
10
10
10
10
10
10
10
10
10
10
10
10
10
10
10
10
10
10
10
10
10
10
10
10
10
10
10
10
10
10
10
10
10
10
10
10
10
10
10
10
10
10
10
10
10
10
10
10
10
10
10
10
10
10
10
10
10
10
10
10
10
10
10
10
10
10
10
10
10
10
10
10
10
10
10
10
10
10
10
10
10
10
10
10
10
10
10
10
10
10
10
10
10
10
10
10
10
10
10
10
10
10
10
10
10
10
10
10
10
10
10
10
10
10
10
10
10
10
10
10
10
10
10
10
10
10
10
10
10
10
10
10
10
10
10
10
10
10
10
10
10
10
10
10
10
10
10
10
10
10
10
10
10
10
10
10
10
10
10
10
10
10
10
10
10
10
10
10
10
10
10
10
10
10
10
10
10
10
10
10
10
10
10
10
10
10
10
10
10
10
10
10
10
10
10
10
10
10
10
10
10
10
10
10
10
10
10
10
10
10
10
10
10
10
10
10
10
10
10
10
10
10
10
10
10
10
10
10
10
10
10
10
10
10
10
10
10
10
10
10
10
10
10
10
10
10
10
10
10
10
10
10
10
10
10
10
10
10
10
10
10
10
10
10
10
10
10
10
10
10
10
10
10
10
10
10
10
10
10
10
10
10
10
10
10
10
10
10
10
10
10
10
10
10
10
10
10
10
10
10
10
10
10
10
10
10
10
10
10
10
10
10
10
10
10
10
10
10
10
10
10
10
10
10
10
10
10
10
10
10
10
10
10
10
10
10
10
10
10
10
10
10
10
10
10
10
10
10
10
10
10
10
10
10
10
10
10
10
10
10
10
10
10
10
10
10
10
10
10
10
10
10
10
10
10
10
10
10
10
10
10
10
10
10
10
10
10
10
10
10
10
10
10
10
10
10
10
10
10
10
10
10
10
10
10
10
10
10
10
10
10
10
10
10
10
10
10
10
10
10
10
10
10
10
10
10
10
10
10
10
10
10
10
10
10
10
10
10
10
10
10
10
10
10
10
10
10
10
10
10
10
10
10
10
10
10
10
10
10
10
10
10
10
10
10
10
10
10
10
10
10
10
10
10
10
10
10
10
10
10
10
10
10
10
10
10
10
10
10
10
10
10
10
10
10
10
10
10
10
10
10
10
10
10
10
10
10
10
10
10
10
10
10
10
10
10
10
10
10
10
10
10
10
10
10
10
10
10
10
10
10
10
10
10
10
10
10
10
10
10
10
10
10
10
10
10
10
10
10
10
10
10
10
10
10
10
10
10
10
10
10
10
10
10
10
10
10
10
10
10
10
10
10
10
10
10
10
10
10
10
10
10
10
10
10
10
10
10
10
10
10
10
10
10
10
10
10
10
10
10
10
10
10
10
10
10
10
10
10
10
10
10
10
10
10
10
10
10
10
10
10
10
10
10
10
10
10
10
10
10
10
10
10
10
10
10
10
10
10
10
10
10
10
10
10
10
10
10
10
10
10
10
10
10
10
10
10
10
10
10
10
10
10
10
10
10
10
10
10
10
10
10
10
10
10
10
10
10
10
10
10
10
10
10
10
10
10
10
10
10
10
10
10
10
10
10
10
10
10
10
10
10
10
10
10
10
10
10
10
10
10
10
10
10
10
10
10
10
10
10
10
10
10
10
10
10
10
10
10
10
10
10
10
10
10
10
10
10
10
10
10
10
10
10
10
10
10
10
10
10
10
10
10
10
10
10
10
10
10
10
10
10
10
10
10
10
10
10
10
10
10
10
10
10
10
10
10
10
10
10
10
10
10
10
10
10
10
10
10
10
10
10
10
10
10
10
10
10
10
10
10
10
10
10
10
10
10
10
10
10
10
10
10
10
10
10
10
10
10
10
10
10
10
10
10
10
10
10
10
10
10
10
10
10
10
10
10
10
10
10
10
10
10
10
10
10
10
10
10
10
10
10
10
10
10
10
10
10
10
10
10
10
10
10
10
10
10
10
10
10
10
10
10
10
10
10
10
10
10
10
10
10
10
10
10
10
10
10
10
10
10
10
10
10
10
10
10
10
10
10
10
10
10
10
10
10
10
10
10
10
10
10
10
10
10
10
10
10
10
10
10
10
10
10
10
10
10
10
10
10
10
10
10
10
10
10
10
10
10
10
10
10
10
10
10
10
10
10
10
10
10
10
10
10
10
10
10
10
10
10
10
10
10
10
10
10
10
10
10
10
10
10
10
10
10
10
10
10
10
10
10
10
10
10
10
10
10
10
10
10
10
10
10
10
10
10
10
10
10
10
10
10
10
10
10
10
10
10
10
10
10
10
10
10
10
10
10
10
10
10
10
10
10
10
10
10
10
10
10
10
10
10
10
10
10
10
10
10
10
10
10
10
10
10
10
10
10
10
10
10
10
10
10
10
10
10
10
10
10
10
10
10
10
10
10
10
10
10
10
10
10
10
10
10
10
10
10
10
10
10
10
10
10
10
10
10
10
10
10
10
10
10
10
10
10
10
10
10
10
10
10
10
10
10
10
10
10
10
10
10
10
10
10
10
10
10
10
10
10
10
10
10
10
10
10
10
10
10
10
10
10
10
10
10
10
10
10
10
10
10
10
10
10
10
10
10
10
10
10
10
10
10
10
10
10
10
10
10
10
10
10
10
10
10
10
10
10
10
10
10
10
10
10
10
10
10
10
10
10
10
10
10
10
10
10
10
10
10
10
10
10
10
10
10
10
10
10
10
10
10
10
10
10
10
10
10
10
10
10
10
10
10
10
10
10
10
10
10
10
10
10
10
10
10
10
10
10
10
10
10
10
10
10
10
10
10
10
10
10
10
10
10
10
10
10
10
10
10
10
10
10
10
10
10
10
10
10
10
10
10
10
10
10
10
10
10
10
10
10
10
10
10
10
10
10
10
10
10
10
10
10
10
10
10
10
10
10
10
10
10
10
10
10
10
10
10
10
10
10
10
10
10
10
10
10
10
10
10
10
10
10
10
10
10
10
10
10
10
10
10
10
10
10
10
10
10
10
10
10
10
10
10
10
10
10
10
10
10
10
10
10
10
10
10
10
10
10
10
10
10
10
10
10
10
10
10
10
10
10
10
10
10
10
10
10
10
10
10
10
10
10
10
10
10
10
10
10
10
10
10
10
10
10
10
10
10
10
10
10
10
10
10
10
10
10
10
10
10
10
10
10
10
10
10
10
10
10
10
10
10
10
10
10
10
10
10
10
10
10
10
10
10
10
10
10
10
10
10
10
10
10
10
10
10
10
10
10
10
10
10
10
10
10
10
10
10
10
10
10
10
10
10
10
10
10
10
10
10
10
10
10
10
10
10
10
10
10
10
10
10
10
10
10
10
10
10
10
10
10
10
10
10
10
10
10
10
10
10
10
10
10
10
10
10
10
10
10
10
10
10
10
10
10
10
10
10
10
10
10
10
10
10
10
10
10
10
10
10
10
10
10
10
10
10
10
10
10
10
10
10
10
10
10
10
10
10
10
10
10
10
10
10
10
10
10
10
10
10
10
10
10
10
10
10
10
10
10
10
10
10
10
10
10
10
10
10
10
10
10
10
10
10
10
10
10
10
10
10
10
10
10
10
10
10
10
10
10
10
10
10
10
10
10
10
10
10
10
10
10
10
10
10
10
10
10
10
10
10
10
10
10
10
10
10
10
10
10
10
10
10
10
10
10
10
10
10
10
10
10
10
10
10
10
10
10
10
10
10
10
10
10
10
10
10
10
10
10
10
10
10
10
10
10
10
10
10
10
10
10
10
10
10
10
10
10
10
10
10
10
10
10
10
10
10
10
10
10
10
10
10
10
10
10
10
10
10
10
10
10
10
10
10
10
10
10
10
10
10
10
10
10
10
10
10
10
10
10
10
10
10
10
10
10
10
10
10
10
10
10
10
10
10
10
10
10
10
10
10
10
10
10
10
10
10
10
10
10
10
10
10
10
10
10
10
10
10
10
10
10
10
10
10
10
10
10
10
10
10
10
10
10
10
10
10
10
10
10
10
10
10
10
10
10
10
10
10
10
10
10
10
10
10
10
10
10
10
10
10
10
10
10
10
10
10
10
10
10
10
10
10
10
10
10
10
10
10
10
10
10
10
10
10
10
10
10
10
10
10
10
10
10
10
10
10
10
10
10
10
10
10
10
10
10
10
10
10
10
10
10
10
10
10
10
10
10
10
10
10
10
10
10
10
10
10
10
10
10
10
10
10
10
10
10
10
10
10
10
10
10
10
10
10
10
10
10
10
10
10
10
10
10
10
10
10
10
10
10
10
10
10
10
10
10
10
10
10
10
10
10
10
10
10
10
10
10
10
10
10
10
10
10
10
10
10
10
10
10
10
10
10
10
10
10
10
10
10
10
10
10
10
10
10
10
10
10
10
10
10
10
10
10
10
10
10
10
10
10
10
10
10
10
10
10
10
10
10
10
10
10
10
10
10
10
10
10
10
10
10
10
10
10
10
10
10
10
10
10
10
10
10
10
10
10
10
10
10
10
10
10
10
10
10
10
10
10
10
10
10
10
10
10
10
10
10
10
10
10
10
10
10
10
10
10
10
10
10
10
10
10
10
10
10
10
10
10
10
10
10
10
10
10
10
10
10
10
10
10
10
10
10
10
10
10
10
10
10
10
10
10
10
10
10
10
10
10
10
10
10
10
10
10
10
10
10
10
10
10
10
10
10
10
10
10
10
10
10
10
10
10
10
10
10
10
10
10
10
10
10
10
10
10
10
10
10
10
10
10
10
10
10
10
10
10
10
10
10
10
10
10
10
10
10
10
10
10
10
10
10
10
10
10
10
10
10
10
10
10
10
10
10
10
10
10
10
10
10
10
10
10
10
10
10
10
10
10
10
10
10
10
10
10
10
10
10
10
10
10
10
10
10
10
10
10
10
10
10
10
10
10
10
10
10
10
10
10
10
10
10
10
10
10
10
10
10
10
10
10
10
10
10
10
10
10
10
10
10
10
10
10
10
10
10
10
10
10
10
10
10
10
10
10
10
10
10
10
10
10
10
10
10
10
10
10
10
10
10
10
10
10
10
10
10
10
10
10
10
10
10
10
10
10
10
10
10
10
10
10
10
10
10
10
10
10
10
10
10
10
10
10
10
10
10
10
10
10
10
10
10
10
10
10
10
10
10
10
10
10
10
10
10
10
10
10
10
10
10
10
10
10
10
10
10
10
10
10
10
10
10
10
10
10
10
10
10
10
10
10
10
10
10
10
10
10
10
10
10
10
10
10
10
10
10
10
10
10
10
10
10
10
10
10
10
10
10
10
10
10
10
10
10
10
10
10
10
10
10
10
10
10
10
10
10
10
10
10
10
10
10
10
10
10
10
10
10
10
10
10
10
10
10
10
10
10
10
10
10
10
10
10
10
10
10
10
10
10
10
10
10
10
10
10
10
10
10
10
10
10
10
10
10
10
10
10
10
10
10
10
10
10
10
10
10
10
10
10
10
10
10
10
10
10
10
10
10
10
10
10
10
10
10
10
10
10
10
10
10
10
10
10
10
10
10
10
10
10
10
10
10
10
10
10
10
10
10
10
10
10
10
10
10
10
10
10
10
10
10
10
10
10
10
10
10
10
10
10
10
10
10
10
10
10
10
10
10
10
10
10
10
10
10
10
10
10
10
10
10
10
10
10
10
10
10
10
10
10
10
10
10
10
10
10
10
10
10
10
10
10
10
10
10
10
10
10
10
10
10
10
10
10
10
10
10
10
10
10
10
10
10
10
10
10
10
10
10
10
10
10
10
10
10
10
10
10
10
10
10
10
10
10
10
10
10
10
10
10
10
10
10
10
10
10
10
10
10
10
10
10
10
10
10
10
10
10
10
10
10
10
10
10
10
10
10
10
10
10
10
10
10
10
10
10
10
10
10
10
10
10
10
10
10
10
10
10
10
10
10
10
10
10
10
10
10
10
10
10
10
10
10
10
10
10
10
10
10
10
10
10
10
10
10
10
10
10
10
10
10
10
10
10
10
10
10
10
10
10
10
10
10
10
10
10
10
10
10
10
10
10
10
10
10
10
10
10
10
10
10
10
10
10
10
10
10
10
10
10
10
10
10
10
10
10
10
10
10
10
10
10
10
10
10
10
10
10
10
10
10
10
10
10
10
10
10
10
10
10
10
10
10
10
10
10
10
10
10
10
10
10
10
10
10
10
10
10
10
10
10
10
10
10
10
10
10
10
10
10
10
10
10
10
10
10
10
10
10
10
10
10
10
10
10
10
10
10
10
10
10
10
10
10
10
10
10
10
10
10
10
10
10
10
10
10
10
10
10
10
10
10
10
10
10
10
10
10
10
10
10
10
10
10
10
10
10
10
10
10
10
10
10
10
10
10
10
10
10
10
10
10
10
10
10
10
10
10
10
10
10
10
10
10
10
10
10
10
10
10
10
10
10
10
10
10
10
10
10
10
10
10
10
10
10
10
10
10
10
10
10
10
10
10
10
10
10
10
10
10
10
10
10
10
10
10
10
10
10
10
10
10
10
10
10
10
10
10
10
10
10
10
10
10
10
10
10
10
10
10
10
10
10
10
10
10
10
10
10
10
10
10
10
10
10
10
10
10
10
10
10
10
10
10
10
10
10
10
10
10
10
10
10
10
10
10
10
10
10
10
10
10
10
10
10
10
10
10
10
10
10
10
10
10
10
10
10
10
10
10
10
10
10
10
10
10
10
10
10
10
10
10
10
10
10
10
10
10
10
10
10
10
10
10
10
10
10
10
10
10
10
10
10
10
10
10
10
10
10
10
10
10
10
10
10
10
10
10
10
10
10
10
10
10
10
10
10
10
10
10
10
10
10
10
10
10
10
10
10
10
10
10
10
10
10
10
10
10
10
10
10
10
10
10
10
10
10
10
10
10
10
10
10
10
10
10
10
10
10
10
10
10
10
10
10
10
10
10
10
10
10
10
10
10
10
10
10
10
10
10
10
10
10
10
10
10
10
10
10
10
10
10
10
10
10
10
10
10
10
10
10
10
10
10
10
10
10
10
10
10
10
10
10
10
10
10
10
10
10
10
10
10
10
10
10
10
10
10
10
10
10
10
10
10
10
10
10
10
10
10
10
10
10
10
10
10
10
10
10
10
10
10
10
10
10
10
10
10
10
10
10
10
10
10
10
10
10
10
10
10
10
10
10
10
10
10
10
10
10
10
10
10
10
10
10
10
10
10
10
10
10
10
10
10
10
10
10
10
10
10
10
10
10
10
10
10
10
10
10
10
10
10
10
10
10
10
10
10
10
10
10
10
10
10
10
10
10
10
10
10
10
10
10
10
10
10
10
10
10
10
10
10
10
10
10
10
10
10
10
10
10
10
10
10
10
10
10
10
10
10
10
10
10
10
10
10
10
10
10
10
10
10
10
10
10
10
10
10
10
10
10
10
10
10
10
10
10
10
10
10
10
10
10
10
10
10
10
10
10
10
10
10
10
10
10
10
10
10
10
10
10
10
10
10
10
10
10
10
10
10
10
10
10
10
10
10
10
10
10
10
10
10
10
10
10
10
10
10
10
10
10
10
10
10
10
10
10
10
10
10
10
10
10
10
10
10
10
10
10
10
10
10
10
10
10
10
10
10
10
10
10
10
10
10
10
10
10
10
10
10
10
10
10
10
10
10
10
10
10
10
10
10
10
10
10
10
10
10
10
10
10
10
10
10
10
10
10
10
10
10
10
10
10
10
10
10
10
10
10
10
10
10
10
10
10
10
10
10
10
10
10
10
10
10
10
10
10
10
10
10
10
10
10
10
10
10
10
10
10
10
10
10
10
10
10
10
10
10
10
10
10
10
10
10
10
10
10
10
10
10
10
10
10
10
10
10
10
10
10
10
10
10
10
10
10
10
10
10
10
10
10
10
10
10
10
10
10
10
10
10
10
10
10
10
10
10
10
10
10
10
10
10
10
10
10
10
10
10
10
10
10
10
10
10
10
10
10
10
10
10
10
10
10
10
10
10
10
10
10
10
10
10
10
10
10
10
10
10
10
10
10
10
10
10
10
10
10
10
10
10
10
10
10
10
10
10
10
10
10
10
10
10
10
10
10
10
10
10
10
10
10
10
10
10
10
10
10
10
10
10
10
10
10
10
10
10
10
10
10
10
10
10
10
10
10
10
10
10
10
10
10
10
10
10
10
10
10
10
10
10
10
10
10
10
10
10
10
10
10
10
10
10
10
10
10
10
10
10
10
10
10
10
10
10
10
10
10
10
10
10
10
10
10
10
10
10
10
10
10
10
10
10
10
10
10
10
10
10
10
10
10
10
10
10
10
10
10
10
10
10
10
10
10
10
10
10
10
10
10
10
10
10
10
10
10
10
10
10
10
10
10
10
10
10
10
10
10
10
10
10
10
10
10
10
10
10
10
10
10
10
10
10
10
10
10
10
10
10
10
10
10
10
10
10
10
10
10
10
10
10
10
10
10
10
10
10
10
10
10
10
10
10
10
10
10
10
10
10
10
10
10
10
10
10
10
10
10
10
10
10
10
10
10
10
10
10
10
10
10
10
10
10
10
10
10
10
10
10
10
10
10
10
10
10
10
10
10
10
10
10
10
10
10
10
10
10
10
10
10
10
10
10
10
10
10
10
10
10
10
10
10
10
10
10
10
10
10
10
10
10
10
10
10
10
10
10
10
10
10
10
10
10
10
10
10
10
10
10
10
10
10
10
10
10
10
10
10
10
10
10
10
10
10
10
10
10
10
10
10
10
10
10
10
10
10
10
10
10
10
10
10
10
10
10
10
10
10
10
10
10
10
10
10
10
10
10
10
10
10
10
10
10
10
10
10
10
10
10
10
10
10
10
10
10
10
10
10
10
10
10
10
10
10
10
10
10
10
10
10
10
10
10
10
10
10
10
10
10
10
10
10
10
10
10
10
10
10
10
10
10
10
10
10
10
10
10
10
10
10
10
10
10
10
10
10
10
10
10
10
10
10
10
10
10
10
10
10
10
10
10
10
10
10
10
10
10
10
10
10
10
10
10
10
10
10
10
10
10
10
10
10
10
10
10
10
10
10
10
10
10
10
10
10
10
10
10
10
10
10
10
10
10
10
10
10
10
10
10
10
10
10
10
10
10
10
10
10
10
10
10
10
10
10
10
10
10
10
10
10
10
10
10
10
10
10
10
10
10
10
10
10
10
10
10
10
10
10
10
10
10
10
10
10
10
10
10
10
10
10
10
10
10
10
10
10
10
10
10
10
10
10
10
10
10
10
10
10
10
10
10
10
10
10
10
10
10
10
10
10
10
10
10
10
10
10
10
10
10
10
10
10
10
10
10
10
10
10
10
10
10
10
10
10
10
10
10
10
10
10
10
10
10
10
10
10
10
10
10
10
10
10
10
10
10
10
10
10
10
10
10
10
10
10
10
10
10
10
10
10
10
10
10
10
10
10
10
10
10
10
10
10
10
10
10
10
10
10
10
10
10
10
10
10
10
10
10
10
10
10
10
10
10
10
10
10
10
10
10
10
10
10
10
10
10
10
10
10
10
10
10
10
10
10
10
10
10
10
10
10
10
10
10
10
10
10
10
10
10
10
10
10
10
10
10
10
10
10
10
10
10
10
10
10
10
10
10
10
10
10
10
10
10
10
10
10
10
10
10
10
10
10
10
10
10
10
10
10
10
10
10
10
10
10
10
10
10
10
10
10
10
10
10
10
10
10
10
10
10
10
10
10
10
10
10
10
10
10
10
10
10
10
10
10
10
10
10
10
10
10
10
10
10
10
10
10
10
10
10
10
10
10
10
10
10
10
10
10
10
10
10
10
10
10
10
10
10
10
10
10
10
10
10
10
10
10
10
10
10
10
10
10
10
10
10
10
10
10
10
10
10
10
10
10
10
10
10
10
10
10
10
10
10
10
10
10
10
10
10
10
10
10
10
10
10
10
10
10
10
10
10
10
10
10
10
10
10
10
10
10
10
10
10
10
10
10
10
10
10
10
10
10
10
10
10
10
10
10
10
10
10
10
10
10
10
10
10
10
10
10
10
10
10
10
10
10
10
10
10
10
10
10
10
10
10
10
10
10
10
10
10
10
10
10
10
10
10
10
10
10
10
10
10
10
10
10
10
10
10
10
10
10
10
10
10
10
10
10
10
10
10
10
10
10
10
10
10
10
10
10
10
10
10
10
10
10
10
10
10
10
10
10
10
10
10
10
10
10
10
10
10
10
10
10
10
10
10
10
10
10
10
10
10
10
10
10
10
10
10
10
10
10
10
10
10
10
10
10
10
10
10
10
10
10
10
10
10
10
10
10
10
10
10
10
10
10
10
10
10
10
10
10
10
10
10
10
10
10
10
10
10
10
10
10
10
10
10
10
10
10
10
10
10
10
10
10
10
10
10
10
10
10
10
10
10
10
10
10
10
10
10
10
10
10
10
10
10
10
10
10
10
10
10
10
10
10
10
10
10
10
10
10
10
10
10
10
10
10
10
10
10
10
10
10
10
10
10
10
10
10
10
10
10
10
10
10
10
10
10
10
10
10
10
10
10
10
10
10
10
10
10
10
10
10
10
10
10
10
10
10
10
10
10
10
10
10
10
10
10
10
10
10
10
10
10
10
10
10
10
10
10
10
10
10
10
10
10
10
10
10
10
10
10
10
10
10
10
10
10
10
10
10
10
10
10
10
10
10
10
10
10
10
10
10
10
10
10
10
10
10
10
10
10
10
10
10
10
10
10
10
10
10
10
10
10
10
10
10
10
10
10
10
10
10
10
10
10
10
10
10
10
10
10
10
10
10
10
10
10
10
10
10
10
10
10
10
10
10
10
10
10
10
10
10
10
10
10
10
10
10
10
10
10
10
10
10
10
10
10
10
10
10
10
10
10
10
10
10
10
10
10
10
10
10
10
10
10
10
10
10
10
10
10
10
10
10
10
10
10
10
10
10
10
10
10
10
10
10
10
10
10
10
10
10
10
10
10
10
10
10
10
10
10
10
10
10
10
10
10
10
10
10
10
10
10
10
10
10
10
10
10
10
10
10
10
10
10
10
10
10
10
10
10
10
10
10
10
10
10
10
10
10
10
10
10
10
10
10
10
10
10
10
10
10
10
10
10
10
10
10
10
10
10
10
10
10
10
10
10
10
10
10
10
10
10
10
10
10
10
10
10
10
10
10
10
10
10
10
10
10
10
10
10
10
10
10
10
10
10
10
10
10
10
10
10
10
10
10
10
10
10
10
10
10
10
10
10
10
10
10
10
10
10
10
10
10
10
10
10
10
10
10
10
10
10
10
10
10
10
10
10
10
10
10
10
10
10
10
10
10
10
10
10
10
10
10
10
10
10
10
10
10
10
10
10
10
10
10
10
10
10
10
10
10
10
10
10
10
10
10
10
10
10
10
10
10
10
10
10
10
10
10
10
10
10
10
10
10
10
10
10
10
10
10
10
10
10
10
10
10
10
10
10
10
10
10
10
10
10
10
10
10
10
10
10
10
10
10
10
10
10
10
10
10
10
10
10
10
10
10
10
10
10
10
10
10
10
10
10
10
10
10
10
10
10
10
10
10
10
10
10
10
10
10
10
10
10
10
10
10
10
10
10
10
10
10
10
10
10
10
10
10
10
10
10
10
10
10
10
10
10
10
10
10
10
10
10
10
10
10
10
10
10
10
10
10
10
10
10
10
10
10
10
10
10
10
10
10
10
10
10
10
10
10
10
10
10
10
10
10
10
10
10
10
10
10
10
10
10
10
10
10
10
10
10
10
10
10
10
10
10
10
10
10
10
10
10
10
10
10
10
10
10
10
10
10
10
10
10
10
10
10
10
10
10
10
10
10
10
10
10
10
10
10
10
10
10
10
10
10
10
10
10
10
10
10
10
10
10
10
10
10
10
10
10
10
10
10
10
10
10
10
10
10
10
10
10
10
10
10
10
10
10
10
10
10
10
10
10
10
10
10
10
10
10
10
10
10
10
10
10
10
10
10
10
10
10
10
10
10
10
10
10
10
10
10
10
10
10
10
10
10
10
10
10
10
10
10
10
10
10
10
10
10
10
10
10
10
10
10
10
10
10
10
10
10
10
10
10
10
10
10
10
10
10
10
10
10
10
10
10
10
10
10
10
10
10
10
10
10
10
10
10
10
10
10
10
10
10
10
10
10
10
10
10
10
10
10
10
10
10
10
10
10
10
10
10
10
10
10
10
10
10
10
10
10
10
10
10
10
10
10
10
10
10
10
10
10
10
10
10
10
10
10
10
10
10
10
10
10
10
10
10
10
10
10
10
10
10
10
10
10
10
10
10
10
10
10
10
10
10
10
10
10
10
10
10
10
10
10
10
10
10
10
10
10
10
10
10
10
10
10
10
10
10
10
10
10
10
10
10
10
10
10
10
10
10
10
10
10
10
10
10
10
10
10
10
10
10
10
10
10
10
10
10
10
10
10
10
10
10
10
10
10
10
10
10
10
10
10
10
10
10
10
10
10
10
10
10
10
10
10
10
10
10
10
10
10
10
10
10
10
10
10
10
10
10
10
10
10
10
10
10
10
10
10
10
10
10
10
10
10
10
10
10
10
10
10
10
10
10
10
10
10
10
10
10
10
10
10
10
10
10
10
10
10
10
10
10
10
10
10
10
10
10
10
10
10
10
10
10
10
10
10
10
10
10
10
10
10
10
10
10
10
10
10
10
10
10
10
10
10
10
10
10
10
10
10
10
10
10
10
10
10
10
10
10
10
10
10
10
10
10
10
10
10
10
10
10
10
10
10
10
10
10
10
10
10
10
10
10
10
10
10
10
10
10
10
10
10
10
10
10
10
10
10
10
10
10
10
10
10
10
10
10
10
10
10
10
10
10
10
10
10
10
10
10
10
10
10
10
10
10
10
10
10
10
10
10
10
10
10
10
10
10
10
10
10
10
10
10
10
10
10
10
10
10
10
10
10
10
10
10
10
10
10
10
10
10
10
10
10
10
10
10
10
10
10
10
10
10
10
10
10
10
10
10
10
10
10
10
10
10
10
10
10
10
10
10
10
10
10
10
10
10
10
10
10
10
10
10
10
10
10
10
10
10
10
10
10
10
10
10
10
10
10
10
10
10
10
10
10
10
10
10
10
10
10
10
10
10
10
10
10
10
10
10
10
10
10
10
10
10
10
10
10
10
10
10
10
10
10
10
10
10
10
10
10
10
10
10
10
10
10
10
10
10
10
10
10
10
10
10
10
10
10
10
10
10
10
10
10
10
10
10
10
10
10
10
10
10
10
10
10
10
10
10
10
10
10
10
10
10
10
10
10
10
10
10
10
10
10
10
10
10
10
10
10
10
10
10
10
10
10
10
10
10
10
10
10
10
10
10
10
10
10
10
10
10
10
10
10
10
10
10
10
10
10
10
10
10
10
10
10
10
10
10
10
10
10
10
10
10
10
10
10
10
10
10
10
10
10
10
10
10
10
10
10
10
10
10
10
10
10
10
10
10
10
10
10
10
10
10
10
10
10
10
10
10
10
10
10
10
10
10
10
10
10
10
10
10
10
10
10
10
10
10
10
10
10
10
10
10
10
10
10
10
10
10
10
10
10
10
10
10
10
10
10
10
10
10
10
10
10
10
10
10
10
10
10
10
10
10
10
10
10
10
10
10
10
10
10
10
10
10
10
10
10
10
10
10
10
10
10
10
10
10
10
10
10
10
10
10
10
10
10
10
10
10
10
10
10
10
10
10
10
10
10
10
10
10
10
10
10
10
10
10
10
10
10
10
10
10
10
10
10
10
10
10
10
10
10
10
10
10
10
10
10
10
10
10
10
10
10
10
10
10
10
10
10
10
10
10
10
10
10
10
10
10
10
10
10
10
10
10
10
10
10
10
10
10
10
10
10
10
10
10
10
10
10
10
10
10
10
10
10
10
10
10
10
10
10
10
10
10
10
10
10
10
10
10
10
10
10
10
10
10
10
10
10
10
10
10
10
10
10
10
10
10
10
10
10
10
10
10
10
10
10
10
10
10
10
10
10
10
10
10
10
10
10
10
10
10
10
10
10
10
10
10
10
10
10
10
10
10
10
10
10
10
10
10
10
10
10
10
10
10
10
10
10
10
10
10
10
10
10
10
10
10
10
10
10
10
10
10
10
10
10
10
10
10
10
10
10
10
10
10
10
10
10
10
10
10
10
10
10
10
10
10
10
10
10
10
10
10
10
10
10
10
10
10
10
10
10
10
10
10
10
10
10
10
10
10
10
10
10
10
10
10
10
10
10
10
10
10
10
10
10
10
10
10
10
10
10
10
10
10
10
10
10
10
10
10
10
10
10
10
10
10
10
10
10
10
10
10
10
10
10
10
10
10
10
10
10
10
10
10
10
10
10
10
10
